bank_id,scenario_id,actual_condition,predicted_condition,prob_healthy,prob_stressed,prob_critical
BANK_001,SCN_0001,Healthy,Healthy,0.9942145827818656,0.005784528304666725,8.889134675997026e-07
BANK_002,SCN_0001,Healthy,Stressed,0.38205991128085964,0.6144532081010318,0.0034868806181085534
BANK_003,SCN_0001,Healthy,Stressed,0.35897109923534065,0.6353191476026773,0.0057097531619820984
BANK_004,SCN_0001,Stressed,Healthy,0.8938643563363167,0.10604960937687333,8.603428681000264e-05
BANK_005,SCN_0001,Healthy,Healthy,0.9991879427974537,0.000812056718950186,4.83596085265318e-10
BANK_006,SCN_0001,Stressed,Stressed,0.00766413807080178,0.9873638853152034,0.004971976613994909
BANK_007,SCN_0001,Healthy,Healthy,0.9987481555020175,0.0012518383422835619,6.155698931501107e-09
BANK_008,SCN_0001,Stressed,Stressed,0.04458931767261581,0.948483933484639,0.006926748842745298
BANK_009,SCN_0001,Healthy,Healthy,0.6151296371485852,0.3839880003425933,0.0008823625088214608
BANK_010,SCN_0001,Stressed,Stressed,0.04542279137542985,0.8480994721483388,0.1064777364762313
BANK_011,SCN_0001,Healthy,Healthy,0.9361039556376701,0.06387222072859627,2.3823633733639312e-05
BANK_012,SCN_0001,Healthy,Healthy,0.9976255734405597,0.0023744237985693097,2.7608708987495052e-09
BANK_013,SCN_0001,Critical,Critical,3.116478070471477e-10,0.0005487111713913636,0.9994512885169607
BANK_014,SCN_0001,Stressed,Stressed,0.05575360516590295,0.8853124023183189,0.05893399251577809
BANK_015,SCN_0001,Stressed,Critical,1.4905434844529985e-05,0.4087847388930735,0.591200355672082
BANK_016,SCN_0001,Healthy,Healthy,0.9967252015662684,0.0032747877630726367,1.0670658958885083e-08
BANK_017,SCN_0001,Stressed,Stressed,0.0055236119346088125,0.6946712423610885,0.29980514570430283
BANK_018,SCN_0001,Stressed,Healthy,0.6420918356172138,0.3578911947001077,1.6969682678461646e-05
BANK_019,SCN_0001,Critical,Critical,6.530573975239093e-09,0.00024689509805664946,0.9997530983713694
BANK_020,SCN_0001,Critical,Critical,9.958841224342664e-06,0.02979478116139602,0.9701952599973798
BANK_021,SCN_0001,Critical,Critical,0.006220997521524757,0.4831916529354312,0.5105873495430441
BANK_022,SCN_0001,Critical,Critical,3.573735560139455e-06,0.028094859565983205,0.9719015666984568
BANK_023,SCN_0001,Healthy,Healthy,0.9648320653865194,0.03516691226706537,1.0223464151102977e-06
BANK_024,SCN_0001,Stressed,Stressed,0.04845458710256518,0.9436586345472866,0.007886778350148152
BANK_025,SCN_0001,Stressed,Stressed,0.12094337145249304,0.8540812891077673,0.02497533943973974
BANK_026,SCN_0001,Healthy,Healthy,0.5918136896967665,0.40737102128396285,0.0008152890192707588
BANK_027,SCN_0001,Healthy,Healthy,0.6649994520511434,0.331277691451405,0.0037228564974515397
BANK_028,SCN_0001,Critical,Critical,0.007348873066868599,0.4692808124478208,0.5233703144853106
BANK_029,SCN_0001,Stressed,Stressed,0.0006741211068765566,0.7561033575730867,0.2432225213200368
BANK_030,SCN_0001,Critical,Critical,4.5423902307340476e-11,0.0003606159124343165,0.9996393840421418
BANK_031,SCN_0001,Healthy,Healthy,0.9996920355113076,0.00030796426923561485,2.194568667641725e-10
BANK_032,SCN_0001,Healthy,Stressed,0.347636364489066,0.6521302483444523,0.00023338716648158041
BANK_033,SCN_0001,Critical,Stressed,0.0012892890429989368,0.600434407087546,0.3982763038694549
BANK_034,SCN_0001,Stressed,Stressed,0.012951668300576443,0.9605920362664077,0.02645629543301588
BANK_035,SCN_0001,Healthy,Healthy,0.9999178465253451,8.215309980827175e-05,3.7484668167543365e-10
BANK_036,SCN_0001,Stressed,Healthy,0.8633072457398677,0.13653433678572038,0.00015841747441187662
BANK_037,SCN_0001,Stressed,Stressed,0.11946678642495705,0.8280669500981084,0.05246626347693463
BANK_038,SCN_0001,Stressed,Stressed,0.3162317663426881,0.6776343515874438,0.006133882069868116
BANK_039,SCN_0001,Healthy,Healthy,0.9701718786701476,0.02982773265609706,3.8867375516457635e-07
BANK_040,SCN_0001,Healthy,Healthy,0.8015341169536441,0.1984379612637142,2.7921782641711187e-05
BANK_001,SCN_0003,Healthy,Healthy,0.9994546481989484,0.0005453494618950879,2.33915668966427e-09
BANK_002,SCN_0003,Healthy,Healthy,0.9854823436345255,0.01451607228159626,1.5840838782404036e-06
BANK_003,SCN_0003,Healthy,Healthy,0.9818761176562587,0.018120681806840316,3.2005369009781025e-06
BANK_004,SCN_0003,Healthy,Healthy,0.9993272762911487,0.0006727140233240944,9.68552721327731e-09
BANK_005,SCN_0003,Healthy,Healthy,0.9999927001805017,7.299819415064515e-06,8.33240574871737e-14
BANK_006,SCN_0003,Stressed,Stressed,0.1848365359783857,0.8150667074091367,9.675661247760426e-05
BANK_007,SCN_0003,Healthy,Healthy,0.999943075581326,5.692441175491956e-05,6.91909601865023e-12
BANK_008,SCN_0003,Stressed,Stressed,0.398985938839374,0.6008972098132144,0.00011685134741163899
BANK_009,SCN_0003,Healthy,Healthy,0.9639860504952,0.03601180724906974,2.1422557304134583e-06
BANK_010,SCN_0003,Stressed,Healthy,0.6045469993903734,0.39428206892916934,0.001170931680457271
BANK_011,SCN_0003,Healthy,Healthy,0.9997686705297799,0.00023132806549282264,1.4047272601460916e-09
BANK_012,SCN_0003,Healthy,Healthy,0.9999654145587765,3.4585440388060324e-05,8.355230536100208e-13
BANK_013,SCN_0003,Critical,Critical,1.1985309338690546e-07,0.019359756271064878,0.9806401238758419
BANK_014,SCN_0003,Healthy,Healthy,0.5806070252470533,0.4187040161335125,0.0006889586194340084
BANK_015,SCN_0003,Stressed,Stressed,0.0042941110635453346,0.9692291388469094,0.02647675008954519
BANK_016,SCN_0003,Healthy,Healthy,0.9999728662698728,2.713372845603128e-05,1.6709708427884942e-12
BANK_017,SCN_0003,Healthy,Stressed,0.29739728016547906,0.6960967052006446,0.006506014633876361
BANK_018,SCN_0003,Healthy,Healthy,0.9947150840822249,0.005284911066594438,4.85118083373237e-09
BANK_019,SCN_0003,Critical,Critical,4.6674638388105175e-06,0.009599944724810914,0.9903953878113503
BANK_020,SCN_0003,Stressed,Stressed,0.004977893310143995,0.5591216019235313,0.4359005047663247
BANK_021,SCN_0003,Stressed,Stressed,0.1324492611288447,0.8432348046883231,0.02431593418283216
BANK_022,SCN_0003,Stressed,Stressed,0.0008161707609879638,0.5148638573972532,0.48431997184175885
BANK_023,SCN_0003,Healthy,Healthy,0.9997704254406705,0.00022957443878814145,1.205411413582795e-10
BANK_024,SCN_0003,Healthy,Healthy,0.9440794034654127,0.05591312625564167,7.470278945514434e-06
BANK_025,SCN_0003,Healthy,Healthy,0.9365583772756263,0.06340569373494771,3.592898942587539e-05
BANK_026,SCN_0003,Healthy,Healthy,0.95942688243555,0.04057100630979802,2.1112546520458574e-06
BANK_027,SCN_0003,Healthy,Healthy,0.9959684321340605,0.004030714137944886,8.537279947264829e-07
BANK_028,SCN_0003,Stressed,Stressed,0.2607017169410646,0.71962379109074,0.019674491968195384
BANK_029,SCN_0003,Stressed,Stressed,0.08735678734885041,0.9070224115917567,0.005620801059392914
BANK_030,SCN_0003,Critical,Critical,3.929769692173464e-07,0.019592545538285083,0.9804070614847458
BANK_031,SCN_0003,Healthy,Healthy,0.9999970635815497,2.936418409778614e-06,4.0509217431373785e-14
BANK_032,SCN_0003,Healthy,Healthy,0.8747120870619821,0.12528670379875134,1.2091392665119523e-06
BANK_033,SCN_0003,Stressed,Stressed,0.18194521291398377,0.8076831575403176,0.010371629545698704
BANK_034,SCN_0003,Healthy,Healthy,0.5853415821607229,0.414437390915444,0.00022102692383316926
BANK_035,SCN_0003,Healthy,Healthy,0.999994821621233,5.178378149914448e-06,6.170116243653626e-13
BANK_036,SCN_0003,Healthy,Healthy,0.9901299752536983,0.009869725701572655,2.990447290911814e-07
BANK_037,SCN_0003,Healthy,Healthy,0.6054330755391464,0.39387026817853915,0.0006966562823144752
BANK_038,SCN_0003,Healthy,Healthy,0.8944600088680251,0.10551560867011597,2.438246185880757e-05
BANK_039,SCN_0003,Healthy,Healthy,0.99977883638078,0.00022116356599739386,5.3222549153946334e-11
BANK_040,SCN_0003,Healthy,Healthy,0.9766171956234333,0.023382712067922654,9.230864404456006e-08
BANK_001,SCN_0010,Healthy,Healthy,0.9940761952549839,0.005922877565000073,9.271800159128299e-07
BANK_002,SCN_0010,Stressed,Stressed,0.37643812835406715,0.6199779026446813,0.0035839690012514627
BANK_003,SCN_0010,Healthy,Stressed,0.3534807686012334,0.640653952464427,0.005865278934339619
BANK_004,SCN_0010,Healthy,Healthy,0.8915861451623458,0.108324333144913,8.952169274120781e-05
BANK_005,SCN_0010,Healthy,Healthy,0.9991684212134506,0.0008315782820746393,5.044746209766838e-10
BANK_006,SCN_0010,Stressed,Stressed,0.00748472618620776,0.9874499559291349,0.005065317884657388
BANK_007,SCN_0010,Healthy,Healthy,0.998718075038853,0.001281918539752884,6.4213940559017665e-09
BANK_008,SCN_0010,Stressed,Stressed,0.04358173428922778,0.9493556080788328,0.007062657631939403
BANK_009,SCN_0010,Healthy,Healthy,0.6094756931140933,0.3896122922329112,0.0009120146529953859
BANK_010,SCN_0010,Stressed,Stressed,0.044314737975346935,0.8473179733021671,0.10836728872248594
BANK_011,SCN_0010,Healthy,Healthy,0.9346666504134956,0.06530853507664136,2.4814509862983827e-05
BANK_012,SCN_0010,Healthy,Healthy,0.9975685843885473,0.0024314127314933828,2.8799591033049304e-09
BANK_013,SCN_0010,Critical,Critical,2.987469051901917e-10,0.0005386521548313692,0.9994613475464217
BANK_014,SCN_0010,Stressed,Stressed,0.05445507461604908,0.885497236473401,0.060047688910549894
BANK_015,SCN_0010,Stressed,Critical,1.4396219528297578e-05,0.40431862132359714,0.5956669824568745
BANK_016,SCN_0010,Healthy,Healthy,0.9966466750289267,0.0033533138403841734,1.1130689143270808e-08
BANK_017,SCN_0010,Stressed,Stressed,0.005364483629068687,0.6908906974230471,0.30374481894788424
BANK_018,SCN_0010,Stressed,Healthy,0.6366096876894064,0.36337276078595293,1.755152464059002e-05
BANK_019,SCN_0010,Critical,Critical,6.260201163237211e-09,0.00024236765593259872,0.9997576260838661
BANK_020,SCN_0010,Critical,Critical,9.55171511303797e-06,0.02926429135339309,0.970726156931494
BANK_021,SCN_0010,Critical,Critical,0.006018303016928039,0.47869479459790903,0.515286902385163
BANK_022,SCN_0010,Critical,Critical,3.4275302997167886e-06,0.027593768363523622,0.9724028041061766
BANK_023,SCN_0010,Healthy,Healthy,0.9640163646848542,0.03598256971127943,1.065603866341147e-06
BANK_024,SCN_0010,Stressed,Stressed,0.04736311507697871,0.944594774574355,0.008042110348666254
BANK_025,SCN_0010,Stressed,Stressed,0.11838302028576625,0.8561144198575316,0.025502559856702224
BANK_026,SCN_0010,Healthy,Healthy,0.5860490622446743,0.41310871767307533,0.0008422200822503219
BANK_027,SCN_0010,Healthy,Healthy,0.6596357990278042,0.3365118641044035,0.0038523368677922387
BANK_028,SCN_0010,Stressed,Critical,0.0071079344652903165,0.46481563284600635,0.5280764326887033
BANK_029,SCN_0010,Critical,Stressed,0.0006553153160571423,0.7526946330897023,0.2466500515942406
BANK_030,SCN_0010,Critical,Critical,4.354339453324632e-11,0.000354003851685114,0.9996459961047716
BANK_031,SCN_0010,Healthy,Healthy,0.9996846283222894,0.000315371448776063,2.2893436438941912e-10
BANK_032,SCN_0010,Healthy,Stressed,0.34226279938536197,0.6574974959413119,0.0002397046733262304
BANK_033,SCN_0010,Critical,Stressed,0.001249735721571019,0.5960171030789085,0.40273316119952046
BANK_034,SCN_0010,Stressed,Stressed,0.01264497369425772,0.9604095242623595,0.02694550204338283
BANK_035,SCN_0010,Healthy,Healthy,0.9999158700996129,8.412950935018423e-05,3.9103699194298507e-10
BANK_036,SCN_0010,Healthy,Healthy,0.860474724123581,0.13936055795691105,0.00016471791950801093
BANK_037,SCN_0010,Healthy,Stressed,0.1168734541557704,0.8295821694219488,0.053544376422280764
BANK_038,SCN_0010,Stressed,Stressed,0.3110776453356597,0.6826278180761202,0.006294536588220164
BANK_039,SCN_0010,Healthy,Healthy,0.9694761225351082,0.030523472293584562,4.051713072931056e-07
BANK_040,SCN_0010,Healthy,Healthy,0.7977245384528473,0.20224647215481462,2.898939233809438e-05
BANK_001,SCN_0012,Healthy,Healthy,0.9996198290592737,0.00038016970962577483,1.2311005167350013e-09
BANK_002,SCN_0012,Healthy,Healthy,0.9898367993295731,0.010162363420051336,8.372503755203703e-07
BANK_003,SCN_0012,Healthy,Healthy,0.9872984982205997,0.012699808311193871,1.6934682063984606e-06
BANK_004,SCN_0012,Healthy,Healthy,0.9995310197123087,0.00046897518999176315,5.097699486710943e-09
BANK_005,SCN_0012,Healthy,Healthy,0.9999949120371376,5.0879628186822866e-06,4.3846385662998676e-14
BANK_006,SCN_0012,Stressed,Stressed,0.2454712722720276,0.7544611107219849,6.76170059874988e-05
BANK_007,SCN_0012,Healthy,Healthy,0.9999603231729918,3.967682336716655e-05,3.6409882500516746e-12
BANK_008,SCN_0012,Healthy,Stressed,0.4878348484326749,0.5120899699984857,7.518156883953876e-05
BANK_009,SCN_0012,Healthy,Healthy,0.9746218097174653,0.025377050560044075,1.139722490536546e-06
BANK_010,SCN_0012,Healthy,Healthy,0.687003538978696,0.31229625975850045,0.000700201262803557
BANK_011,SCN_0012,Healthy,Healthy,0.9998387530119075,0.00016124624885356604,7.39239018692049e-10
BANK_012,SCN_0012,Healthy,Healthy,0.9999758938019107,2.410619764978075e-05,4.396685666622792e-13
BANK_013,SCN_0012,Critical,Critical,2.2634272715808194e-07,0.02548285212178774,0.9745169215354851
BANK_014,SCN_0012,Healthy,Healthy,0.6652196600210888,0.3343649668897201,0.0004153730891910169
BANK_015,SCN_0012,Stressed,Stressed,0.00618947533766943,0.9737284919988209,0.020082032663509494
BANK_016,SCN_0012,Healthy,Healthy,0.9999810877187819,1.891228033874542e-05,8.79295542334527e-13
BANK_017,SCN_0012,Stressed,Stressed,0.3783689613698433,0.6172753585353246,0.004355680094832275
BANK_018,SCN_0012,Healthy,Healthy,0.9963105226398606,0.003689474803285475,2.5568538608449697e-09
BANK_019,SCN_0012,Critical,Critical,8.842309282063011e-06,0.012676061094393577,0.9873150965963243
BANK_020,SCN_0012,Stressed,Stressed,0.007976614820873088,0.6244679596578798,0.36755542552124715
BANK_021,SCN_0012,Stressed,Stressed,0.18070050699692145,0.8018427499576305,0.01745674304544795
BANK_022,SCN_0012,Stressed,Stressed,0.0013281204996771513,0.5839554362317835,0.41471644326853935
BANK_023,SCN_0012,Healthy,Healthy,0.9998399761309158,0.00016002380564939786,6.343485327865905e-11
BANK_024,SCN_0012,Healthy,Healthy,0.9603529583299266,0.03964304294446825,3.998725605006288e-06
BANK_025,SCN_0012,Healthy,Healthy,0.9549206845046484,0.04506003847620101,1.927701915055683e-05
BANK_026,SCN_0012,Healthy,Healthy,0.9713690298834935,0.028629845316219742,1.1248002867634498e-06
BANK_027,SCN_0012,Healthy,Healthy,0.9971867184114727,0.002812831795349784,4.4979317753634835e-07
BANK_028,SCN_0012,Stressed,Stressed,0.3374210506461748,0.6491792751889763,0.01339967416484891
BANK_029,SCN_0012,Stressed,Stressed,0.1209079858214981,0.8749982862503867,0.0040937279281152116
BANK_030,SCN_0012,Critical,Critical,7.420816350775491e-07,0.02578732546836776,0.9742119324499972
BANK_031,SCN_0012,Healthy,Healthy,0.9999979533236041,2.0466763746446445e-06,2.131653781190023e-14
BANK_032,SCN_0012,Healthy,Healthy,0.9092289941152761,0.0907703445110516,6.613736721272964e-07
BANK_033,SCN_0012,Stressed,Stressed,0.2424786584720828,0.7502478604672138,0.007273481060703404
BANK_034,SCN_0012,Healthy,Healthy,0.6694824973480425,0.3303844763681849,0.00013302628377254912
BANK_035,SCN_0012,Healthy,Healthy,0.9999963906804507,3.609319224699883e-06,3.2468068726004263e-13
BANK_036,SCN_0012,Healthy,Healthy,0.9931000386287521,0.0068998035376811,1.5783356688203764e-07
BANK_037,SCN_0012,Healthy,Healthy,0.687737336242309,0.31184623813314877,0.00041642562454228654
BANK_038,SCN_0012,Healthy,Healthy,0.9240128100879179,0.0759739356044436,1.3254307638628446e-05
BANK_039,SCN_0012,Healthy,Healthy,0.9998458393194132,0.00015416065257850404,2.800832938650486e-11
BANK_040,SCN_0012,Healthy,Healthy,0.9835859787856437,0.016413972293645024,4.892071128941309e-08
BANK_001,SCN_0016,Healthy,Healthy,0.9902924055540111,0.009702265813817721,5.328632171053108e-06
BANK_002,SCN_0016,Stressed,Stressed,0.1012374000837018,0.8773254965808487,0.021437103335449584
BANK_003,SCN_0016,Stressed,Stressed,0.09727833075879862,0.8694403003328903,0.03328136890831103
BANK_004,SCN_0016,Healthy,Healthy,0.5509087041886849,0.4474642373559926,0.0016270584553225425
BANK_005,SCN_0016,Healthy,Healthy,0.9955972924919643,0.004402696200143002,1.1307892568212478e-08
BANK_006,SCN_0016,Stressed,Stressed,0.0027238970320906685,0.978121450600843,0.01915465236706648
BANK_007,SCN_0016,Healthy,Healthy,0.9969761966914287,0.0030237468394293037,5.6469142051016986e-08
BANK_008,SCN_0016,Stressed,Stressed,0.023080453104621305,0.9514931071396615,0.025426439755717147
BANK_009,SCN_0016,Stressed,Stressed,0.4297151861289811,0.565462756406115,0.004822057464904001
BANK_010,SCN_0016,Critical,Stressed,0.01288192167008178,0.6636445346625743,0.3234735436673439
BANK_011,SCN_0016,Stressed,Healthy,0.6229429604341382,0.376400048758576,0.0006569908072857794
BANK_012,SCN_0016,Healthy,Healthy,0.989920979329582,0.010078972123355281,4.8547062546316066e-08
BANK_013,SCN_0016,Critical,Critical,5.1142966480421275e-11,0.00015330773700658124,0.9998466922118504
BANK_014,SCN_0016,Stressed,Stressed,0.02035053231711122,0.7819565641821946,0.19769290350069418
BANK_015,SCN_0016,Critical,Critical,8.807214520627474e-07,0.1373001152351404,0.8626990040434076
BANK_016,SCN_0016,Healthy,Healthy,0.9816971585847233,0.018302582389922793,2.5902535407777874e-07
BANK_017,SCN_0016,Critical,Critical,0.000764025147896886,0.3632114149725703,0.6360245598795329
BANK_018,SCN_0016,Stressed,Stressed,0.25350797016588617,0.7463401628153622,0.0001518670187515855
BANK_019,SCN_0016,Critical,Critical,7.897537126833293e-10,6.601206954197602e-05,0.9999339871407045
BANK_020,SCN_0016,Critical,Critical,9.915647130696536e-07,0.007895355564425364,0.9921036528708616
BANK_021,SCN_0016,Stressed,Critical,0.001480929236026535,0.20718475390992683,0.7913343168540468
BANK_022,SCN_0016,Critical,Critical,5.534022848882969e-07,0.007920011741282432,0.9920794348564326
BANK_023,SCN_0016,Stressed,Healthy,0.8085130602480256,0.1914622099620531,2.4729789921247567e-05
BANK_024,SCN_0016,Stressed,Stressed,0.005254710512408231,0.956973885843442,0.03777140364414982
BANK_025,SCN_0016,Stressed,Stressed,0.02333267941822655,0.867815699428203,0.10885162115357053
BANK_026,SCN_0016,Stressed,Stressed,0.4093718071039838,0.5862833426699355,0.004344850226080655
BANK_027,SCN_0016,Stressed,Stressed,0.2506588208272638,0.7144223317920799,0.034918847380656155
BANK_028,SCN_0016,Stressed,Critical,0.0012004265859644689,0.19013267482800883,0.8086668985860267
BANK_029,SCN_0016,Critical,Critical,6.97752453051269e-05,0.4194589239474826,0.5804713008072123
BANK_030,SCN_0016,Critical,Critical,1.5711392177953054e-12,8.116659747218707e-05,0.9999188334009569
BANK_031,SCN_0016,Healthy,Healthy,0.998375496429267,0.0016244986028411655,4.9678918377702e-09
BANK_032,SCN_0016,Stressed,Stressed,0.22195393778573286,0.7770349105922828,0.0010111516219843766
BANK_033,SCN_0016,Critical,Critical,0.00010567521319180542,0.25994396624374644,0.7399503585430617
BANK_034,SCN_0016,Stressed,Stressed,0.0022793902815311995,0.8922729033204634,0.10544770639800545
BANK_035,SCN_0016,Healthy,Healthy,0.9998312633711145,0.0001687337841341946,2.8447513388267877e-09
BANK_036,SCN_0016,Healthy,Healthy,0.7540058237130264,0.2449440521357839,0.001050124151189732
BANK_037,SCN_0016,Stressed,Stressed,0.06532080362796519,0.762112846694383,0.17256634967765186
BANK_038,SCN_0016,Stressed,Stressed,0.17038696793364264,0.8024671271608684,0.02714590490548897
BANK_039,SCN_0016,Healthy,Healthy,0.8425150870370849,0.1574758968780487,9.016084866385954e-06
BANK_040,SCN_0016,Healthy,Healthy,0.7088461610943608,0.29100787144505114,0.00014596746058802924
BANK_001,SCN_0019,Healthy,Healthy,0.9981382804785327,0.0018616699928300639,4.9528637336895476e-08
BANK_002,SCN_0019,Healthy,Healthy,0.8611423138851143,0.13874454504665745,0.00011314106822826624
BANK_003,SCN_0019,Healthy,Healthy,0.8407372374451644,0.1590551038424507,0.0002076587123849412
BANK_004,SCN_0019,Healthy,Healthy,0.9907307086265335,0.00926825338808705,1.0379853793945842e-06
BANK_005,SCN_0019,Healthy,Healthy,0.9999193778394215,8.062215369018584e-05,6.8880683637310726e-12
BANK_006,SCN_0019,Stressed,Stressed,0.03850587688326844,0.960724400599262,0.0007697225174696678
BANK_007,SCN_0019,Healthy,Healthy,0.9997204568394653,0.0002795429365833179,2.2395160916524696e-10
BANK_008,SCN_0019,Stressed,Stressed,0.1442534262102505,0.854691114737024,0.0010554590527254537
BANK_009,SCN_0019,Healthy,Healthy,0.8621316141352892,0.1378155848914025,5.280097330832226e-05
BANK_010,SCN_0019,Stressed,Stressed,0.2115960194067106,0.7729379590787552,0.01546602151453408
BANK_011,SCN_0019,Healthy,Healthy,0.9958577218355764,0.004142073890289261,2.042741341690643e-07
BANK_012,SCN_0019,Healthy,Healthy,0.9996997511630337,0.00030024878481985323,5.214629458863571e-11
BANK_013,SCN_0019,Critical,Critical,5.673036248445642e-09,0.003166962482523875,0.9968330318444399
BANK_014,SCN_0019,Stressed,Stressed,0.21830599871276135,0.7733072178746447,0.008386783412593805
BANK_015,SCN_0019,Stressed,Stressed,0.0003182814423907585,0.8289438264990844,0.17073789205852494
BANK_016,SCN_0019,Healthy,Healthy,0.9996875423598297,0.0003124574951295836,1.4504086677040905e-10
BANK_017,SCN_0019,Stressed,Stressed,0.04964743089360289,0.8916683079218878,0.05868426118450924
BANK_018,SCN_0019,Healthy,Healthy,0.9461047146118545,0.05389491693713532,3.6845101012590706e-07
BANK_019,SCN_0019,Critical,Critical,1.6150634389952624e-07,0.0014908234168659522,0.9985090150767901
BANK_020,SCN_0019,Critical,Critical,0.00026482346117342304,0.1606995551163564,0.8390356214224702
BANK_021,SCN_0019,Stressed,Stressed,0.03510192894196962,0.8170946176493933,0.14780345340863718
BANK_022,SCN_0019,Stressed,Critical,6.206444443834471e-05,0.14468148667174124,0.8552564488838204
BANK_023,SCN_0019,Healthy,Healthy,0.9969807187309851,0.0030192690452404587,1.2223774206546559e-08
BANK_024,SCN_0019,Healthy,Stressed,0.470486361162868,0.5289344483322563,0.0005791905048756624
BANK_025,SCN_0019,Healthy,Healthy,0.5790886693135004,0.41914328825199204,0.0017680424345076096
BANK_026,SCN_0019,Healthy,Healthy,0.8484256573516532,0.15152367049818966,5.067215015704982e-05
BANK_027,SCN_0019,Healthy,Healthy,0.9550395186600718,0.044888716172959364,7.176516696897927e-05
BANK_028,SCN_0019,Critical,Stressed,0.057429395614220946,0.7981476877264246,0.14442291665935436
BANK_029,SCN_0019,Critical,Stressed,0.008389848974156688,0.9477605413545078,0.04384960967133538
BANK_030,SCN_0019,Critical,Critical,3.924182246333121e-09,0.00258436262564953,0.9974156334501684
BANK_031,SCN_0019,Healthy,Healthy,0.9999685170655216,3.148293124379405e-05,3.2346942789392003e-12
BANK_032,SCN_0019,Healthy,Healthy,0.6482386876823857,0.3517398910923018,2.1421225312641236e-05
BANK_033,SCN_0019,Stressed,Stressed,0.01881541584749661,0.8955376209417594,0.08564696321074398
BANK_034,SCN_0019,Healthy,Stressed,0.116065964835607,0.8804373838696467,0.003496651294746375
BANK_035,SCN_0019,Healthy,Healthy,0.999978408592448,2.159139105463006e-05,1.6497227895246465e-11
BANK_036,SCN_0019,Healthy,Healthy,0.9600881069364857,0.03990413988489791,7.753178616267332e-06
BANK_037,SCN_0019,Healthy,Stressed,0.3079520442937104,0.6845385831035199,0.007509372602769752
BANK_038,SCN_0019,Healthy,Healthy,0.6548399171288747,0.34464356387338535,0.0005165189977398505
BANK_039,SCN_0019,Healthy,Healthy,0.997277489315094,0.002722505689071797,4.9958343247902306e-09
BANK_040,SCN_0019,Healthy,Healthy,0.9254158813772881,0.07458229710082764,1.821521884275082e-06
BANK_001,SCN_0023,Healthy,Healthy,0.947229678425606,0.05265857359601329,0.00011174797838076665
BANK_002,SCN_0023,Stressed,Stressed,0.018243104299687632,0.8970622523581968,0.08469464334211553
BANK_003,SCN_0023,Healthy,Stressed,0.01688762735185735,0.8564388660858226,0.12667350656232
BANK_004,SCN_0023,Stressed,Stressed,0.1762580937540673,0.8123287785823745,0.011413127663558254
BANK_005,SCN_0023,Healthy,Healthy,0.9755217507508984,0.024478006327011928,2.4292208964435174e-07
BANK_006,SCN_0023,Stressed,Stressed,0.00045605546745350995,0.9292313151412916,0.07031262939125496
BANK_007,SCN_0023,Healthy,Healthy,0.983080591689918,0.016918187501407538,1.2208086745504909e-06
BANK_008,SCN_0023,Stressed,Stressed,0.003859929859432851,0.90291070629491,0.09322936384565708
BANK_009,SCN_0023,Healthy,Stressed,0.11477492060082316,0.8569872854403938,0.028237793958782943
BANK_010,SCN_0023,Critical,Critical,0.0011850279567480362,0.3464077007796491,0.652407271263603
BANK_011,SCN_0023,Healthy,Stressed,0.22463665333141689,0.7701690863035159,0.005194260365067211
BANK_012,SCN_0023,Healthy,Healthy,0.9453820703796139,0.054616913133278926,1.0164871070199458e-06
BANK_013,SCN_0023,Critical,Critical,2.332937923431686e-12,3.9681256403979214e-05,0.999960318741263
BANK_014,SCN_0023,Critical,Stressed,0.0023147530432703293,0.5046794178286635,0.4930058291280662
BANK_015,SCN_0023,Critical,Critical,4.4721618272785464e-08,0.039559783939604604,0.9604401713387771
BANK_016,SCN_0023,Healthy,Healthy,0.9043272463000507,0.0956675222455727,5.231454376583887e-06
BANK_017,SCN_0023,Critical,Critical,4.773279890775219e-05,0.1287575813042721,0.8711946858968201
BANK_018,SCN_0023,Stressed,Stressed,0.056439009549462724,0.9428197086842416,0.0007412817662957031
BANK_019,SCN_0023,Critical,Critical,3.602307993966303e-11,1.708506312738316e-05,0.9999829149008497
BANK_020,SCN_0023,Critical,Critical,4.5492347672653185e-08,0.0020553843869471618,0.9979445701207051
BANK_021,SCN_0023,Critical,Critical,7.993446789339946e-05,0.06345438640796527,0.9364656791241415
BANK_022,SCN_0023,Critical,Critical,2.539019493814631e-08,0.0020618401219931,0.9979381344878121
BANK_023,SCN_0023,Stressed,Stressed,0.42655496654211655,0.5731589844309637,0.00028604902691973947
BANK_024,SCN_0023,Stressed,Stressed,0.0008389506026667265,0.8669454179165763,0.13221563148075685
BANK_025,SCN_0023,Stressed,Stressed,0.003181432593715755,0.6714129109967337,0.32540565640955044
BANK_026,SCN_0023,Stressed,Stressed,0.10684888662530409,0.86828780218678,0.024863311187915918
BANK_027,SCN_0023,Healthy,Stressed,0.049439500303159245,0.7995583727972325,0.15100212689960812
BANK_028,SCN_0023,Critical,Critical,6.381933032164446e-05,0.05735581682996872,0.9425803638397096
BANK_029,SCN_0023,Critical,Critical,4.618805295941268e-06,0.15755122896374907,0.8424441522309551
BANK_030,SCN_0023,Critical,Critical,7.166526532597622e-14,2.1007552522343288e-05,0.9999789924474058
BANK_031,SCN_0023,Healthy,Healthy,0.9908516395747776,0.009148252326904744,1.0809831764187008e-07
BANK_032,SCN_0023,Stressed,Stressed,0.047699524206048116,0.9475361707552281,0.0047643050387238105
BANK_033,SCN_0023,Critical,Critical,5.9709553456619006e-06,0.08334019368773612,0.9166538353569181
BANK_034,SCN_0023,Critical,Stressed,0.00030898152527175063,0.6863025279476375,0.31338849052709067
BANK_035,SCN_0023,Healthy,Healthy,0.9990432642680666,0.0009566734109957704,6.232093758507414e-08
BANK_036,SCN_0023,Stressed,Stressed,0.3479669606630507,0.6414078655892727,0.010625173747676565
BANK_037,SCN_0023,Stressed,Stressed,0.007992123322971653,0.5290954340169871,0.46291244266004133
BANK_038,SCN_0023,Stressed,Stressed,0.03203422705946891,0.856069844890812,0.11189592804971911
BANK_039,SCN_0023,Healthy,Stressed,0.48524670326374547,0.5146394462257802,0.0001138505104744627
BANK_040,SCN_0023,Stressed,Stressed,0.2999415281051906,0.6987043032770954,0.0013541686177140498
BANK_001,SCN_0031,Healthy,Healthy,0.9952421946597302,0.004757178048331087,6.272919388270101e-07
BANK_002,SCN_0031,Healthy,Stressed,0.4296087260038953,0.567627259788248,0.0027640142078566173
BANK_003,SCN_0031,Healthy,Stressed,0.40564399939276236,0.5898075396222657,0.004548460984971905
BANK_004,SCN_0031,Healthy,Healthy,0.9111304390699504,0.08880773906992818,6.182186012137025e-05
BANK_005,SCN_0031,Healthy,Healthy,0.9993327596061263,0.0006672400529106288,3.4096302499901236e-10
BANK_006,SCN_0031,Stressed,Stressed,0.00931996242841044,0.986417762363629,0.0042622752079606125
BANK_007,SCN_0031,Healthy,Healthy,0.9989713208997235,0.0010286747598141474,4.3404621169973295e-09
BANK_008,SCN_0031,Stressed,Stressed,0.05380652652862574,0.9403010338579778,0.005892439613396337
BANK_009,SCN_0031,Healthy,Healthy,0.660565912741128,0.3387661154666982,0.0006679717921738871
BANK_010,SCN_0031,Stressed,Stressed,0.05558079007409165,0.8525708774850245,0.09184833244088395
BANK_011,SCN_0031,Healthy,Healthy,0.9469035528498047,0.053079458798690235,1.6988351505170098e-05
BANK_012,SCN_0031,Healthy,Healthy,0.9980484686452606,0.0019515294076238982,1.947115560001352e-09
BANK_013,SCN_0031,Critical,Critical,4.4204155202825336e-10,0.0006394044087055038,0.999360595149253
BANK_014,SCN_0031,Stressed,Stressed,0.06761079111397898,0.8820077782937241,0.05038143059229688
BANK_015,SCN_0031,Stressed,Critical,1.980470500857659e-05,0.4462222336788176,0.5537579616161739
BANK_016,SCN_0031,Healthy,Healthy,0.9973080248168325,0.002691967656431439,7.526735997359246e-09
BANK_017,SCN_0031,Stressed,Stressed,0.007013411981053904,0.7246333478977502,0.26835324012119594
BANK_018,SCN_0031,Stressed,Healthy,0.6859013859594522,0.31408583495365516,1.277908689263546e-05
BANK_019,SCN_0031,Critical,Critical,9.263434805379418e-09,0.0002877172944926718,0.9997122734420724
BANK_020,SCN_0031,Critical,Critical,1.4057581075897956e-05,0.03455212744060129,0.9654338149783228
BANK_021,SCN_0031,Critical,Stressed,0.008151979201196594,0.5201819307782856,0.4716660900205179
BANK_022,SCN_0031,Critical,Critical,5.045995709595064e-06,0.03258998295363991,0.9674049710506505
BANK_023,SCN_0031,Healthy,Healthy,0.9709255129981346,0.029073761741687163,7.252601782117461e-07
BANK_024,SCN_0031,Stressed,Stressed,0.058430056789570105,0.9348655015508437,0.006704441659586153
BANK_025,SCN_0031,Stressed,Stressed,0.14394277550909043,0.8351025571780025,0.02095466731290695
BANK_026,SCN_0031,Healthy,Healthy,0.6383747157889897,0.36100532397804935,0.0006199602329608979
BANK_027,SCN_0031,Healthy,Healthy,0.7076085708934106,0.28959882313458263,0.002792605972006858
BANK_028,SCN_0031,Stressed,Stressed,0.009646239493416926,0.5060610310790467,0.48429272942753643
BANK_029,SCN_0031,Stressed,Stressed,0.0008497573459485283,0.783016607571481,0.2161336350825705
BANK_030,SCN_0031,Critical,Critical,6.443131134723179e-11,0.00042023306428948053,0.999579766871279
BANK_031,SCN_0031,Healthy,Healthy,0.9997469785911335,0.00025302125415069244,1.5471578019612732e-10
BANK_032,SCN_0031,Healthy,Stressed,0.39345096648586875,0.6063628231036594,0.0001862104104718343
BANK_033,SCN_0031,Stressed,Stressed,0.001662865382640762,0.6362168627831022,0.362120271834257
BANK_034,SCN_0031,Stressed,Stressed,0.015779815360526812,0.961497125193205,0.02272305944626819
BANK_035,SCN_0031,Healthy,Healthy,0.9999325060529124,6.749368283348473e-05,2.642540224360033e-10
BANK_036,SCN_0031,Healthy,Healthy,0.8849092988532804,0.11497622947447027,0.00011447167224938013
BANK_037,SCN_0031,Healthy,Stressed,0.1427748207393258,0.8130227490672427,0.04420243019343158
BANK_038,SCN_0031,Stressed,Stressed,0.3604746811859497,0.6345962343108206,0.004929084503229637
BANK_039,SCN_0031,Healthy,Healthy,0.9753636820326337,0.024636042503471237,2.754638949001456e-07
BANK_040,SCN_0031,Healthy,Healthy,0.8309669162416623,0.16901267735662234,2.0406401715428806e-05
BANK_001,SCN_0034,Healthy,Healthy,0.9768510909320502,0.02312366758187567,2.524148607408451e-05
BANK_002,SCN_0034,Healthy,Stressed,0.04356347432531504,0.9121387532977722,0.04429777237691277
BANK_003,SCN_0034,Stressed,Stressed,0.04125857119346103,0.8909564420240883,0.06778498678245055
BANK_004,SCN_0034,Stressed,Stressed,0.33595073519537644,0.659284588757186,0.004764676047437557
BANK_005,SCN_0034,Healthy,Healthy,0.9894284118048464,0.010571534229603921,5.396554959069555e-08
BANK_006,SCN_0034,Stressed,Stressed,0.0011081912250222993,0.9614693296103002,0.037422479164677454
BANK_007,SCN_0034,Healthy,Healthy,0.9927251438387222,0.007274586145164285,2.700161136573641e-07
BANK_008,SCN_0034,Stressed,Stressed,0.009443319361258494,0.9405992422985691,0.04995743834017232
BANK_009,SCN_0034,Stressed,Stressed,0.2362243658937381,0.7510461550213369,0.012729479084925072
BANK_010,SCN_0034,Stressed,Stressed,0.004064094495511522,0.5058681035060615,0.4900678019984269
BANK_011,SCN_0034,Healthy,Stressed,0.40568704785024184,0.592258308959145,0.0020546431906133043
BANK_012,SCN_0034,Healthy,Healthy,0.9759904471735991,0.024009322977592798,2.2984880802837317e-07
BANK_013,SCN_0034,Critical,Critical,1.0650861510107333e-11,7.714033612836827e-05,0.9999228596532207
BANK_014,SCN_0034,Stressed,Stressed,0.007118060124820786,0.660826026631089,0.3320559132440902
BANK_015,SCN_0034,Critical,Critical,1.968299084808224e-07,0.07413820191443182,0.9258616012556596
BANK_016,SCN_0034,Healthy,Healthy,0.956894779702026,0.04310400784978942,1.2124481848180614e-06
BANK_017,SCN_0034,Critical,Critical,0.0001942798185135316,0.22315064978452587,0.7766550703969606
BANK_018,SCN_0034,Stressed,Stressed,0.12321253680586422,0.8764330082738907,0.0003544549202450245
BANK_019,SCN_0034,Critical,Critical,1.644643075733138e-10,3.3214059893252634e-05,0.9999667857756425
BANK_020,SCN_0034,Critical,Critical,2.0729756526902194e-07,0.0039880763358355826,0.9960117163665991
BANK_021,SCN_0034,Critical,Critical,0.00034422942389402734,0.11635635506064805,0.8832994155154578
BANK_022,SCN_0034,Critical,Critical,1.1569624831889661e-07,0.004000578393719841,0.9959993059100318
BANK_023,SCN_0034,Stressed,Healthy,0.6360096657991401,0.36389691602911045,9.341817174944205e-05
BANK_024,SCN_0034,Stressed,Stressed,0.0021028914997460397,0.9253090041783082,0.07258810432194572
BANK_025,SCN_0034,Stressed,Stressed,0.008828771515435445,0.793381003104153,0.1977902253804114
BANK_026,SCN_0034,Healthy,Stressed,0.22166935662998086,0.7670327674374545,0.01129787593256461
BANK_027,SCN_0034,Stressed,Stressed,0.1168859000258806,0.8049201246096387,0.07819397536448071
BANK_028,SCN_0034,Critical,Critical,0.0002763469820964908,0.10575344169534462,0.8939702113225587
BANK_029,SCN_0034,Stressed,Critical,1.8356911385290873e-05,0.2666283401939719,0.733353302894643
BANK_030,SCN_0034,Critical,Critical,3.2718841961102483e-13,4.0839388113083345e-05,0.9999591606115596
BANK_031,SCN_0034,Healthy,Healthy,0.9960840001731492,0.003915976025125278,2.3801725529320195e-08
BANK_032,SCN_0034,Stressed,Stressed,0.10548039713648022,0.892212008630426,0.0023075942330938316
BANK_033,SCN_0034,Stressed,Critical,2.5272068418013206e-05,0.15019864972422228,0.8497760782073597
BANK_034,SCN_0034,Stressed,Stressed,0.0008554688470471265,0.8090993313381716,0.1900451998147812
BANK_035,SCN_0034,Healthy,Healthy,0.9995924025444496,0.00040758379793736765,1.3657613077930434e-08
BANK_036,SCN_0034,Stressed,Healthy,0.5581659939176594,0.4381009580285493,0.003733048053791378
BANK_037,SCN_0034,Stressed,Stressed,0.023880112431244854,0.6731669131125737,0.3029529744561815
BANK_038,SCN_0034,Stressed,Stressed,0.07607910465881176,0.8657149158457401,0.05820597949544814
BANK_039,SCN_0034,Healthy,Healthy,0.6888700812709047,0.3110945180259938,3.540070310154116e-05
BANK_040,SCN_0034,Stressed,Healthy,0.5017821220994891,0.49772168161931263,0.0004961962811982301
BANK_001,SCN_0040,Healthy,Healthy,0.9969371897429515,0.0030626900836122103,1.201734362917336e-07
BANK_002,SCN_0040,Stressed,Healthy,0.7900786568188666,0.20966917476537497,0.00025216841575859166
BANK_003,SCN_0040,Healthy,Healthy,0.7620734627631047,0.23746927880040766,0.0004572584364876295
BANK_004,SCN_0040,Healthy,Healthy,0.9848226723611344,0.015174821133348625,2.5065055170026364e-06
BANK_005,SCN_0040,Healthy,Healthy,0.9998672131522228,0.00013278683104511133,1.673207514852752e-11
BANK_006,SCN_0040,Stressed,Stressed,0.023728093308993694,0.9751196611660493,0.0011522455249569862
BANK_007,SCN_0040,Healthy,Healthy,0.9995396440617552,0.00046035539430522136,5.439395619436199e-10
BANK_008,SCN_0040,Stressed,Stressed,0.09279195150039361,0.9055587450189153,0.0016493034806910876
BANK_009,SCN_0040,Healthy,Healthy,0.7914854750213267,0.20839676809023253,0.00011775688844087942
BANK_010,SCN_0040,Stressed,Stressed,0.13899914501431898,0.836320110244439,0.024680744741241982
BANK_011,SCN_0040,Healthy,Healthy,0.9931952832665081,0.006804221824042005,4.949094499739454e-07
BANK_012,SCN_0040,Healthy,Healthy,0.9995055524092783,0.0004944474640691601,1.2665259591847328e-10
BANK_013,SCN_0040,Critical,Critical,2.3376721784002605e-09,0.0021494840980613044,0.9978505135642666
BANK_014,SCN_0040,Stressed,Stressed,0.14434373256094987,0.8421851784736109,0.013471088965439314
BANK_015,SCN_0040,Stressed,Stressed,0.0001787646320702795,0.7668645319104735,0.23295670345745606
BANK_016,SCN_0040,Healthy,Healthy,0.9994854510348147,0.0005145486129136948,3.522715723829045e-10
BANK_017,SCN_0040,Stressed,Stressed,0.02989215214354862,0.884274300750927,0.08583354710552442
BANK_018,SCN_0040,Healthy,Healthy,0.9142198332205826,0.08577930187881723,8.649006000968814e-07
BANK_019,SCN_0040,Critical,Critical,6.651554051049048e-08,0.0010113069987651283,0.9989886264856943
BANK_020,SCN_0040,Critical,Critical,0.00011498088618014625,0.1149230482979228,0.8849619708158971
BANK_021,SCN_0040,Stressed,Stressed,0.020173492690232823,0.7734740196431825,0.2063524876665847
BANK_022,SCN_0040,Critical,Critical,2.6797958610148493e-05,0.1028951893960652,0.8970780126453246
BANK_023,SCN_0040,Healthy,Healthy,0.9950365920857944,0.004963378277315717,2.963688990365264e-08
BANK_024,SCN_0040,Stressed,Stressed,0.35029676603748733,0.6486556579676426,0.0010475759948699909
BANK_025,SCN_0040,Stressed,Stressed,0.4546293866380368,0.5419986710483833,0.0033719423135797986
BANK_026,SCN_0040,Healthy,Healthy,0.7726128033194172,0.22727510007676013,0.00011209660382277469
BANK_027,SCN_0040,Healthy,Healthy,0.9279880888999642,0.07184251251681317,0.0001693985832225376
BANK_028,SCN_0040,Stressed,Stressed,0.033332787518932795,0.7630340460631742,0.20363316641789306
BANK_029,SCN_0040,Stressed,Stressed,0.005005934854770115,0.9314358347239231,0.0635582304213068
BANK_030,SCN_0040,Critical,Critical,1.6167232250105856e-09,0.0017537320089817037,0.9982462663742949
BANK_031,SCN_0040,Healthy,Healthy,0.9999481451183575,5.185487378469154e-05,7.857771715593195e-12
BANK_032,SCN_0040,Healthy,Healthy,0.5280339270219971,0.4719236846579357,4.238832006711544e-05
BANK_033,SCN_0040,Stressed,Stressed,0.011055367426011518,0.866695343184446,0.12224928938954256
BANK_034,SCN_0040,Healthy,Stressed,0.07370485736746782,0.9209010479760892,0.005394094656442978
BANK_035,SCN_0040,Healthy,Healthy,0.9999644370062782,3.556295364605484e-05,4.007558962650972e-11
BANK_036,SCN_0040,Healthy,Healthy,0.9359102234951694,0.06407141628378167,1.8360221048855063e-05
BANK_037,SCN_0040,Stressed,Stressed,0.21183923337460409,0.7756119731057514,0.01254879351964448
BANK_038,SCN_0040,Healthy,Healthy,0.5351042391211309,0.4638704287620141,0.0010253321168549282
BANK_039,SCN_0040,Healthy,Healthy,0.995523601063214,0.004476386821920908,1.211486521320533e-08
BANK_040,SCN_0040,Healthy,Healthy,0.8828065676324103,0.11718921114731531,4.2212202742662834e-06
BANK_001,SCN_0047,Healthy,Healthy,0.9994156177986789,0.0005843795560644345,2.645256803949439e-09
BANK_002,SCN_0047,Healthy,Healthy,0.9844587870280551,0.01553942338685719,1.789585087927759e-06
BANK_003,SCN_0047,Healthy,Healthy,0.9806032400877744,0.019393145106578046,3.614805647627822e-06
BANK_004,SCN_0047,Healthy,Healthy,0.9992791361554607,0.0007208528916718739,1.095286740829971e-08
BANK_005,SCN_0047,Healthy,Healthy,0.9999921774386072,7.822561298648132e-06,9.42314055353469e-14
BANK_006,SCN_0047,Stressed,Stressed,0.1746409531335555,0.8252556602283465,0.00010338663809799014
BANK_007,SCN_0047,Healthy,Healthy,0.999938999425914,6.1000566261233405e-05,7.824796890260364e-12
BANK_008,SCN_0047,Stressed,Stressed,0.382519972085403,0.6173533340056836,0.00012669390891343607
BANK_009,SCN_0047,Healthy,Healthy,0.9615062153217078,0.03849136822644221,2.4164518501774734e-06
BANK_010,SCN_0047,Healthy,Healthy,0.5878587838514221,0.4108535597673482,0.0012876563812296926
BANK_011,SCN_0047,Healthy,Healthy,0.9997521088625246,0.00024788954889105733,1.5885844321322088e-09
BANK_012,SCN_0047,Healthy,Healthy,0.9999629379590974,3.706203995756022e-05,9.448934705600705e-13
BANK_013,SCN_0047,Critical,Critical,1.0608764497674807e-07,0.018363376225947074,0.9816365176864079
BANK_014,SCN_0047,Healthy,Healthy,0.5636556890080012,0.43558791323497387,0.0007563977570249691
BANK_015,SCN_0047,Stressed,Stressed,0.004002440505819597,0.9680887202238885,0.02790883927029183
BANK_016,SCN_0047,Healthy,Healthy,0.9999709232579104,2.9076740199877927e-05,1.8897028329204595e-12
BANK_017,SCN_0047,Stressed,Stressed,0.28304688594248173,0.7099504722749161,0.0070026417826022066
BANK_018,SCN_0047,Healthy,Healthy,0.9943387692256221,0.0056612252902367285,5.484141087087096e-09
BANK_019,SCN_0047,Critical,Critical,4.129280204151503e-06,0.009101211568219792,0.990894659151576
BANK_020,SCN_0047,Stressed,Stressed,0.00453731965547387,0.5461314029535845,0.44933127739094164
BANK_021,SCN_0047,Stressed,Stressed,0.12453297823517172,0.8496116206382619,0.02585540112656649
BANK_022,SCN_0047,Stressed,Stressed,0.0007417920721457672,0.5014534768609182,0.497804731066936
BANK_023,SCN_0047,Healthy,Healthy,0.9997539894580578,0.0002460104056240941,1.3631813812178355e-10
BANK_024,SCN_0047,Healthy,Healthy,0.9403134836191339,0.05967810191707509,8.414463791024936e-06
BANK_025,SCN_0047,Healthy,Healthy,0.9323207591747151,0.06763879245857435,4.044836671055578e-05
BANK_026,SCN_0047,Healthy,Healthy,0.9566472491945671,0.043350370097879745,2.380707553182265e-06
BANK_027,SCN_0047,Healthy,Healthy,0.9956809248307397,0.004318109964128165,9.652051321741225e-07
BANK_028,SCN_0047,Stressed,Stressed,0.24731967040632227,0.7315724902148065,0.021107839378871212
BANK_029,SCN_0047,Stressed,Stressed,0.08197216761948885,0.9120630656230861,0.005964766757424917
BANK_030,SCN_0047,Critical,Critical,3.4784677378708385e-07,0.018584412271704164,0.981415239881522
BANK_031,SCN_0047,Healthy,Healthy,0.9999968533029088,3.146697045549457e-06,4.581199960219343e-14
BANK_032,SCN_0047,Healthy,Healthy,0.8669339208325518,0.13306472390726415,1.3552601840503542e-06
BANK_033,SCN_0047,Stressed,Stressed,0.1717766331318969,0.8171495857509129,0.01107378111719018
BANK_034,SCN_0047,Healthy,Healthy,0.5684544324677261,0.4313028188139199,0.00024274871835404673
BANK_035,SCN_0047,Healthy,Healthy,0.9999944507953622,5.549203939978505e-06,6.977802471674245e-13
BANK_036,SCN_0047,Healthy,Healthy,0.9894306276916631,0.010569034356524886,3.379518120204301e-07
BANK_037,SCN_0047,Healthy,Healthy,0.5887728280465556,0.41046100104151817,0.0007661709119261926
BANK_038,SCN_0047,Healthy,Healthy,0.8877492901977437,0.11222334247123035,2.7367331026002993e-05
BANK_039,SCN_0047,Healthy,Healthy,0.9997630024254617,0.00023699751434973508,6.018860527515597e-11
BANK_040,SCN_0047,Healthy,Healthy,0.9749846160506673,0.025015279731687882,1.0421764472002392e-07
BANK_001,SCN_0056,Healthy,Healthy,0.9713556782009136,0.028607304393578108,3.701740550831858e-05
BANK_002,SCN_0056,Healthy,Stressed,0.035026582540426975,0.9124445202102711,0.05252889724930185
BANK_003,SCN_0056,Stressed,Stressed,0.033014597193776446,0.886989734032678,0.07999566877354554
BANK_004,SCN_0056,Stressed,Stressed,0.28881047724444264,0.7051484806127778,0.0060410421427796075
BANK_005,SCN_0056,Healthy,Healthy,0.9868812793546482,0.013118641260383358,7.938496851237769e-08
BANK_006,SCN_0056,Stressed,Stressed,0.0008847797239424895,0.9550501822910717,0.04406503798498576
BANK_007,SCN_0056,Healthy,Healthy,0.9909650239362341,0.009034578542720663,3.975210451993489e-07
BANK_008,SCN_0056,Stressed,Stressed,0.007534391734761744,0.9336808387910722,0.05878476947416595
BANK_009,SCN_0056,Healthy,Stressed,0.19860684543372475,0.7856090011917042,0.01578415337457114
BANK_010,SCN_0056,Stressed,Critical,0.0029966741304468607,0.46406981420878085,0.5329335116607723
BANK_011,SCN_0056,Stressed,Stressed,0.354135128390387,0.6432196904645171,0.0026451811450957825
BANK_012,SCN_0056,Healthy,Healthy,0.9703027098640612,0.02969695312416605,3.3701177276064564e-07
BANK_013,SCN_0056,Critical,Critical,7.221856238544783e-12,6.50752627501902e-05,0.9999349247300281
BANK_014,SCN_0056,Stressed,Stressed,0.005396536687267007,0.6233198009717,0.37128366234103294
BANK_015,SCN_0056,Critical,Critical,1.3502544238750955e-07,0.06327568703045616,0.9367241779441015
BANK_016,SCN_0056,Healthy,Healthy,0.9469291854876185,0.053069044983548155,1.7695288332301268e-06
BANK_017,SCN_0056,Critical,Critical,0.0001365036204932123,0.1950675095092935,0.8047959868702133
BANK_018,SCN_0056,Stressed,Stressed,0.101481050455482,0.898088391009249,0.0004305585352691124
BANK_019,SCN_0056,Critical,Critical,1.1151486891130603e-10,2.8019048563109037e-05,0.9999719808399221
BANK_020,SCN_0056,Critical,Critical,1.4064493138113903e-07,0.0033663839610352186,0.9966334753940334
BANK_021,SCN_0056,Stressed,Critical,0.0002377567002220757,0.0999873791874418,0.8997748641123361
BANK_022,SCN_0056,Critical,Critical,7.849644661570605e-08,0.0033769436089326247,0.9966229778946208
BANK_023,SCN_0056,Stressed,Healthy,0.5840913916731155,0.41578207946770146,0.00012652885918311392
BANK_024,SCN_0056,Stressed,Stressed,0.0016684655664385417,0.913392567158907,0.08493896727465448
BANK_025,SCN_0056,Stressed,Stressed,0.006856687944871279,0.7665953960985286,0.22654791595660032
BANK_026,SCN_0056,Healthy,Stressed,0.1858659559571183,0.8001628948889529,0.013971149153928813
BANK_027,SCN_0056,Stressed,Stressed,0.09474846621166323,0.811770287197122,0.09348124659121482
BANK_028,SCN_0056,Critical,Critical,0.0001905446583415691,0.09072079861706614,0.9090886567245924
BANK_029,SCN_0056,Stressed,Critical,1.2988580973949321e-05,0.23471384398796596,0.76527316743106
BANK_030,SCN_0056,Critical,Critical,2.2185006447072047e-13,3.44517402344184e-05,0.9999655482595439
BANK_031,SCN_0056,Healthy,Healthy,0.9951325843040839,0.00486738062601311,3.50699029821341e-08
BANK_032,SCN_0056,Stressed,Stressed,0.086535732430831,0.9106722104320214,0.0027920571371475517
BANK_033,SCN_0056,Critical,Critical,1.7548015518835574e-05,0.12975483560147927,0.8702276163830018
BANK_034,SCN_0056,Stressed,Stressed,0.0006643001541521159,0.7816859371349754,0.21764976271087247
BANK_035,SCN_0056,Healthy,Healthy,0.9994929377865746,0.0005070420728103939,2.0140614972574163e-08
BANK_036,SCN_0056,Stressed,Healthy,0.5034274070485057,0.49160691899119807,0.0049656739602961415
BANK_037,SCN_0056,Stressed,Stressed,0.01825418521502782,0.6402051295650439,0.3415406852199283
BANK_038,SCN_0056,Stressed,Stressed,0.06140383279422707,0.86931122988318,0.0692849373225929
BANK_039,SCN_0056,Healthy,Healthy,0.6402326565097582,0.35971881983301507,4.852365722673655e-05
BANK_040,SCN_0056,Stressed,Stressed,0.44732046435311634,0.5520271592688316,0.0006523763780520809
BANK_001,SCN_0064,Healthy,Healthy,0.9777540553124567,0.022222443260720034,2.3501426823241702e-05
BANK_002,SCN_0064,Healthy,Stressed,0.045352690283601976,0.9117489701680724,0.042898339548325656
BANK_003,SCN_0064,Healthy,Stressed,0.04298869927434545,0.8913133707005522,0.06569793002510245
BANK_004,SCN_0064,Stressed,Stressed,0.34513573278570553,0.6503109725393382,0.0045532946749562925
BANK_005,SCN_0064,Healthy,Healthy,0.9898455349784236,0.010154414801460962,5.0220115301109316e-08
BANK_006,SCN_0064,Stressed,Stressed,0.001155494489165759,0.9625480867576753,0.036296418753158914
BANK_007,SCN_0064,Healthy,Healthy,0.9930131133351557,0.006986635422004349,2.512428399515771e-07
BANK_008,SCN_0064,Stressed,Stressed,0.009846849752990631,0.9416967837944232,0.04845636645258617
BANK_009,SCN_0064,Healthy,Stressed,0.24373792633467045,0.744044439922794,0.012217633742535467
BANK_010,SCN_0064,Stressed,Stressed,0.004297762360015369,0.5136292240394368,0.48207301360054783
BANK_011,SCN_0064,Healthy,Stressed,0.41555727469754183,0.5824849889278917,0.001957736374566542
BANK_012,SCN_0064,Healthy,Healthy,0.976925429918051,0.02307435607092081,2.140110282151728e-07
BANK_013,SCN_0064,Critical,Critical,1.1450003243826835e-11,7.962257661400961e-05,0.999920377411936
BANK_014,SCN_0064,Critical,Stressed,0.007488894307581872,0.6675395737538394,0.3249715319385787
BANK_015,SCN_0064,Critical,Critical,2.1109508266833168e-07,0.07634188928963476,0.9236578996152826
BANK_016,SCN_0064,Healthy,Healthy,0.9585418233056535,0.04145704692933889,1.1297650075408727e-06
BANK_017,SCN_0064,Stressed,Critical,0.00020736514358592897,0.2286862494558809,0.7711063854005332
BANK_018,SCN_0064,Stressed,Stressed,0.1276761965599858,0.8719821434714984,0.00034165996851588594
BANK_019,SCN_0064,Critical,Critical,1.768044317671821e-10,3.428287844667174e-05,0.9999657169447488
BANK_020,SCN_0064,Critical,Critical,2.2282320213361593e-07,0.004115887549231962,0.9958838896275658
BANK_021,SCN_0064,Stressed,Critical,0.00036866814325762907,0.11964968467107076,0.8799816471856716
BANK_022,SCN_0064,Critical,Critical,1.243613175022722e-07,0.0041287886447444935,0.9958710869939381
BANK_023,SCN_0064,Stressed,Healthy,0.6453753805957404,0.35453644184127925,8.817756298041792e-05
BANK_024,SCN_0064,Stressed,Stressed,0.002194972122529473,0.9273266908847194,0.07047833699275106
BANK_025,SCN_0064,Healthy,Stressed,0.009248956090028201,0.7980095080963477,0.19274153581362408
BANK_026,SCN_0064,Healthy,Stressed,0.2288468454625816,0.7603035447048484,0.0108496098325699
BANK_027,SCN_0064,Healthy,Stressed,0.12144533127851759,0.8029810807259226,0.07557358799555985
BANK_028,SCN_0064,Critical,Critical,0.00029606850216299237,0.10878419920238225,0.8909197322954546
BANK_029,SCN_0064,Critical,Critical,1.9566379877287262e-05,0.27286699438673573,0.7271134392333869
BANK_030,SCN_0064,Critical,Critical,3.517380109341344e-13,4.2153577113648924e-05,0.9999578464225347
BANK_031,SCN_0064,Healthy,Healthy,0.9962395119902782,0.003760465865812636,2.214390914263412e-08
BANK_032,SCN_0064,Stressed,Stressed,0.10938841658449751,0.8883855223463245,0.0022260610691779356
BANK_033,SCN_0064,Critical,Critical,2.703757939981457e-05,0.15428612659625024,0.84568683582435
BANK_034,SCN_0064,Stressed,Stressed,0.0008962636026333801,0.8138928476429113,0.18521088875445543
BANK_035,SCN_0064,Healthy,Healthy,0.9996086440910587,0.0003913432043731416,1.2704568268297099e-08
BANK_036,SCN_0064,Stressed,Healthy,0.5682374160797123,0.42822743198810775,0.003535151932179821
BANK_037,SCN_0064,Stressed,Stressed,0.02508358604925854,0.6789063146396791,0.2960100993110622
BANK_038,SCN_0064,Stressed,Stressed,0.07913130727346089,0.864553107787627,0.056315584938912165
BANK_039,SCN_0064,Healthy,Healthy,0.6975215834311451,0.3024450731394722,3.3343429382663745e-05
BANK_040,SCN_0064,Healthy,Healthy,0.5119570781550579,0.4875719988222805,0.00047092302266177306
BANK_001,SCN_0069,Stressed,Healthy,0.9306544920160201,0.0691615182582686,0.00018398972571130452
BANK_002,SCN_0069,Stressed,Stressed,0.013420410570833144,0.8821691987957121,0.10441039063345477
BANK_003,SCN_0069,Stressed,Stressed,0.012290466747935661,0.833217443541774,0.15449208971029038
BANK_004,SCN_0069,Stressed,Stressed,0.13756248462939483,0.8475103847399271,0.014927130630678137
BANK_005,SCN_0069,Healthy,Healthy,0.9675452679171785,0.03245432832396623,4.037588550846375e-07
BANK_006,SCN_0069,Stressed,Stressed,0.00033521905537229235,0.9130553697627456,0.08660941118188212
BANK_007,SCN_0069,Healthy,Healthy,0.9775101014507871,0.02248786431734242,2.034231870432394e-06
BANK_008,SCN_0069,Critical,Stressed,0.0028234590590885227,0.8828951498115981,0.11428139112931336
BANK_009,SCN_0069,Stressed,Stressed,0.08776819129515562,0.8760457212546616,0.03618608745018282
BANK_010,SCN_0069,Critical,Critical,0.0007608239081413736,0.29730714042690937,0.7019320356649493
BANK_011,SCN_0069,Stressed,Stressed,0.17787461486010125,0.8152328691342174,0.006892516005681406
BANK_012,SCN_0069,Healthy,Healthy,0.9283059211858169,0.07169240615927423,1.6726549088279086e-06
BANK_013,SCN_0069,Critical,Critical,1.3921497488897685e-12,3.165413363820626e-05,0.9999683458649697
BANK_014,SCN_0069,Critical,Critical,0.0015399450148779665,0.44882639609786895,0.5496336588872529
BANK_015,SCN_0069,Critical,Critical,2.6902110833630782e-08,0.03181156277818473,0.9681884103197044
BANK_016,SCN_0069,Healthy,Healthy,0.8760966754175918,0.12389483141715209,8.493165255884182e-06
BANK_017,SCN_0069,Critical,Critical,2.924602575441758e-05,0.105459331428943,0.8945114225453026
BANK_018,SCN_0069,Stressed,Stressed,0.04282071680481896,0.9562367892199183,0.0009424939752626791
BANK_019,SCN_0069,Critical,Critical,2.1496196683366527e-11,1.3628862801589877e-05,0.999986371115702
BANK_020,SCN_0069,Critical,Critical,2.715802961802197e-08,0.0016402694938288985,0.9983597033481414
BANK_021,SCN_0069,Critical,Critical,4.832128863825557e-05,0.051277673738174954,0.9486740049731868
BANK_022,SCN_0069,Critical,Critical,1.5157462666313822e-08,0.0016454235353318791,0.9983545613072055
BANK_023,SCN_0069,Stressed,Stressed,0.35748049012947625,0.6421177759230149,0.00040173394750882887
BANK_024,SCN_0069,Stressed,Stressed,0.0006073513661235927,0.8389916227092609,0.16040102592461553
BANK_025,SCN_0069,Stressed,Stressed,0.002200114439497433,0.6206896164368485,0.3771102691236541
BANK_026,SCN_0069,Stressed,Stressed,0.08161196754046715,0.8865633903491384,0.03182464211039444
BANK_027,SCN_0069,Healthy,Stressed,0.03605229714422817,0.7794195435787415,0.18452815927703028
BANK_028,SCN_0069,Critical,Critical,3.853109604465403e-05,0.04629124230852125,0.9536702265954341
BANK_029,SCN_0069,Stressed,Critical,2.8469314991458695e-06,0.12981695086765307,0.8701802022008479
BANK_030,SCN_0069,Critical,Critical,4.276513456916421e-14,1.67578706718378e-05,0.9999832421292854
BANK_031,SCN_0069,Healthy,Healthy,0.9878081173787785,0.012191702027100019,1.8059412132001632e-07
BANK_032,SCN_0069,Stressed,Stressed,0.03607212134116505,0.9578900899388798,0.006037788719955142
BANK_033,SCN_0069,Stressed,Critical,3.624169914010647e-06,0.06762098295416526,0.9323753928759209
BANK_034,SCN_0069,Stressed,Stressed,0.00021413568876012772,0.635820296305379,0.363965568005861
BANK_035,SCN_0069,Healthy,Healthy,0.9987214388866281,0.0012784567099407972,1.0440343094474917e-07
BANK_036,SCN_0069,Stressed,Stressed,0.2844730511952795,0.7009703511755893,0.014556597629131278
BANK_037,SCN_0069,Critical,Critical,0.005360149774913626,0.47436322021100824,0.520276630014078
BANK_038,SCN_0069,Critical,Stressed,0.023486676056534855,0.8390324429102025,0.1374808810332627
BANK_039,SCN_0069,Healthy,Stressed,0.4135387290605789,0.5862986751506499,0.00016259578877117207
BANK_040,SCN_0069,Stressed,Stressed,0.2426260420494601,0.7555382893694907,0.0018356685810492163
BANK_001,SCN_0070,Stressed,Healthy,0.9431651752842083,0.05670691381514162,0.00012791090065004636
BANK_002,SCN_0070,Stressed,Stressed,0.016801593394612516,0.8935292480076391,0.08966915859774847
BANK_003,SCN_0070,Critical,Stressed,0.015510835167972284,0.8507410220434448,0.1337481427885829
BANK_004,SCN_0070,Stressed,Stressed,0.16504680836890334,0.8226675410702279,0.012285650560868755
BANK_005,SCN_0070,Healthy,Healthy,0.9735789955812965,0.026420725718896212,2.7869980746957263e-07
BANK_006,SCN_0070,Stressed,Stressed,0.00041983721126530733,0.9251700397346002,0.07441012305413433
BANK_007,SCN_0070,Healthy,Healthy,0.9817264480094443,0.018272150518646377,1.4014719093530885e-06
BANK_008,SCN_0070,Stressed,Stressed,0.0035491996126681695,0.8979047653957939,0.09854603499153784
BANK_009,SCN_0070,Healthy,Stressed,0.10685832876451469,0.8629193676719831,0.030222303563502348
BANK_010,SCN_0070,Stressed,Critical,0.001052591307112508,0.3327769079719784,0.6661705007209091
BANK_011,SCN_0070,Healthy,Stressed,0.21121183685733552,0.7831738482157627,0.0056143149269017615
BANK_012,SCN_0070,Healthy,Healthy,0.9411914061913318,0.058807430465381665,1.163343286479561e-06
BANK_013,SCN_0070,Critical,Critical,2.029405257981256e-12,3.733236249314522e-05,0.9999626676354775
BANK_014,SCN_0070,Stressed,Critical,0.002076234720188931,0.48957793962204826,0.5083458256577628
BANK_015,SCN_0070,Critical,Critical,3.89942265547239e-08,0.037305354606799686,0.9626946063989736
BANK_016,SCN_0070,Healthy,Healthy,0.8973284642562291,0.10266556836379741,5.967379973529472e-06
BANK_017,SCN_0070,Critical,Critical,4.184148158146121e-05,0.12206676204930503,0.8778913964691135
BANK_018,SCN_0070,Stressed,Stressed,0.05240540162927815,0.9468033452980716,0.0007912530726501891
BANK_019,SCN_0070,Critical,Critical,3.1336166006668415e-11,1.6073707703106658e-05,0.9999839262609606
BANK_020,SCN_0070,Critical,Critical,3.957817592371384e-08,0.0019339486544142255,0.9980660117674098
BANK_021,SCN_0070,Stressed,Critical,6.979713489185276e-05,0.05992383748119021,0.9400063653839181
BANK_022,SCN_0070,Critical,Critical,2.2089385025267437e-08,0.0019400237096602307,0.9980599542009548
BANK_023,SCN_0070,Stressed,Stressed,0.4074976966041245,0.5921881613615839,0.00031414203429159837
BANK_024,SCN_0070,Stressed,Stressed,0.0007693627567778503,0.8598466145741948,0.13938402266902752
BANK_025,SCN_0070,Stressed,Stressed,0.00288328807081911,0.658096314460917,0.33902039746826385
BANK_026,SCN_0070,Stressed,Stressed,0.09944043274517184,0.8739592147501162,0.02660035250471191
BANK_027,SCN_0070,Stressed,Stressed,0.04545052581194029,0.7949676866044701,0.1595817875835895
BANK_028,SCN_0070,Stressed,Critical,5.57054242656474e-05,0.05414485238019206,0.9457994421955424
BANK_029,SCN_0070,Stressed,Critical,4.055682280783895e-06,0.14962030189943268,0.8503756424182864
BANK_030,SCN_0070,Critical,Critical,6.234100960733494e-14,1.976400875363468e-05,0.999980235991184
BANK_031,SCN_0070,Healthy,Healthy,0.9901132333612217,0.0098866424648017,1.2417397665388763e-07
BANK_032,SCN_0070,Stressed,Stressed,0.044249992806814735,0.9506691833361092,0.005080823857076012
BANK_033,SCN_0070,Stressed,Critical,5.219832933972201e-06,0.07879556004338793,0.921199220123678
BANK_034,SCN_0070,Stressed,Stressed,0.0002801738437405046,0.6730466011883671,0.32667322496789236
BANK_035,SCN_0070,Healthy,Healthy,0.9989653478535027,0.001034580509804662,7.163669279677638e-08
BANK_036,SCN_0070,Stressed,Stressed,0.3301780795303322,0.6582319670716257,0.011589953398042105
BANK_037,SCN_0070,Stressed,Stressed,0.007184773548591286,0.5144218214074776,0.4783934050439311
BANK_038,SCN_0070,Critical,Stressed,0.029483251035230026,0.8521278926425642,0.11838885632220575
BANK_039,SCN_0070,Healthy,Stressed,0.46570108164910595,0.5341733109997435,0.00012560735115048165
BANK_040,SCN_0070,Stressed,Stressed,0.2837236690630257,0.7148037908226261,0.0014725401143481512
BANK_001,SCN_0071,Healthy,Healthy,0.9446666761122415,0.05521150186364726,0.00012182202411128446
BANK_002,SCN_0071,Stressed,Stressed,0.01730963368515663,0.8948472130644191,0.08784315325042427
BANK_003,SCN_0071,Stressed,Stressed,0.015995837968368287,0.8528485165096508,0.13115564552198103
BANK_004,SCN_0071,Healthy,Stressed,0.16903104070966607,0.819004725000255,0.011964234290079022
BANK_005,SCN_0071,Healthy,Healthy,0.9742976753685493,0.025702059424712174,2.6520673867067847e-07
BANK_006,SCN_0071,Stressed,Stressed,0.0004325917646218134,0.9266625017774254,0.07290490645795288
BANK_007,SCN_0071,Healthy,Healthy,0.982227579101283,0.017771087581626793,1.3333170901323597e-06
BANK_008,SCN_0071,Stressed,Stressed,0.003658622814157061,0.899746569233694,0.09659480795214878
BANK_009,SCN_0071,Healthy,Stressed,0.10966304438032291,0.8608447740071152,0.02949218161256181
BANK_010,SCN_0071,Critical,Critical,0.0010987502670518172,0.3376720441153938,0.6612292056175544
BANK_011,SCN_0071,Healthy,Stressed,0.2159941055372498,0.7785464578044784,0.00545943665827178
BANK_012,SCN_0071,Healthy,Healthy,0.9427392597627151,0.05725963221385544,1.1080234294337404e-06
BANK_013,SCN_0071,Critical,Critical,2.134228938335834e-12,3.816457296469802e-05,0.9999618354249011
BANK_014,SCN_0071,Stressed,Critical,0.00215967663096302,0.4950360538192879,0.5028042695497491
BANK_015,SCN_0071,Critical,Critical,4.0974330632196255e-08,0.03810530478135081,0.9618946542443186
BANK_016,SCN_0071,Healthy,Healthy,0.8999080997636549,0.10008620963942469,5.690596920425068e-06
BANK_017,SCN_0071,Critical,Critical,4.388322152138339e-05,0.1244490491301622,0.8755070676483163
BANK_018,SCN_0071,Stressed,Stressed,0.05383040686207131,0.9453967445217192,0.0007728486162094584
BANK_019,SCN_0071,Critical,Critical,3.295477024094321e-11,1.6432029483296983e-05,0.9999835679375619
BANK_020,SCN_0071,Critical,Critical,4.162072440450033e-08,0.001976976513328737,0.998022981865947
BANK_021,SCN_0071,Critical,Critical,7.330419739073336e-05,0.061177760511785695,0.9387489352908236
BANK_022,SCN_0071,Critical,Critical,2.32293697541415e-08,0.0019831864639253474,0.998016790306705
BANK_023,SCN_0071,Stressed,Stressed,0.4143545989688191,0.5853416620914663,0.000303738939714711
BANK_024,SCN_0071,Stressed,Stressed,0.0007938544276722359,0.8624489702619144,0.13675717531041337
BANK_025,SCN_0071,Critical,Stressed,0.002987938937112948,0.6629424842740334,0.33406957678885374
BANK_026,SCN_0071,Stressed,Stressed,0.102064100435137,0.8719746965110566,0.02596120305380642
BANK_027,SCN_0071,Stressed,Stressed,0.04685777300939106,0.7967001859292321,0.1564420410613768
BANK_028,SCN_0071,Critical,Critical,5.8511998003024984e-05,0.05528500154156275,0.9446564864604342
BANK_029,SCN_0071,Critical,Critical,4.2509917372750515e-06,0.15244724221097375,0.8475485067972891
BANK_030,SCN_0071,Critical,Critical,6.556109891529508e-14,2.0204594598192685e-05,0.9999797954053362
BANK_031,SCN_0071,Healthy,Healthy,0.9903866054336957,0.009613276458689637,1.181076145528577e-07
BANK_032,SCN_0071,Stressed,Stressed,0.0454681173327362,0.9495676134908039,0.004964269176460024
BANK_033,SCN_0071,Stressed,Critical,5.479827283560326e-06,0.08041086314464753,0.919583657028069
BANK_034,SCN_0071,Stressed,Stressed,0.0002902860675119103,0.6778700550450826,0.3218396588874055
BANK_035,SCN_0071,Healthy,Healthy,0.9989942061788435,0.001005725701023177,6.81201333114915e-08
BANK_036,SCN_0071,Healthy,Stressed,0.336554459552251,0.6522120112689871,0.011233529178761848
BANK_037,SCN_0071,Stressed,Stressed,0.0074674831198627365,0.5197365484665755,0.47279596841356186
BANK_038,SCN_0071,Stressed,Stressed,0.03038272838439928,0.8536088169715281,0.11600845464407251
BANK_039,SCN_0071,Healthy,Stressed,0.47275431532555023,0.5271244377509035,0.0001212469235462866
BANK_040,SCN_0071,Stressed,Stressed,0.2895223748707771,0.7090487933034579,0.0014288318257649256
BANK_001,SCN_0073,Healthy,Healthy,0.9990494671547289,0.0009505178731196345,1.4972151468269395e-08
BANK_002,SCN_0073,Healthy,Healthy,0.9240209685888472,0.07594236581726932,3.6665593883498235e-05
BANK_003,SCN_0073,Healthy,Healthy,0.9119267237521786,0.08800524924011807,6.802700770326976e-05
BANK_004,SCN_0073,Healthy,Healthy,0.9952503161531402,0.004749368927407359,3.1491945258135253e-07
BANK_005,SCN_0073,Healthy,Healthy,0.9999588724462095,4.112755171006842e-05,2.080396689761364e-12
BANK_006,SCN_0073,Stressed,Stressed,0.07281600575247517,0.926744386256674,0.0004396079908508535
BANK_007,SCN_0073,Healthy,Healthy,0.9998573835845916,0.00014261634776201364,6.764648240423631e-11
BANK_008,SCN_0073,Stressed,Stressed,0.24847455161260895,0.75097637711776,0.0005490712696310239
BANK_009,SCN_0073,Healthy,Healthy,0.9245892255168373,0.07539367241088875,1.7102072273894643e-05
BANK_010,SCN_0073,Healthy,Stressed,0.34656731606631813,0.6457821759701928,0.007650507963489037
BANK_011,SCN_0073,Healthy,Healthy,0.9978827407107638,0.002117197469500097,6.181973602546686e-08
BANK_012,SCN_0073,Healthy,Healthy,0.9998468184370841,0.0001531815471644672,1.5751390218561812e-11
BANK_013,SCN_0073,Critical,Critical,1.87429258079568e-08,0.0053373545655413974,0.9946626266915328
BANK_014,SCN_0073,Healthy,Stressed,0.3547911896102606,0.6410922533589387,0.004116557030800701
BANK_015,SCN_0073,Stressed,Stressed,0.000670441472904182,0.8907092527114722,0.10862030581562357
BANK_016,SCN_0073,Healthy,Healthy,0.9998405887903188,0.00015941116586974525,4.381153012841717e-11
BANK_017,SCN_0073,Stressed,Stressed,0.09507043480590542,0.870990342348034,0.03393922284606058
BANK_018,SCN_0073,Healthy,Healthy,0.971762148808052,0.028237736895673434,1.1429627471822644e-07
BANK_019,SCN_0073,Critical,Critical,5.342099875313327e-07,0.00251541665093665,0.9974840491390757
BANK_020,SCN_0073,Stressed,Critical,0.0007890059359682116,0.24423044228850285,0.7549805517755288
BANK_021,SCN_0073,Stressed,Stressed,0.07069208436169301,0.8394086927369415,0.08989922290136543
BANK_022,SCN_0073,Critical,Critical,0.00018684700365709505,0.22218643285375966,0.7776267201425833
BANK_023,SCN_0073,Healthy,Healthy,0.9984575644860888,0.0015424318166534657,3.697257711336261e-09
BANK_024,SCN_0073,Healthy,Healthy,0.635384989280679,0.36437877645055694,0.00023623426876412596
BANK_025,SCN_0073,Healthy,Healthy,0.7298542298225789,0.26947276981512924,0.0006730003622919149
BANK_026,SCN_0073,Healthy,Healthy,0.9164894317663745,0.0834940366464089,1.6531587216607396e-05
BANK_027,SCN_0073,Healthy,Healthy,0.9765637227276482,0.02341411447905419,2.2162793297575808e-05
BANK_028,SCN_0073,Stressed,Stressed,0.11300809516906725,0.8011611420350837,0.08583076279584913
BANK_029,SCN_0073,Stressed,Stressed,0.01661051993968546,0.9571698616125073,0.026219618447807156
BANK_030,SCN_0073,Critical,Critical,1.2970149559902815e-08,0.004357230906048491,0.9956427561238022
BANK_031,SCN_0073,Healthy,Healthy,0.9999839400867915,1.6059912231502746e-05,9.769480955647267e-13
BANK_032,SCN_0073,Healthy,Healthy,0.7832089740801831,0.2167832093075574,7.81661225955462e-06
BANK_033,SCN_0073,Stressed,Stressed,0.03751810479730117,0.9109031714895134,0.05157872371318538
BANK_034,SCN_0073,Stressed,Stressed,0.20497687532990144,0.7931581031017195,0.0018650215683789406
BANK_035,SCN_0073,Healthy,Healthy,0.9999889859581642,1.101403685335404e-05,4.982497845077907e-12
BANK_036,SCN_0073,Healthy,Healthy,0.9792362584318399,0.020761353274437584,2.3882937224782877e-06
BANK_037,SCN_0073,Stressed,Stressed,0.4670129408185096,0.529547672309382,0.003439386872108418
BANK_038,SCN_0073,Healthy,Healthy,0.7882030738081125,0.21160915851596077,0.00018776767592663712
BANK_039,SCN_0073,Healthy,Healthy,0.9986093744687208,0.0013906240204366884,1.5108425311601957e-09
BANK_040,SCN_0073,Healthy,Healthy,0.960511646106648,0.03948778289923722,5.709941147280548e-07
BANK_001,SCN_0074,Healthy,Healthy,0.9795511589647461,0.02042863601733924,2.0205017914601366e-05
BANK_002,SCN_0074,Stressed,Stressed,0.04936182344666359,0.9105703176725721,0.04006785888076431
BANK_003,SCN_0074,Stressed,Stressed,0.04686791941631386,0.8916652855478328,0.061466795035853374
BANK_004,SCN_0074,Healthy,Stressed,0.36492798741944876,0.6309404863247113,0.004131526255839815
BANK_005,SCN_0074,Healthy,Healthy,0.990674533907751,0.009325422959336128,4.313291298283798e-08
BANK_006,SCN_0074,Stressed,Stressed,0.001262103194366295,0.9647160192654677,0.034021877540166
BANK_007,SCN_0074,Healthy,Healthy,0.9935852034590029,0.0064145808106020556,2.157303948893137e-07
BANK_008,SCN_0074,Stressed,Stressed,0.010755420084018424,0.9438244445440409,0.045420135371940694
BANK_009,SCN_0074,Healthy,Stressed,0.2601390358413724,0.7286707852766777,0.011190178881949805
BANK_010,SCN_0074,Critical,Stressed,0.0048327726425202965,0.5299730185420292,0.4651942088154506
BANK_011,SCN_0074,Stressed,Stressed,0.43663750397303225,0.5615972230654224,0.0017652729615453772
BANK_012,SCN_0074,Healthy,Healthy,0.9787866122324324,0.021213203762293156,1.8400527452624738e-07
BANK_013,SCN_0074,Critical,Critical,1.3342453622477601e-11,8.513661665082963e-05,0.9999148633700069
BANK_014,SCN_0074,Stressed,Stressed,0.008331217138294943,0.6814246458221425,0.31024413703956255
BANK_015,SCN_0074,Stressed,Critical,2.446923516368919e-07,0.0811998541543007,0.9187999011533479
BANK_016,SCN_0074,Healthy,Healthy,0.9618279211252355,0.03817110603358563,9.728411788075793e-07
BANK_017,SCN_0074,Stressed,Critical,0.00023786414056313016,0.24070401656977264,0.7590581192896642
BANK_018,SCN_0074,Stressed,Stressed,0.13756816455539914,0.8621159209039737,0.0003159145406272895
BANK_019,SCN_0074,Critical,Critical,2.060272201147527e-10,3.665715892705077e-05,0.9999633426350457
BANK_020,SCN_0074,Critical,Critical,2.5957872829241053e-07,0.004399691828086283,0.9956000485931855
BANK_021,SCN_0074,Stressed,Critical,0.0004260472922731433,0.12687726954219372,0.8726966831655331
BANK_022,SCN_0074,Critical,Critical,1.4487505801286366e-07,0.00441347862695371,0.9955863764979883
BANK_023,SCN_0074,Stressed,Healthy,0.6648068949588791,0.33511515636823014,7.794867289073417e-05
BANK_024,SCN_0074,Stressed,Stressed,0.0024025921480432164,0.9313949359867151,0.06620247186524168
BANK_025,SCN_0074,Stressed,Stressed,0.010198433931808215,0.8074188843151469,0.18238268175304487
BANK_026,SCN_0074,Healthy,Stressed,0.244544995187593,0.7455056370926537,0.009949367719753206
BANK_027,SCN_0074,Stressed,Stressed,0.13156117150112168,0.7981826597808932,0.0702561687179851
BANK_028,SCN_0074,Critical,Critical,0.000342407925586597,0.1154429693159408,0.8842146227584726
BANK_029,SCN_0074,Critical,Critical,2.237745908880674e-05,0.2863527548750706,0.7136248676658405
BANK_030,SCN_0074,Critical,Critical,4.098741438580514e-13,4.5072922792342524e-05,0.9999549270767978
BANK_031,SCN_0074,Healthy,Healthy,0.9965483343902429,0.0034516466008823383,1.9008874745569783e-08
BANK_032,SCN_0074,Stressed,Stressed,0.11806947203077563,0.8798686124248254,0.0020619155443990893
BANK_033,SCN_0074,Critical,Critical,3.117326641153574e-05,0.16322679265965603,0.8367420340739326
BANK_034,SCN_0074,Stressed,Stressed,0.000988534498259413,0.8237081626132733,0.17530330288846732
BANK_035,SCN_0074,Healthy,Healthy,0.9996408837505875,0.0003591053465274637,1.0902884990315902e-08
BANK_036,SCN_0074,Healthy,Healthy,0.5893297586221772,0.40752391232022056,0.0031463290576022687
BANK_037,SCN_0074,Stressed,Stressed,0.027806793830485635,0.6905914665709906,0.28160173959852375
BANK_038,SCN_0074,Stressed,Stressed,0.08594065698547643,0.8615729846675927,0.052486358346930856
BANK_039,SCN_0074,Healthy,Healthy,0.7153541726618763,0.2846164818564607,2.934548166307373e-05
BANK_040,SCN_0074,Healthy,Healthy,0.533425406156668,0.46615352066293864,0.00042107318039350374
BANK_001,SCN_0076,Healthy,Healthy,0.9975141710772568,0.002485746055150845,8.286759221142449e-08
BANK_002,SCN_0076,Stressed,Healthy,0.8227191449784265,0.17709988904648966,0.00018096597508398716
BANK_003,SCN_0076,Healthy,Healthy,0.7979723612053834,0.20169766632960398,0.00032997246501266226
BANK_004,SCN_0076,Healthy,Healthy,0.9876537902928189,0.01234447733849536,1.7323686859669384e-06
BANK_005,SCN_0076,Healthy,Healthy,0.9998922869376428,0.00010771305082561321,1.1531496212834302e-11
BANK_006,SCN_0076,Stressed,Stressed,0.02909663176203566,0.969929612858535,0.0009737553794293033
BANK_007,SCN_0076,Healthy,Healthy,0.9996265487994125,0.00037345082568936155,3.7489821161291555e-10
BANK_008,SCN_0076,Stressed,Stressed,0.11200336166395292,0.8866246630498112,0.0013719752862357327
BANK_009,SCN_0076,Healthy,Healthy,0.8239420717638616,0.17597344607501547,8.44821611229246e-05
BANK_010,SCN_0076,Stressed,Stressed,0.1665874732359942,0.8130273990832063,0.020385127680799406
BANK_011,SCN_0076,Healthy,Healthy,0.9944732959656639,0.005526362519804859,3.415145312107787e-07
BANK_012,SCN_0076,Healthy,Healthy,0.9995988902376285,0.00040110967507841957,8.729303905854815e-11
BANK_013,SCN_0076,Critical,Critical,3.3907318204212005e-09,0.002528986435011945,0.9974710101742563
BANK_014,SCN_0076,Healthy,Stressed,0.17250148498474846,0.8164036359070095,0.011094879108242084
BANK_015,SCN_0076,Stressed,Stressed,0.00022837470031004877,0.7946711973083742,0.20510042799131578
BANK_016,SCN_0076,Healthy,Healthy,0.9995825818806915,0.00041741787651068267,2.4279780962773465e-10
BANK_017,SCN_0076,Critical,Stressed,0.037071995082644374,0.8895660663993918,0.07336193851796384
BANK_018,SCN_0076,Healthy,Healthy,0.929273590155344,0.07072580396814192,6.058765140305081e-07
BANK_019,SCN_0076,Critical,Critical,9.649846708184589e-08,0.001190098018915839,0.9988098054826171
BANK_020,SCN_0076,Critical,Critical,0.00016350573215928533,0.13256134372864678,0.867275150539194
BANK_021,SCN_0076,Stressed,Stressed,0.025542848645931253,0.7943948041545904,0.1800623471994783
BANK_022,SCN_0076,Critical,Critical,3.818854145725998e-05,0.11894025356752111,0.8810215578910217
BANK_023,SCN_0076,Healthy,Healthy,0.9959701463235076,0.004029833232540206,2.0443952308973597e-08
BANK_024,SCN_0076,Healthy,Stressed,0.39934546118505376,0.5998314946762497,0.0008230441386965172
BANK_025,SCN_0076,Healthy,Healthy,0.507061178064738,0.4903469833183159,0.002591838616946086
BANK_026,SCN_0076,Healthy,Healthy,0.8072901218818906,0.19262915737408984,8.072074401950185e-05
BANK_027,SCN_0076,Healthy,Healthy,0.9408017564714382,0.05907988748066088,0.00011835604790108093
BANK_028,SCN_0076,Stressed,Stressed,0.04205461837235602,0.7808873872855484,0.1770579943420955
BANK_029,SCN_0076,Stressed,Stressed,0.006223619774281143,0.9393192665645071,0.054457113661211566
BANK_030,SCN_0076,Critical,Critical,2.345178600343612e-09,0.0020635067968618817,0.9979364908579593
BANK_031,SCN_0076,Healthy,Healthy,0.9999579373800631,4.2062614521399775e-05,5.4153761005135124e-12
BANK_032,SCN_0076,Healthy,Healthy,0.5797059314644564,0.4202619971970909,3.207133845266472e-05
BANK_033,SCN_0076,Stressed,Stressed,0.013848158841958013,0.8806183847539084,0.10553345640413365
BANK_034,SCN_0076,Healthy,Stressed,0.08940279556776036,0.9060880146334873,0.0045091897987523935
BANK_035,SCN_0076,Healthy,Healthy,0.9999711528052987,2.884716708248991e-05,2.761899052468632e-11
BANK_036,SCN_0076,Healthy,Healthy,0.9473786623519901,0.052608529324842425,1.2808323167284374e-05
BANK_037,SCN_0076,Stressed,Stressed,0.2493320606636246,0.7404890904438306,0.010178848892544905
BANK_038,SCN_0076,Healthy,Healthy,0.5866853496788544,0.412539909612281,0.0007747407088646757
BANK_039,SCN_0076,Healthy,Healthy,0.9963658878414263,0.0036341038023349217,8.356238754814254e-09
BANK_040,SCN_0076,Healthy,Healthy,0.9027872532637841,0.09720977176449387,2.974971721934102e-06
BANK_001,SCN_0077,Healthy,Healthy,0.9994575542596623,0.0005424434233107448,2.3170269061137726e-09
BANK_002,SCN_0077,Healthy,Healthy,0.9855586354298685,0.014439795355698469,1.5692144329449578e-06
BANK_003,SCN_0077,Healthy,Healthy,0.9819710188046143,0.01802581064023069,3.1705551550393072e-06
BANK_004,SCN_0077,Healthy,Healthy,0.9993308606626183,0.0006691297434787037,9.593903004932407e-09
BANK_005,SCN_0077,Healthy,Healthy,0.9999927391003468,7.260899570567866e-06,8.253552664129807e-14
BANK_006,SCN_0077,Stressed,Stressed,0.18564344842198063,0.8142602922199329,9.625935808645467e-05
BANK_007,SCN_0077,Healthy,Healthy,0.999943379065597,5.6620927549329536e-05,6.853619495951013e-12
BANK_008,SCN_0077,Healthy,Stressed,0.40026875341210116,0.5996151289152126,0.00011611767268625735
BANK_009,SCN_0077,Healthy,Healthy,0.9641711933925721,0.035826684217306,2.1223901219417527e-06
BANK_010,SCN_0077,Stressed,Healthy,0.6058272684004996,0.3930104247329097,0.001162306866590747
BANK_011,SCN_0077,Healthy,Healthy,0.999769903620982,0.0002300949875827445,1.3914353931521577e-09
BANK_012,SCN_0077,Healthy,Healthy,0.9999655989501169,3.4401049055524343e-05,8.276162654878693e-13
BANK_013,SCN_0077,Critical,Critical,1.2098838428387239e-07,0.01943894143487537,0.9805609375767405
BANK_014,SCN_0077,Healthy,Healthy,0.5819098666092112,0.4174061633606709,0.0006839700301179204
BANK_015,SCN_0077,Stressed,Stressed,0.004317503983246801,0.9693134359078025,0.026369060108950664
BANK_016,SCN_0077,Healthy,Healthy,0.9999730109336946,2.6989064650232435e-05,1.6551579130331779e-12
BANK_017,SCN_0077,Stressed,Stressed,0.2985235850845074,0.6950075632594459,0.0064688516560466825
BANK_018,SCN_0077,Healthy,Healthy,0.9947431133314696,0.0052568818631232115,4.805407271641852e-09
BANK_019,SCN_0077,Critical,Critical,4.711867311574509e-06,0.009639602350085217,0.9903556857826032
BANK_020,SCN_0077,Stressed,Stressed,0.0050135202474730104,0.5601208730738153,0.43486560667871177
BANK_021,SCN_0077,Stressed,Stressed,0.13307818209057137,0.8427216277357534,0.024200190173675085
BANK_022,SCN_0077,Stressed,Stressed,0.0008221961603816743,0.5158995090059079,0.4832782948337106
BANK_023,SCN_0077,Healthy,Healthy,0.9997716491742761,0.00022835070632352573,1.19400550986103e-10
BANK_024,SCN_0077,Healthy,Healthy,0.9443609932702883,0.055631604938399755,7.401791312050687e-06
BANK_025,SCN_0077,Healthy,Healthy,0.9368754134512691,0.0630889855246411,3.5601024089872926e-05
BANK_026,SCN_0077,Healthy,Healthy,0.959634480772294,0.040363427500327516,2.09172737842273e-06
BANK_027,SCN_0077,Healthy,Healthy,0.9959898443829385,0.004009309950108733,8.456669527619768e-07
BANK_028,SCN_0077,Stressed,Stressed,0.2617547498662182,0.7186782293304581,0.0195670208033236
BANK_029,SCN_0077,Stressed,Stressed,0.08778598389714695,0.906619052812622,0.005594963290231079
BANK_030,SCN_0077,Critical,Critical,3.966989998697104e-07,0.019672663702896862,0.9803269395981031
BANK_031,SCN_0077,Healthy,Healthy,0.9999970792374776,2.9207624822270668e-06,4.012586061663406e-14
BANK_032,SCN_0077,Healthy,Healthy,0.8752967827462224,0.12470201875656205,1.1984972155425873e-06
BANK_033,SCN_0077,Stressed,Stressed,0.18275012494713916,0.8069309479305621,0.010318927122298654
BANK_034,SCN_0077,Healthy,Healthy,0.5866390690044146,0.4131415104528107,0.0002194205427746735
BANK_035,SCN_0077,Healthy,Healthy,0.9999948492304285,5.150768960404126e-06,6.111725751309071e-13
BANK_036,SCN_0077,Healthy,Healthy,0.9901820834014182,0.00981762036826207,2.962303197033678e-07
BANK_037,SCN_0077,Healthy,Healthy,0.6067111572571815,0.3925973225025177,0.0006915202403007729
BANK_038,SCN_0077,Healthy,Healthy,0.8949636977364722,0.10501213694384105,2.4165319686659055e-05
BANK_039,SCN_0077,Healthy,Healthy,0.999780015289972,0.00021998465730917562,5.271894174288317e-11
BANK_040,SCN_0077,Healthy,Healthy,0.9767389651371162,0.023260943416398554,9.144648527563164e-08
BANK_001,SCN_0078,Healthy,Healthy,0.9995613663005681,0.00043863211158627386,1.5878455559352838e-09
BANK_002,SCN_0078,Healthy,Healthy,0.9882914138327226,0.01170750792359472,1.0782436828104856e-06
BANK_003,SCN_0078,Healthy,Healthy,0.9853727633490831,0.01462505658678507,2.180064131820449e-06
BANK_004,SCN_0078,Healthy,Healthy,0.9994589067416499,0.0005410866835427193,6.574807479441403e-09
BANK_005,SCN_0078,Healthy,Healthy,0.9999941292727327,5.870727210608949e-06,5.6555338260818457e-14
BANK_006,SCN_0078,Stressed,Stressed,0.21993833390695325,0.779983521966947,7.814412609970917e-05
BANK_007,SCN_0078,Healthy,Healthy,0.999954219282009,4.5780713294676205e-05,4.69631015669013e-12
BANK_008,SCN_0078,Healthy,Stressed,0.452199109863829,0.5477110007507747,8.988938539626325e-05
BANK_009,SCN_0078,Healthy,Healthy,0.9708311806426777,0.029167355000705802,1.4643566165313811e-06
BANK_010,SCN_0078,Healthy,Healthy,0.6553820936279454,0.34375632037584075,0.0008615859962139655
BANK_011,SCN_0078,Healthy,Healthy,0.9998139501242927,0.0001860489222212416,9.534858512622198e-10
BANK_012,SCN_0078,Healthy,Healthy,0.9999721852331983,2.7814766234599822e-05,5.671056206839058e-13
BANK_013,SCN_0078,Critical,Critical,1.7595229391020987e-07,0.022857289807600878,0.9771425342401051
BANK_014,SCN_0078,Healthy,Healthy,0.6326017514653812,0.36688874897236334,0.0005094995622554659
BANK_015,SCN_0078,Stressed,Stressed,0.005355949001398046,0.9722294810855361,0.022414569913065875
BANK_016,SCN_0078,Healthy,Healthy,0.9999781781800718,2.182181879406083e-05,1.1341585015808559e-12
BANK_017,SCN_0078,Healthy,Stressed,0.3451551600131507,0.6497198267955145,0.005125013191334763
BANK_018,SCN_0078,Healthy,Healthy,0.9957453214436909,0.004254675260214974,3.296094149221135e-09
BANK_019,SCN_0078,Critical,Critical,6.864474344065964e-06,0.01135466224848148,0.9886384732771744
BANK_020,SCN_0078,Stressed,Stressed,0.006632754828310096,0.5991475608434756,0.39421968432821436
BANK_021,SCN_0078,Stressed,Stressed,0.16013569359067137,0.8199102066928456,0.01995409971648294
BANK_022,SCN_0078,Stressed,Stressed,0.001097577939838807,0.556834207618361,0.44206821444180006
BANK_023,SCN_0078,Healthy,Healthy,0.9998153614389138,0.0001846384792665571,8.181960764452036e-11
BANK_024,SCN_0078,Healthy,Healthy,0.9545301986944759,0.04546467481047132,5.126495052867853e-06
BANK_025,SCN_0078,Healthy,Healthy,0.9483411414494632,0.051634165353909675,2.4693196627141322e-05
BANK_026,SCN_0078,Healthy,Healthy,0.9671089647662187,0.032889590769791546,1.4444639897550986e-06
BANK_027,SCN_0078,Healthy,Healthy,0.99675524623523,0.0032441738488206595,5.799159492616051e-07
BANK_028,SCN_0078,Stressed,Stressed,0.30570191896863963,0.6786392126337285,0.01565886839763193
BANK_029,SCN_0078,Stressed,Stressed,0.1064515800806738,0.8888994552442424,0.004648964675083835
BANK_030,SCN_0078,Critical,Critical,5.768914518177032e-07,0.023131139802148256,0.9768682833063999
BANK_031,SCN_0078,Healthy,Healthy,0.9999976384488499,2.361551122539707e-06,2.7495186942952405e-14
BANK_032,SCN_0078,Healthy,Healthy,0.8967065253350964,0.10329263333930896,8.413255945537558e-07
BANK_033,SCN_0078,Stressed,Stressed,0.21697696634630487,0.7746279975292618,0.008395036124433328
BANK_034,SCN_0078,Healthy,Healthy,0.6370761567669574,0.3627605644602764,0.00016327877276631116
BANK_035,SCN_0078,Healthy,Healthy,0.9999958353989032,4.16460067802973e-06,4.1879005519534225e-13
BANK_036,SCN_0078,Healthy,Healthy,0.9920469198995452,0.007952876734275218,2.0336617965599256e-07
BANK_037,SCN_0078,Healthy,Healthy,0.6561769430658531,0.34331057807531845,0.000512478858828548
BANK_038,SCN_0078,Healthy,Healthy,0.9133339078588223,0.08664919361688261,1.6898524295162125e-05
BANK_039,SCN_0078,Healthy,Healthy,0.9998221263405443,0.0001778736233298237,3.6125764778066285e-11
BANK_040,SCN_0078,Healthy,Healthy,0.9811084265345315,0.018891510523896794,6.294157182675784e-08
BANK_001,SCN_0079,Healthy,Healthy,0.9947123017254452,0.005286941075700908,7.571988537774928e-07
BANK_002,SCN_0079,Healthy,Stressed,0.4037214424987111,0.5931415141083932,0.003137043392895722
BANK_003,SCN_0079,Stressed,Stressed,0.38018118142692753,0.6146703085037846,0.00514851006928783
BANK_004,SCN_0079,Healthy,Healthy,0.902149434856962,0.09777663670570613,7.392843733182729e-05
BANK_005,SCN_0079,Healthy,Healthy,0.9992581155572966,0.0007418840309412973,4.1176210711878075e-10
BANK_006,SCN_0079,Stressed,Stressed,0.008386407210611825,0.9869815260816078,0.004632066707780338
BANK_007,SCN_0079,Healthy,Healthy,0.9988562886862561,0.0011437060722208376,5.241522936049554e-09
BANK_008,SCN_0079,Stressed,Stressed,0.04862796864470102,0.9449404488683619,0.006431582486937017
BANK_009,SCN_0079,Healthy,Healthy,0.6363437560818438,0.36287909314442046,0.0007771507737356563
BANK_010,SCN_0079,Stressed,Stressed,0.04986936245103318,0.8506011177800872,0.09952951976887953
BANK_011,SCN_0079,Healthy,Healthy,0.9413066157817853,0.05867298807109215,2.0396147122382015e-05
BANK_012,SCN_0079,Healthy,Healthy,0.997830463046656,0.002169534602258462,2.3510852987103226e-09
BANK_013,SCN_0079,Critical,Critical,3.66027390621972e-10,0.0005887249918708384,0.9994112746421018
BANK_014,SCN_0079,Stressed,Stressed,0.06095404740656337,0.8841893940181534,0.054856558575283064
BANK_015,SCN_0079,Stressed,Critical,1.699988458022694e-05,0.425907370587928,0.5740756295274918
BANK_016,SCN_0079,Healthy,Healthy,0.9970075517685473,0.0029924391438915,9.08756123213275e-09
BANK_017,SCN_0079,Stressed,Stressed,0.006169048144157686,0.7087506666533925,0.2850802852024498
BANK_018,SCN_0079,Stressed,Healthy,0.6626007360282129,0.33738435452293936,1.4909448847804602e-05
BANK_019,SCN_0079,Critical,Critical,7.670266035723053e-09,0.0002649053326887606,0.9997350869970452
BANK_020,SCN_0079,Critical,Critical,1.1671638187460798e-05,0.031899389201813594,0.9680889391599988
BANK_021,SCN_0079,Stressed,Stressed,0.0070505602440354,0.5002673763259786,0.49268206342998594
BANK_022,SCN_0079,Critical,Critical,4.188896784662341e-06,0.03008314735430349,0.9699126637489118
BANK_023,SCN_0079,Healthy,Healthy,0.967775365590962,0.03222376132908799,8.730799499217352e-07
BANK_024,SCN_0079,Stressed,Stressed,0.052827511101031496,0.9398516982070277,0.007320790691940798
BANK_025,SCN_0079,Stressed,Stressed,0.13111392253146756,0.8458339378862646,0.023052139582267903
BANK_026,SCN_0079,Healthy,Healthy,0.6135007297309885,0.3857796974143966,0.0007195728546148174
BANK_027,SCN_0079,Healthy,Healthy,0.6850024475426946,0.31173257465002446,0.0032649778072810698
BANK_028,SCN_0079,Stressed,Critical,0.008335417263087301,0.48624881514805807,0.5054157675888546
BANK_029,SCN_0079,Critical,Stressed,0.0007502982885220059,0.7687698751020329,0.23047982660944508
BANK_030,SCN_0079,Critical,Critical,5.3350674199764354e-11,0.00038691851907092707,0.9996130814275785
BANK_031,SCN_0079,Healthy,Healthy,0.9997186600889151,0.00028133972423461686,1.8685031849738507e-10
BANK_032,SCN_0079,Healthy,Stressed,0.3684264467298516,0.6313629642755536,0.00021058899459491657
BANK_033,SCN_0079,Stressed,Stressed,0.001450445851075621,0.6170721680991161,0.38147738604980824
BANK_034,SCN_0079,Healthy,Stressed,0.014185854853285633,0.9611428509601752,0.024671294186539256
BANK_035,SCN_0079,Healthy,Healthy,0.9999249504579063,7.504922294743132e-05,3.1914633232477407e-10
BANK_036,SCN_0079,Healthy,Healthy,0.8736430675671054,0.12622044117502887,0.0001364912578657815
BANK_037,SCN_0079,Stressed,Stressed,0.1297713953068735,0.8217058967101458,0.04852270798298071
BANK_038,SCN_0079,Healthy,Stressed,0.33624212451313634,0.6582050356008522,0.005552839886011562
BANK_039,SCN_0079,Healthy,Healthy,0.9726809003800345,0.02731876784774136,3.317722240748955e-07
BANK_040,SCN_0079,Healthy,Healthy,0.8155324086915745,0.18444340355930447,2.4187749121120043e-05
BANK_001,SCN_0080,Healthy,Healthy,0.9985375375883593,0.001462430180956579,3.223068395173744e-08
BANK_002,SCN_0080,Healthy,Healthy,0.8876266427737991,0.11229749682542568,7.586040077525682e-05
BANK_003,SCN_0080,Healthy,Healthy,0.8705377508656115,0.12932238159307538,0.0001398675413131687
BANK_004,SCN_0080,Healthy,Healthy,0.9927070634535107,0.007292260002278884,6.765442104643878e-07
BANK_005,SCN_0080,Healthy,Healthy,0.9999366916922614,6.330830325798861e-05,4.480685139338338e-12
BANK_006,SCN_0080,Stressed,Stressed,0.048532774826567246,0.9508361490423467,0.0006310761310861051
BANK_007,SCN_0080,Healthy,Healthy,0.9997804802272722,0.00021951962704125073,1.4568663752917516e-10
BANK_008,SCN_0080,Stressed,Stressed,0.17676556442156716,0.8223931327003018,0.0008413028781310253
BANK_009,SCN_0080,Healthy,Healthy,0.8884443510738174,0.11152025424165139,3.5394684531217524e-05
BANK_010,SCN_0080,Healthy,Stressed,0.2553678026911594,0.7324905751319062,0.012141622176934406
BANK_011,SCN_0080,Healthy,Healthy,0.9967444761195494,0.003255390884205747,1.329962448538389e-07
BANK_012,SCN_0080,Healthy,Healthy,0.9997642193908898,0.00023578057518754649,3.392273952231479e-11
BANK_013,SCN_0080,Critical,Critical,8.715479524863279e-09,0.003820475382930518,0.99617951590159
BANK_014,SCN_0080,Stressed,Stressed,0.2627065119774747,0.7307284075432152,0.006565080479310013
BANK_015,SCN_0080,Stressed,Stressed,0.00041753018546737604,0.853887038216233,0.14569543159829948
BANK_016,SCN_0080,Healthy,Healthy,0.9997546313818368,0.00024536852380941645,9.435371169166719e-11
BANK_017,SCN_0080,Stressed,Stressed,0.0630052668697484,0.8885506015614355,0.04844413156881606
BANK_018,SCN_0080,Healthy,Healthy,0.9571840795246546,0.04281567799559866,2.424797466243102e-07
BANK_019,SCN_0080,Critical,Critical,2.482081248895758e-07,0.0017990837143370027,0.9982006680775379
BANK_020,SCN_0080,Stressed,Critical,0.0003939451809155891,0.18771231596822618,0.8118937388508582
BANK_021,SCN_0080,Stressed,Stressed,0.045418440939617825,0.8301801558390206,0.12440140322136159
BANK_022,SCN_0080,Critical,Critical,9.263279791101034e-05,0.16956399143396347,0.8303433757681254
BANK_023,SCN_0080,Healthy,Healthy,0.9976276228298004,0.0023723692136186337,7.956580913558354e-09
BANK_024,SCN_0080,Healthy,Healthy,0.5309030736554076,0.46867178915908414,0.00042513718550828285
BANK_025,SCN_0080,Healthy,Healthy,0.6368061938407352,0.3619290862542232,0.001264719905041483
BANK_026,SCN_0080,Stressed,Healthy,0.8769800719367669,0.1229858570756428,3.4070987590351326e-05
BANK_027,SCN_0080,Healthy,Healthy,0.9643607209415164,0.03559214103937965,4.713801910401535e-05
BANK_028,SCN_0080,Stressed,Stressed,0.07380655109217939,0.8054576012751012,0.12073584763271933
BANK_029,SCN_0080,Stressed,Stressed,0.010740701441419028,0.9527432570957691,0.036516041462811934
BANK_030,SCN_0080,Critical,Critical,6.02944416722595e-09,0.0031180302182992133,0.9968819637522567
BANK_031,SCN_0080,Healthy,Healthy,0.9999752783819031,2.4721615992927005e-05,2.1041448576537773e-12
BANK_032,SCN_0080,Healthy,Healthy,0.701215118876051,0.2987698081103136,1.5073013635341967e-05
BANK_033,SCN_0080,Stressed,Stressed,0.024192616817223494,0.9041731770305328,0.07163420615224365
BANK_034,SCN_0080,Healthy,Stressed,0.14334629458091078,0.8538445655239569,0.0028091398951321954
BANK_035,SCN_0080,Healthy,Healthy,0.9999830456294495,1.695435981911999e-05,1.0731302715298413e-11
BANK_036,SCN_0080,Stressed,Healthy,0.9683899070147962,0.03160500602415865,5.086961045129698e-06
BANK_037,SCN_0080,Stressed,Stressed,0.36214341894942437,0.6321122346932105,0.005744346357365018
BANK_038,SCN_0080,Healthy,Healthy,0.7073221292905733,0.2923149532528423,0.00036291745658439137
BANK_039,SCN_0080,Healthy,Healthy,0.9978609436607716,0.002139053087595545,3.2516327883896105e-09
BANK_040,SCN_0080,Healthy,Healthy,0.9404809029942006,0.05951789283834657,1.2041674528174397e-06
BANK_001,SCN_0083,Healthy,Healthy,0.9965508965130647,0.0034487498401902165,3.536467450494367e-07
BANK_002,SCN_0083,Healthy,Healthy,0.5101454179267293,0.4880066311977993,0.0018479508754714231
BANK_003,SCN_0083,Healthy,Stressed,0.48566827433730647,0.5112656108922102,0.00306611477048325
BANK_004,SCN_0083,Healthy,Healthy,0.9340496868033498,0.06591463024707733,3.568294957298307e-05
BANK_005,SCN_0083,Healthy,Healthy,0.9995168256747551,0.0004831741332381727,1.9200676256215628e-10
BANK_006,SCN_0083,Stressed,Stressed,0.012839338654568757,0.98385468885677,0.0033059724886612654
BANK_007,SCN_0083,Healthy,Healthy,0.9992550203483507,0.0007449772071577028,2.4444915665082418e-09
BANK_008,SCN_0083,Stressed,Stressed,0.07291778040128462,0.9225862550464841,0.004495964552231331
BANK_009,SCN_0083,Healthy,Healthy,0.7289321931454058,0.27065279705679157,0.00041500979780258803
BANK_010,SCN_0083,Healthy,Stressed,0.07670976774039535,0.8519184597675679,0.07137177249203662
BANK_011,SCN_0083,Healthy,Healthy,0.9609888501362815,0.03900144268342733,9.707180291041037e-06
BANK_012,SCN_0083,Healthy,Healthy,0.998586320370676,0.0014136785324546021,1.0968695033829315e-09
BANK_013,SCN_0083,Critical,Critical,7.849725169690335e-10,0.0008220695582570634,0.9991779296567703
BANK_014,SCN_0083,Stressed,Stressed,0.09204320191777217,0.8693400721069653,0.038616725975262604
BANK_015,SCN_0083,Stressed,Stressed,3.119501347536129e-05,0.5088732111273284,0.4910955938591963
BANK_016,SCN_0083,Healthy,Healthy,0.9980495485069162,0.0019504472521770712,4.240906786328485e-09
BANK_017,SCN_0083,Stressed,Stressed,0.010272423167162039,0.7684284762819497,0.22129910055088833
BANK_018,SCN_0083,Stressed,Healthy,0.7510074988619408,0.2489846232161598,7.877921899444556e-06
BANK_019,SCN_0083,Critical,Critical,1.6451559281574688e-08,0.0003699496054100408,0.9996300339430306
BANK_020,SCN_0083,Critical,Critical,2.472335007303052e-05,0.04399599028857187,0.9559792863613552
BANK_021,SCN_0083,Critical,Stressed,0.012535198807342818,0.5791152598037196,0.4083495413889376
BANK_022,SCN_0083,Critical,Critical,8.879488129063422e-06,0.04152090114275824,0.9584702193691127
BANK_023,SCN_0083,Healthy,Healthy,0.9787797594936225,0.021219828862032452,4.1164434509614346e-07
BANK_024,SCN_0083,Stressed,Stressed,0.07906080198831998,0.9158315991936459,0.005107598818034215
BANK_025,SCN_0083,Healthy,Stressed,0.18930889764674821,0.7951746947755499,0.01551640757770198
BANK_026,SCN_0083,Healthy,Healthy,0.7092316054085717,0.29038059665767013,0.0003877979337582035
BANK_027,SCN_0083,Healthy,Healthy,0.7701007965014349,0.22818803252368963,0.0017111709748755743
BANK_028,SCN_0083,Critical,Stressed,0.014869951088428795,0.5648016789243212,0.42032836998724993
BANK_029,SCN_0083,Stressed,Stressed,0.0012325205438631474,0.8222649832766387,0.1765024961794981
BANK_030,SCN_0083,Critical,Critical,1.1442358169296069e-10,0.0005403191633069017,0.9994596807222695
BANK_031,SCN_0083,Healthy,Healthy,0.9998167984588296,0.00018320145405526566,8.711525163295306e-11
BANK_032,SCN_0083,Healthy,Stressed,0.4725765681883108,0.527297505993925,0.0001259258177640692
BANK_033,SCN_0083,Stressed,Stressed,0.002496155539541487,0.6914508425842718,0.3060530018761867
BANK_034,SCN_0083,Stressed,Stressed,0.021774204498094377,0.9605720671516986,0.017653728350207096
BANK_035,SCN_0083,Healthy,Healthy,0.9999511331750848,4.8866676130207455e-05,1.4878493227638943e-10
BANK_036,SCN_0083,Healthy,Healthy,0.913957502369373,0.08597593131417108,6.656631645593409e-05
BANK_037,SCN_0083,Stressed,Stressed,0.18878203195715618,0.7783112602738066,0.03290670776903737
BANK_038,SCN_0083,Stressed,Stressed,0.43816014416000354,0.558466566275505,0.0033732895644915852
BANK_039,SCN_0083,Healthy,Healthy,0.9820411139844282,0.017958729860164186,1.5615540764038643e-07
BANK_040,SCN_0083,Healthy,Healthy,0.8716334690166696,0.12835447935162841,1.2051631702109938e-05
BANK_001,SCN_0085,Healthy,Healthy,0.9877506505415011,0.012245957770143687,3.3916883551638122e-06
BANK_002,SCN_0085,Stressed,Stressed,0.22411186974202127,0.7680328854259116,0.007855244832067109
BANK_003,SCN_0085,Healthy,Stressed,0.20693745433660113,0.7804214065756758,0.012641139087723111
BANK_004,SCN_0085,Stressed,Healthy,0.7979698855163131,0.20173514594010222,0.00029496854358469527
BANK_005,SCN_0085,Healthy,Healthy,0.9982711958473478,0.0017288022970991276,1.8555531160110376e-09
BANK_006,SCN_0085,Stressed,Stressed,0.003596994067153189,0.9874412164582453,0.008961789474601443
BANK_007,SCN_0085,Healthy,Healthy,0.9973362386137501,0.0026637377786281114,2.360762179352522e-08
BANK_008,SCN_0085,Stressed,Stressed,0.02131124502162384,0.9659743308278423,0.012714424150533787
BANK_009,SCN_0085,Healthy,Stressed,0.42814021004739083,0.5695011824729507,0.0023586074796585308
BANK_010,SCN_0085,Stressed,Stressed,0.020084855062184517,0.7990966076928995,0.18081853724491598
BANK_011,SCN_0085,Healthy,Healthy,0.8729877649378873,0.1269269090715073,8.532599060542122e-05
BANK_012,SCN_0085,Healthy,Healthy,0.9949539428824353,0.005046046542798819,1.0574765896979423e-08
BANK_013,SCN_0085,Critical,Critical,8.116726494242767e-11,0.0003045217034083502,0.9996954782154245
BANK_014,SCN_0085,Stressed,Stressed,0.02570974288665362,0.8699192436288264,0.10437101348451985
BANK_015,SCN_0085,Stressed,Critical,4.74454204768859e-06,0.27726939503815357,0.7227258604197988
BANK_016,SCN_0085,Healthy,Healthy,0.9930475491787615,0.006952409991640611,4.082959793094459e-08
BANK_017,SCN_0085,Stressed,Stressed,0.00209451014650647,0.561301549764604,0.43660394008888953
BANK_018,SCN_0085,Stressed,Stressed,0.45707716128803405,0.5428764454025131,4.6393309452911234e-05
BANK_019,SCN_0085,Critical,Critical,1.7006299824919894e-09,0.0001370025204834728,0.9998629957788866
BANK_020,SCN_0085,Critical,Critical,2.627977024459445e-06,0.016753693541293278,0.9832436784816821
BANK_021,SCN_0085,Stressed,Critical,0.0020759087965063453,0.34357794335018554,0.654346147853308
BANK_022,SCN_0085,Critical,Critical,9.42323785996945e-07,0.015785640832220234,0.9842134168439937
BANK_023,SCN_0085,Stressed,Healthy,0.9279263705503713,0.07206985330059931,3.776149029383988e-06
BANK_024,SCN_0085,Stressed,Stressed,0.023188886217942285,0.9623155908668339,0.014495522915223791
BANK_025,SCN_0085,Stressed,Stressed,0.059379097311656866,0.8935283558532745,0.04709254683506873
BANK_026,SCN_0085,Stressed,Stressed,0.40452040929173994,0.5933393812308698,0.0021402094773903093
BANK_027,SCN_0085,Stressed,Stressed,0.48007194842687223,0.5096063666588837,0.010321684914244116
BANK_028,SCN_0085,Critical,Critical,0.002435549013434422,0.3314107081530074,0.6661537428335582
BANK_029,SCN_0085,Stressed,Stressed,0.0002647834374614025,0.6328367169874016,0.366898499575137
BANK_030,SCN_0085,Critical,Critical,1.1829459614424863e-11,0.00020011652953188096,0.9997998834586387
BANK_031,SCN_0085,Healthy,Healthy,0.9993439948093411,0.0006560043481252651,8.42533558667104e-10
BANK_032,SCN_0085,Stressed,Stressed,0.20000486139705242,0.7994794570660219,0.0005156815369257704
BANK_033,SCN_0085,Stressed,Critical,0.0004587687808721818,0.4552676033430167,0.5442736278761111
BANK_034,SCN_0085,Stressed,Stressed,0.005992100102199373,0.9469999147398775,0.047007985157922955
BANK_035,SCN_0085,Healthy,Healthy,0.9998249569825386,0.00017504157799147707,1.4394698827232565e-09
BANK_036,SCN_0085,Healthy,Healthy,0.7475472953750254,0.2519258805265621,0.0005268240984123394
BANK_037,SCN_0085,Stressed,Stressed,0.05728530976376544,0.8460950360262085,0.096619654210026
BANK_038,SCN_0085,Stressed,Stressed,0.17728560605945873,0.8095077440968321,0.013206649843709091
BANK_039,SCN_0085,Healthy,Healthy,0.9385134837254677,0.06148507227747019,1.443997061930492e-06
BANK_040,SCN_0085,Healthy,Healthy,0.6545874289931878,0.34532499642971043,8.757457710181046e-05
BANK_001,SCN_0087,Healthy,Healthy,0.9454656914731173,0.05441567034376993,0.0001186381831127732
BANK_002,SCN_0087,Healthy,Stressed,0.01759130509131567,0.8955427400489883,0.08686595485969616
BANK_003,SCN_0087,Stressed,Stressed,0.01626484605846917,0.8539689956440876,0.12976615829744334
BANK_004,SCN_0087,Stressed,Stressed,0.17122443016892477,0.8169828041152023,0.011792765715872981
BANK_005,SCN_0087,Healthy,Healthy,0.9746796430002513,0.025320098841336354,2.5815841234271836e-07
BANK_006,SCN_0087,Stressed,Stressed,0.00043966793511095436,0.9274604090756532,0.07209992298923597
BANK_007,SCN_0087,Healthy,Healthy,0.9824938294993766,0.017504872775684858,1.297724938450688e-06
BANK_008,SCN_0087,Stressed,Stressed,0.003719331973445614,0.9007302511586075,0.09555041686794682
BANK_009,SCN_0087,Stressed,Stressed,0.111211158190309,0.8596865988285781,0.02910224298111276
BANK_010,SCN_0087,Critical,Critical,0.0011245866176405187,0.34034256571834653,0.658532847664013
BANK_011,SCN_0087,Stressed,Stressed,0.21862145339565525,0.776001668305738,0.005376878298606729
BANK_012,SCN_0087,Healthy,Healthy,0.9435630623733446,0.05643585853140991,1.0790952454490172e-06
BANK_013,SCN_0087,Critical,Critical,2.1933569109644007e-12,3.8623884927402656e-05,0.9999613761128793
BANK_014,SCN_0087,Stressed,Critical,0.0022062338783446563,0.497997192510951,0.4997965736107044
BANK_015,SCN_0087,Critical,Critical,4.209022436138736e-08,0.03854624318062717,0.9614537147291486
BANK_016,SCN_0087,Healthy,Healthy,0.9012836238474546,0.0987108305001889,5.545652356421889e-06
BANK_017,SCN_0087,Critical,Critical,4.503150638390177e-05,0.1257583410607006,0.8741966274329156
BANK_018,SCN_0087,Stressed,Stressed,0.05461885435514049,0.9446181169770274,0.0007630286678321034
BANK_019,SCN_0087,Critical,Critical,3.386777803679644e-11,1.662979387921619e-05,0.999983370172253
BANK_020,SCN_0087,Critical,Critical,4.2772812056683155e-08,0.0020007228061182775,0.9979992344210697
BANK_021,SCN_0087,Stressed,Critical,7.527951436654555e-05,0.061868385780916815,0.9380563347047166
BANK_022,SCN_0087,Critical,Critical,2.3872371448423182e-08,0.002007007198054762,0.9979929689295739
BANK_023,SCN_0087,Stressed,Stressed,0.4180893844996846,0.5816124008691512,0.00029821463116425946
BANK_024,SCN_0087,Stressed,Stressed,0.0008074491424302998,0.8638432784167593,0.1353492724408104
BANK_025,SCN_0087,Healthy,Stressed,0.003046162995594596,0.6655558664156302,0.3313979705887752
BANK_026,SCN_0087,Stressed,Stressed,0.10351276161487742,0.8708673522938086,0.02561988609131385
BANK_027,SCN_0087,Critical,Stressed,0.04763734903652344,0.7976054336312742,0.15475721733220232
BANK_028,SCN_0087,Critical,Critical,6.0092995246326365e-05,0.055913089919592616,0.9440268170851611
BANK_029,SCN_0087,Critical,Critical,4.360764245661298e-06,0.1539994478900955,0.8459961913456588
BANK_030,SCN_0087,Critical,Critical,6.737745791770244e-14,2.0447762016676988e-05,0.999979552237916
BANK_031,SCN_0087,Healthy,Healthy,0.9905317959021519,0.009468089157354467,1.149404937124295e-07
BANK_032,SCN_0087,Stressed,Stressed,0.04614235086300607,0.9489555785034299,0.004902070633564031
BANK_033,SCN_0087,Critical,Critical,5.626200522028289e-06,0.08129995484563064,0.9186944189538473
BANK_034,SCN_0087,Stressed,Stressed,0.00029591188738263855,0.6804714575687664,0.319232630543851
BANK_035,SCN_0087,Healthy,Healthy,0.9990095272808729,0.0009904064343734564,6.628475373744194e-08
BANK_036,SCN_0087,Stressed,Stressed,0.3400389108539972,0.6489172268726576,0.011043862273345261
BANK_037,SCN_0087,Critical,Stressed,0.007625095613578544,0.5226146097881995,0.46976029459822194
BANK_038,SCN_0087,Stressed,Stressed,0.03088122815061636,0.8543856180272414,0.11473315382214226
BANK_039,SCN_0087,Healthy,Stressed,0.47658626750498184,0.5232947978864003,0.00011893460861783191
BANK_040,SCN_0087,Healthy,Stressed,0.29269800056964257,0.70589643669095,0.0014055627394073667
BANK_001,SCN_0091,Healthy,Healthy,0.9993620630964221,0.0006379338117304357,3.091847490819941e-09
BANK_002,SCN_0091,Healthy,Healthy,0.9830576451788126,0.01694026597099823,2.088850189254156e-06
BANK_003,SCN_0091,Healthy,Healthy,0.9788618549588183,0.021133927235869866,4.21780531188314e-06
BANK_004,SCN_0091,Healthy,Healthy,0.9992130830827838,0.0007869041153696508,1.2801846586285498e-08
BANK_005,SCN_0091,Healthy,Healthy,0.9999914601046481,8.539895241715059e-06,1.1014603133984685e-13
BANK_006,SCN_0091,Stressed,Stressed,0.1623518007377301,0.8375358555096304,0.00011234375263953032
BANK_007,SCN_0091,Healthy,Healthy,0.9999334059578605,6.659403299324553e-05,9.146272579917337e-12
BANK_008,SCN_0091,Stressed,Stressed,0.36201761773526275,0.6378422284823423,0.00014015378239489923
BANK_009,SCN_0091,Healthy,Healthy,0.958123921294708,0.04187326407582896,2.814629463068354e-06
BANK_010,SCN_0091,Stressed,Healthy,0.5663961469817551,0.4321536768654632,0.001450176152781668
BANK_011,SCN_0091,Healthy,Healthy,0.9997293829194352,0.00027061522372713804,1.8568376188539484e-09
BANK_012,SCN_0091,Healthy,Healthy,0.9999595394543306,4.0460544565030895e-05,1.1044724014343092e-12
BANK_013,SCN_0091,Critical,Critical,9.086952941079861e-08,0.01717156515723912,0.9828283439732314
BANK_014,SCN_0091,Healthy,Healthy,0.541939218304167,0.45721070049026624,0.0008500812055668008
BANK_015,SCN_0091,Stressed,Stressed,0.0036602488405531423,0.9665064716218378,0.029833279537609097
BANK_016,SCN_0091,Healthy,Healthy,0.9999682569635305,3.1743034260575894e-05,2.2088481074553085e-12
BANK_017,SCN_0091,Stressed,Stressed,0.2654511516188242,0.7268723769205128,0.007676471460663076
BANK_018,SCN_0091,Healthy,Healthy,0.9938228326718372,0.006177160921133528,6.407029339631695e-09
BANK_019,SCN_0091,Critical,Critical,3.534778524812577e-06,0.008505325594174653,0.9914911396273005
BANK_020,SCN_0091,Stressed,Stressed,0.00402970421047132,0.5295107992452396,0.46645949654428903
BANK_021,SCN_0091,Stressed,Stressed,0.11506568330473786,0.8570097641702175,0.02792455252504467
BANK_022,SCN_0091,Stressed,Critical,0.0006564194422432339,0.4844330612393896,0.5149105193183672
BANK_023,SCN_0091,Healthy,Healthy,0.9997314359873535,0.00026856385330937784,1.5933725998799845e-10
BANK_024,SCN_0091,Healthy,Healthy,0.9351942411070148,0.0647959768604656,9.782032519730609e-06
BANK_025,SCN_0091,Healthy,Healthy,0.9265673270090817,0.07338568508252166,4.698790839660082e-05
BANK_026,SCN_0091,Healthy,Healthy,0.9528589743727496,0.04713825386262553,2.7717646249652833e-06
BANK_027,SCN_0091,Healthy,Healthy,0.9952866520976091,0.004712220130900907,1.127771489991949e-06
BANK_028,SCN_0091,Stressed,Stressed,0.23099930625492332,0.7459560874115737,0.023044606333502915
BANK_029,SCN_0091,Stressed,Stressed,0.07557512089517454,0.9179968269269794,0.006428052177846105
BANK_030,SCN_0091,Critical,Critical,2.979530339045165e-07,0.017378510203480205,0.9826211918434858
BANK_031,SCN_0091,Healthy,Healthy,0.9999965647472686,3.435252677855637e-06,5.3549154646498394e-14
BANK_032,SCN_0091,Healthy,Healthy,0.856482729252819,0.1435157056951171,1.565052063907344e-06
BANK_033,SCN_0091,Stressed,Stressed,0.15952450754599232,0.8284547094415972,0.012020783012410526
BANK_034,SCN_0091,Healthy,Healthy,0.5468052723938314,0.4529217874233134,0.00027294018285530013
BANK_035,SCN_0091,Healthy,Healthy,0.9999939419283823,6.058070802184546e-06,8.156276621229299e-13
BANK_036,SCN_0091,Healthy,Healthy,0.9884725480484857,0.011527057305665866,3.9464584837116013e-07
BANK_037,SCN_0091,Healthy,Healthy,0.5673446409777109,0.4317923837453585,0.0008629752769306586
BANK_038,SCN_0091,Healthy,Healthy,0.8787024655506822,0.12126587105620897,3.1663393108926025e-05
BANK_039,SCN_0091,Healthy,Healthy,0.9997412750268441,0.0002587249028034795,7.035230605006327e-11
BANK_040,SCN_0091,Healthy,Healthy,0.9727531644912585,0.02724671396862753,1.2154011402445223e-07
BANK_001,SCN_0094,Healthy,Healthy,0.9986858653894665,0.0013141079657947457,2.6644738905318364e-08
BANK_002,SCN_0094,Healthy,Healthy,0.897878213611801,0.10205835858397645,6.34278042225399e-05
BANK_003,SCN_0094,Healthy,Healthy,0.8821446736951654,0.11773817514633661,0.00011715115849797053
BANK_004,SCN_0094,Healthy,Healthy,0.9934428909693057,0.006556549407873853,5.596228205375045e-07
BANK_005,SCN_0094,Healthy,Healthy,0.9999431206147814,5.6879381514793846e-05,3.703604975598336e-12
BANK_006,SCN_0094,Stressed,Stressed,0.053726624664810645,0.9456959263414413,0.000577448993747995
BANK_007,SCN_0094,Healthy,Healthy,0.9998027692153575,0.000197230664220155,1.2042227890735902e-10
BANK_008,SCN_0094,Stressed,Stressed,0.19290479145056333,0.8063363249535793,0.0007588835958573284
BANK_009,SCN_0094,Healthy,Healthy,0.8986272358540756,0.10134317279226131,2.959135366315381e-05
BANK_010,SCN_0094,Stressed,Stressed,0.2765199171336944,0.7126129636202049,0.010867119246100712
BANK_011,SCN_0094,Healthy,Healthy,0.9970741336955555,0.002925756337937374,1.0996650719237364e-07
BANK_012,SCN_0094,Healthy,Healthy,0.9997881590679062,0.00021184090405372032,2.8040048252975095e-11
BANK_013,SCN_0094,Critical,Critical,1.054070316986727e-08,0.0041513285042977565,0.995848660954999
BANK_014,SCN_0094,Healthy,Stressed,0.28411389118517033,0.7100174464539833,0.005868662360846228
BANK_015,SCN_0094,Stressed,Stressed,0.0004701838339669936,0.8639162337092213,0.13561358245681177
BANK_016,SCN_0094,Healthy,Healthy,0.9997795443544414,0.00022045556756712474,7.799149603322511e-11
BANK_017,SCN_0094,Stressed,Stressed,0.06990013224863843,0.8856756533196245,0.044424214431737115
BANK_018,SCN_0094,Healthy,Healthy,0.9613642806345203,0.03863551806471492,2.0130076474038668e-07
BANK_019,SCN_0094,Critical,Critical,3.002414101131178e-07,0.0019552278238953264,0.9980444719346947
BANK_020,SCN_0094,Critical,Critical,0.0004689116255879682,0.20074252159318268,0.7987885667812292
BANK_021,SCN_0094,Stressed,Stressed,0.05079706638124255,0.8341999445291682,0.11500298908958924
BANK_022,SCN_0094,Critical,Critical,0.00011043885859318235,0.18162773113432001,0.8182618300070867
BANK_023,SCN_0094,Healthy,Healthy,0.9978680369919529,0.0021319564298242807,6.578222664393488e-09
BANK_024,SCN_0094,Healthy,Healthy,0.5574779300020439,0.4421530762803645,0.00036899371759160655
BANK_025,SCN_0094,Healthy,Healthy,0.6612562265483842,0.3376582623002571,0.0010855111513587005
BANK_026,SCN_0094,Healthy,Healthy,0.8880772746068035,0.11189420712202776,2.851827116853144e-05
BANK_027,SCN_0094,Healthy,Healthy,0.967867053923418,0.03209384173645317,3.910434012895679e-05
BANK_028,SCN_0094,Stressed,Stressed,0.08225753672587761,0.8065194994815081,0.11122296379261426
BANK_029,SCN_0094,Stressed,Stressed,0.011975216478810643,0.9543727076283891,0.03365207589280028
BANK_030,SCN_0094,Critical,Critical,7.292595008760256e-09,0.0033882585030680103,0.9966117342043369
BANK_031,SCN_0094,Healthy,Healthy,0.9999777889351759,2.2211063084857448e-05,1.7392185756889856e-12
BANK_032,SCN_0094,Healthy,Healthy,0.7231588252539422,0.2768283260235115,1.2848722546315371e-05
BANK_033,SCN_0094,Stressed,Stressed,0.02700814303733338,0.9068905920089406,0.066101264953726
BANK_034,SCN_0094,Stressed,Stressed,0.15704012381214202,0.8404161230326143,0.0025437531552436957
BANK_035,SCN_0094,Healthy,Healthy,0.9999847674084957,1.5232582634153306e-05,8.870143247778719e-12
BANK_036,SCN_0094,Healthy,Healthy,0.9715089705478821,0.028486811201173363,4.218250944463771e-06
BANK_037,SCN_0094,Stressed,Stressed,0.3873981154869396,0.6075226886054457,0.005079195907614669
BANK_038,SCN_0094,Healthy,Healthy,0.7290094654189219,0.2706813618231913,0.0003091727578867775
BANK_039,SCN_0094,Healthy,Healthy,0.9980777586167673,0.0019222386949603572,2.6882724861195282e-09
BANK_040,SCN_0094,Healthy,Healthy,0.9462002676534468,0.053798730970020206,1.0013765329882872e-06
BANK_001,SCN_0102,Healthy,Healthy,0.9901247197978996,0.009869786102659268,5.494099440948264e-06
BANK_002,SCN_0102,Stressed,Stressed,0.09964619426793268,0.878594744565281,0.021759061166786272
BANK_003,SCN_0102,Stressed,Stressed,0.0957274585456623,0.8704990531817292,0.0337734882726085
BANK_004,SCN_0102,Healthy,Healthy,0.5466156609561148,0.45171954731037467,0.0016647917335105775
BANK_005,SCN_0102,Healthy,Healthy,0.9955208601319442,0.004479128207945784,1.1660110064253552e-08
BANK_006,SCN_0102,Stressed,Stressed,0.002676640936749939,0.9779132479206686,0.019410111142581468
BANK_007,SCN_0102,Healthy,Healthy,0.9969236278956183,0.003076313874942464,5.822943921695906e-08
BANK_008,SCN_0102,Stressed,Stressed,0.022686022698707866,0.9515416342136624,0.025772343087629764
BANK_009,SCN_0102,Healthy,Stressed,0.4254558057539399,0.5696208471747034,0.00492334707135666
BANK_010,SCN_0102,Stressed,Stressed,0.012608641614601393,0.6608932036028591,0.32649815478253946
BANK_011,SCN_0102,Healthy,Healthy,0.6188681322738204,0.3804587927435008,0.0006730749826787793
BANK_012,SCN_0102,Healthy,Healthy,0.9897470189362438,0.010252931009507289,5.0054248965268654e-08
BANK_013,SCN_0102,Critical,Critical,4.959438247459392e-11,0.00015125814219877433,0.9998487418082068
BANK_014,SCN_0102,Healthy,Stressed,0.01995523049942098,0.7801385191548581,0.19990625034572093
BANK_015,SCN_0102,Critical,Critical,8.556227164875524e-07,0.13571340609854504,0.8642857382787384
BANK_016,SCN_0102,Healthy,Healthy,0.98138392486686,0.018615808104403705,2.670287362180446e-07
BANK_017,SCN_0102,Critical,Critical,0.0007445223671524074,0.3601120898206979,0.6391433878121496
BANK_018,SCN_0102,Stressed,Stressed,0.25024979113828855,0.7495956122783244,0.0001545965833871192
BANK_019,SCN_0102,Critical,Critical,7.658394627041176e-10,6.512946797075518e-05,0.9999348697661898
BANK_020,SCN_0102,Critical,Critical,9.61640196982595e-07,0.007790608058364729,0.9922084303014383
BANK_021,SCN_0102,Critical,Critical,0.0014401386840086842,0.2049915315674295,0.7935683297485618
BANK_022,SCN_0102,Critical,Critical,5.367012799478894e-07,0.007814939595290294,0.9921845237034297
BANK_023,SCN_0102,Stressed,Healthy,0.8058219666938932,0.19415261615868667,2.541714742015427e-05
BANK_024,SCN_0102,Stressed,Stressed,0.005162469734768329,0.9565703761122829,0.03826715415294872
BANK_025,SCN_0102,Stressed,Stressed,0.022908136162041584,0.8668835490424597,0.11020831479549865
BANK_026,SCN_0102,Stressed,Stressed,0.40517439886220086,0.5903910139802278,0.004434587157571366
BANK_027,SCN_0102,Stressed,Stressed,0.24730809684339536,0.7171640012330192,0.03552790192358542
BANK_028,SCN_0102,Critical,Critical,0.0011670853727073298,0.1880753574064431,0.8107575572208496
BANK_029,SCN_0102,Stressed,Critical,6.804412641453676e-05,0.41618538593681553,0.58374656993677
BANK_030,SCN_0102,Critical,Critical,1.5235644212298892e-12,8.008139145015711e-05,0.9999199186070263
BANK_031,SCN_0102,Healthy,Healthy,0.998347214468227,0.001652780408893337,5.122879578390529e-09
BANK_032,SCN_0102,Stressed,Stressed,0.21897979645606303,0.7799914489335857,0.0010287546103512181
BANK_033,SCN_0102,Critical,Critical,0.00010283296079213974,0.257363566204082,0.7425336008351259
BANK_034,SCN_0102,Stressed,Stressed,0.002237212951224238,0.8910343649664414,0.10672842208233436
BANK_035,SCN_0102,Healthy,Healthy,0.9998283213432553,0.00017167572316858655,2.9335760471441317e-09
BANK_036,SCN_0102,Healthy,Healthy,0.7507743256192045,0.2481473990301897,0.001078275350605858
BANK_037,SCN_0102,Critical,Stressed,0.06412306417236527,0.7611848706444496,0.17469206518318506
BANK_038,SCN_0102,Stressed,Stressed,0.16789516588106468,0.804520629927662,0.027584204191273286
BANK_039,SCN_0102,Healthy,Healthy,0.840207535681405,0.15978319215266207,9.272165933022236e-06
BANK_040,SCN_0102,Healthy,Healthy,0.7052639389437533,0.29458629615044857,0.00014976490579816817
BANK_001,SCN_0105,Healthy,Healthy,0.9846111386375007,0.015376719797209963,1.2141565289394355e-05
BANK_002,SCN_0105,Healthy,Stressed,0.06536401888150364,0.9029168336586116,0.03171914745988469
BANK_003,SCN_0105,Stressed,Stressed,0.06238029757424699,0.8887105479905533,0.0489091544351998
BANK_004,SCN_0105,Stressed,Stressed,0.43450590389561133,0.5625532192124147,0.002940876891973811
BANK_005,SCN_0105,Healthy,Healthy,0.9930003671561296,0.006999606997175582,2.584669494143874e-08
BANK_006,SCN_0105,Stressed,Stressed,0.001696339962678147,0.9709664542228073,0.02733720581451448
BANK_007,SCN_0105,Healthy,Healthy,0.9951886500260918,0.004811220795640797,1.2917826743511766e-07
BANK_008,SCN_0105,Stressed,Stressed,0.014443035222872977,0.949093550225268,0.03646341455185899
BANK_009,SCN_0105,Stressed,Stressed,0.3201775166437137,0.6715886864112571,0.008233796945029185
BANK_010,SCN_0105,Critical,Stressed,0.007109080556648901,0.583791193308134,0.40909972613521717
BANK_011,SCN_0105,Stressed,Healthy,0.5087609587545481,0.490009388656253,0.0012296525891989619
BANK_012,SCN_0105,Healthy,Healthy,0.9840295881533551,0.015970301253495123,1.1059314969073492e-07
BANK_013,SCN_0105,Critical,Critical,2.2317654226761503e-11,0.0001066389691446821,0.9998933610085379
BANK_014,SCN_0105,Critical,Stressed,0.011832773707449335,0.724740699225385,0.2634265270671657
BANK_015,SCN_0105,Critical,Critical,4.010745746651807e-07,0.09966592325993155,0.9003336756654937
BANK_016,SCN_0105,Healthy,Healthy,0.9711388109624357,0.02886060181370365,5.872238606159292e-07
BANK_017,SCN_0105,Critical,Critical,0.000375018237440811,0.2841799669173189,0.7154450148452404
BANK_018,SCN_0105,Stressed,Stressed,0.175617336673052,0.8241415635118557,0.0002410998150923863
BANK_019,SCN_0105,Critical,Critical,3.446218134824894e-10,4.5915960263955025e-05,0.9999540836951142
BANK_020,SCN_0105,Critical,Critical,4.3371938732757935e-07,0.005504890709965272,0.9944946755706475
BANK_021,SCN_0105,Critical,Critical,0.0006903344420283183,0.15394736656319993,0.8453622989947718
BANK_022,SCN_0105,Critical,Critical,2.4206493376091493e-07,0.0055221219578099915,0.9944776359772564
BANK_023,SCN_0105,Stressed,Healthy,0.7259303902778367,0.274018725164152,5.0884558011314614e-05
BANK_024,SCN_0105,Stressed,Stressed,0.0032491941328728277,0.9432269206923857,0.05352388517474146
BANK_025,SCN_0105,Stressed,Stressed,0.01408902489374473,0.8352818807371232,0.15062909436913202
BANK_026,SCN_0105,Healthy,Stressed,0.3023723538073348,0.6902730877754887,0.007354558417176528
BANK_027,SCN_0105,Healthy,Stressed,0.17057724970839958,0.7749655065564829,0.054457243735117525
BANK_028,SCN_0105,Stressed,Critical,0.0005563985860366912,0.14047414778801934,0.858969453625944
BANK_029,SCN_0105,Critical,Critical,3.49058711726438e-05,0.3344843352998353,0.665480758828992
BANK_030,SCN_0105,Critical,Critical,6.855951870660404e-13,5.6457243099911056e-05,0.9999435427562143
BANK_031,SCN_0105,Healthy,Healthy,0.9974130286996422,0.002586959926418903,1.1373939040160233e-08
BANK_032,SCN_0105,Stressed,Stressed,0.15172525452980326,0.846690695257296,0.0015840502129007396
BANK_033,SCN_0105,Stressed,Critical,5.00782692332615e-05,0.19635644235383798,0.8035934793769286
BANK_034,SCN_0105,Stressed,Stressed,0.0013680009192961959,0.8536004532917355,0.14503154578896837
BANK_035,SCN_0105,Healthy,Healthy,0.9997310582165068,0.0002689352648316286,6.518661407525512e-09
BANK_036,SCN_0105,Stressed,Healthy,0.6574557869501018,0.34044580405156294,0.0020984089983353
BANK_037,SCN_0105,Stressed,Stressed,0.03898349691425581,0.7249996430358656,0.23601686004987862
BANK_038,SCN_0105,Stressed,Stressed,0.11270973200084033,0.8461386413319447,0.04115162666721498
BANK_039,SCN_0105,Healthy,Healthy,0.7704383739100509,0.2295427315704748,1.889451947435129e-05
BANK_040,SCN_0105,Healthy,Healthy,0.6042770956817352,0.39543773825827855,0.00028516605998633177
BANK_001,SCN_0125,Healthy,Healthy,0.9987308483554497,0.0012691266012138625,2.5043336347132812e-08
BANK_002,SCN_0125,Healthy,Healthy,0.9010333341208774,0.09890684342053314,5.9822458589447386e-05
BANK_003,SCN_0125,Stressed,Healthy,0.8857250362587349,0.11416441167896127,0.00011055206230377536
BANK_004,SCN_0125,Healthy,Healthy,0.9936662142656401,0.006333259651454988,5.260829049686713e-07
BANK_005,SCN_0125,Healthy,Healthy,0.9999450699394615,5.493005705759393e-05,3.480860845870011e-12
BANK_006,SCN_0125,Stressed,Stressed,0.05552833256725622,0.9439107488080679,0.0005609186246758924
BANK_007,SCN_0125,Healthy,Healthy,0.9998095276372105,0.00019047224960913692,1.1318032423380088e-10
BANK_008,SCN_0125,Stressed,Stressed,0.19839666328739686,0.8008697901770849,0.0007335465355181697
BANK_009,SCN_0125,Healthy,Healthy,0.9017609655181953,0.09821112589513278,2.79085866719945e-05
BANK_010,SCN_0125,Stressed,Stressed,0.28363258167160704,0.7058911819505469,0.01047623637784609
BANK_011,SCN_0125,Healthy,Healthy,0.9971741316059689,0.0028257650310226146,1.0336300842658349e-07
BANK_012,SCN_0125,Healthy,Healthy,0.9997954180242902,0.00020458194935605567,2.6353789105512423e-11
BANK_013,SCN_0125,Critical,Critical,1.1213954809931694e-08,0.004265114136857689,0.9957348746491875
BANK_014,SCN_0125,Healthy,Stressed,0.2913054809615081,0.7030392083580066,0.005655310680485235
BANK_015,SCN_0125,Stressed,Stressed,0.0004886374522228619,0.8670517735786863,0.1324595889690908
BANK_016,SCN_0125,Healthy,Healthy,0.9997870984416094,0.00021290148508931096,7.330130200921677e-11
BANK_017,SCN_0125,Stressed,Stressed,0.0722875513179279,0.8845340602076878,0.043178388474384315
BANK_018,SCN_0125,Healthy,Healthy,0.9626389785528762,0.037360832002606106,1.8944451780696414e-07
BANK_019,SCN_0125,Critical,Critical,3.194376136057144e-07,0.0020089409367488936,0.9979907396256373
BANK_020,SCN_0125,Critical,Critical,0.0004961621843404501,0.20512867460878276,0.7943751632068767
BANK_021,SCN_0125,Stressed,Stressed,0.052667138520405436,0.8352675051920637,0.11206535628753087
BANK_022,SCN_0125,Critical,Critical,0.00011692080389345671,0.18569763777039386,0.8141854414257126
BANK_023,SCN_0125,Healthy,Healthy,0.9979409556463379,0.002059038170630521,6.183031523989071e-09
BANK_024,SCN_0125,Healthy,Healthy,0.5660686674783008,0.43357918748916285,0.0003521450325363669
BANK_025,SCN_0125,Healthy,Healthy,0.6690424595185618,0.32992530364921147,0.001032236832226803
BANK_026,SCN_0125,Healthy,Healthy,0.8914976606988475,0.10847543301221307,2.690628893944285e-05
BANK_027,SCN_0125,Healthy,Healthy,0.9689351175763385,0.031028089431506766,3.679299215476876e-05
BANK_028,SCN_0125,Stressed,Stressed,0.0851819470680552,0.8065681581613955,0.10824989477054928
BANK_029,SCN_0125,Stressed,Stressed,0.01240612169686533,0.9548277083107083,0.03276616999242647
BANK_030,SCN_0125,Critical,Critical,7.758547714692389e-09,0.0034812019210394177,0.9965187903204128
BANK_031,SCN_0125,Healthy,Healthy,0.9999785501604732,2.1449837892230527e-05,1.6346156485723188e-12
BANK_032,SCN_0125,Healthy,Healthy,0.7300862721237462,0.26990153625115515,1.2191625098625495e-05
BANK_033,SCN_0125,Stressed,Stressed,0.02798938222084437,0.9076278689938859,0.06438274878526977
BANK_034,SCN_0125,Stressed,Stressed,0.1617230809454149,0.835814865479941,0.002462053574644089
BANK_035,SCN_0125,Healthy,Healthy,0.9999852894688581,1.471052280512345e-05,8.336658596409045e-12
BANK_036,SCN_0125,Healthy,Healthy,0.9724586585389089,0.027537373038609946,3.968422481179118e-06
BANK_037,SCN_0125,Healthy,Stressed,0.39575938660802445,0.5993638707092691,0.004876742682706409
BANK_038,SCN_0125,Healthy,Healthy,0.7358496876936896,0.26385700808127094,0.0002933042250394067
BANK_039,SCN_0125,Healthy,Healthy,0.9981435175099231,0.0018564799633224473,2.526754549342353e-09
BANK_040,SCN_0125,Healthy,Healthy,0.9479481972849174,0.05205085982709152,9.428879909714675e-07
BANK_001,SCN_0132,Healthy,Healthy,0.9996926984022305,0.00030730075463517633,8.431344485985075e-10
BANK_002,SCN_0132,Healthy,Healthy,0.9917694919651588,0.008229933555834347,5.744790067686492e-07
BANK_003,SCN_0132,Healthy,Healthy,0.9897089495278673,0.010289887932597195,1.1625395355317457e-06
BANK_004,SCN_0132,Healthy,Healthy,0.9996209055911404,0.00037909091757753804,3.49128213504587e-09
BANK_005,SCN_0132,Healthy,Healthy,0.9999958875672049,4.1124327650148976e-06,3.002658114986071e-14
BANK_006,SCN_0132,Stressed,Stressed,0.2869924675523061,0.7129533950439897,5.413740370419938e-05
BANK_007,SCN_0132,Healthy,Healthy,0.9999679303153256,3.2069682180810214e-05,2.4934131410143396e-12
BANK_008,SCN_0132,Healthy,Healthy,0.5409619741015176,0.4589809336740729,5.709222440957657e-05
BANK_009,SCN_0132,Healthy,Healthy,0.9793875050741301,0.020611710613229296,7.843126407475005e-07
BANK_010,SCN_0132,Healthy,Healthy,0.7309313587603368,0.2685584744631276,0.0005101667765355563
BANK_011,SCN_0132,Healthy,Healthy,0.9998696655593973,0.00013033393434705846,5.062557532337587e-10
BANK_012,SCN_0132,Healthy,Healthy,0.9999805156830718,1.948431662718037e-05,3.010919106753284e-13
BANK_013,SCN_0132,Critical,Critical,3.2900636731152613e-07,0.02993920408506788,0.9700604669085648
BANK_014,SCN_0132,Healthy,Healthy,0.7108870141817188,0.28880900545880955,0.00030398035947167413
BANK_015,SCN_0132,Stressed,Stressed,0.007669982987960792,0.9752880431161035,0.017041973895935838
BANK_016,SCN_0132,Healthy,Healthy,0.9999847137855931,1.5286213804892602e-05,6.021547395322659e-13
BANK_017,SCN_0132,Stressed,Stressed,0.42983058264535207,0.5667809020800036,0.0033885152746443003
BANK_018,SCN_0132,Healthy,Healthy,0.9970158091849511,0.0029841890628438143,1.7522049245172408e-09
BANK_019,SCN_0132,Critical,Critical,1.2882524405537591e-05,0.014927052291433636,0.9850600651841609
BANK_020,SCN_0132,Stressed,Stressed,0.01043486506304818,0.6602871337131767,0.3292780012237751
BANK_021,SCN_0132,Stressed,Stressed,0.2149258201342029,0.7708553419484347,0.014218837917362356
BANK_022,SCN_0132,Critical,Stressed,0.0017537050935482398,0.6232370267622979,0.3750092681441539
BANK_023,SCN_0132,Healthy,Healthy,0.9998706541427186,0.0001293458138390196,4.344231173099327e-11
BANK_024,SCN_0132,Healthy,Healthy,0.9677096503005435,0.032287590345204085,2.759354252281801e-06
BANK_025,SCN_0132,Healthy,Healthy,0.9632485509115538,0.036738132818050606,1.3316270395697153e-05
BANK_026,SCN_0132,Healthy,Healthy,0.9767309521096594,0.02326827336117015,7.745291704528818e-07
BANK_027,SCN_0132,Healthy,Healthy,0.9977249476077023,0.002274744202063708,3.08190234083168e-07
BANK_028,SCN_0132,Stressed,Stressed,0.38725849718323085,0.602209894881983,0.010531607934786143
BANK_029,SCN_0132,Stressed,Stressed,0.1455069504153716,0.8511192491423756,0.003373800442252803
BANK_030,SCN_0132,Critical,Critical,1.078612904302835e-06,0.030295260246322116,0.9697036611407736
BANK_031,SCN_0132,Healthy,Healthy,0.9999983457398475,1.6542601379812492e-06,1.4597836732332944e-14
BANK_032,SCN_0132,Healthy,Healthy,0.9253334462972537,0.07466609276364672,4.6093909951508313e-07
BANK_033,SCN_0132,Stressed,Stressed,0.2839795183409877,0.7101870048899432,0.005833476769068963
BANK_034,SCN_0132,Healthy,Healthy,0.7147915425818506,0.28511119405121704,9.726336693235647e-05
BANK_035,SCN_0132,Healthy,Healthy,0.9999970827067549,2.917293022749692e-06,2.2234553869098741e-13
BANK_036,SCN_0132,Healthy,Healthy,0.9944156254253953,0.00558426634502412,1.0822958048037594e-07
BANK_037,SCN_0132,Healthy,Healthy,0.7315752983424768,0.26812135058176945,0.00030335107575387154
BANK_038,SCN_0132,Healthy,Healthy,0.9376756284976513,0.062315160575242154,9.210927106566883e-06
BANK_039,SCN_0132,Healthy,Healthy,0.9998753934413604,0.00012460653945857195,1.9181020298903882e-11
BANK_040,SCN_0132,Healthy,Healthy,0.986691221838504,0.013308744554216167,3.3607279739276556e-08
BANK_001,SCN_0149,Healthy,Healthy,0.9970977292472831,0.0029020107057931726,2.6004692383338906e-07
BANK_002,SCN_0149,Healthy,Healthy,0.5533510626105509,0.445175807665149,0.0014731297243000929
BANK_003,SCN_0149,Healthy,Healthy,0.5291085814413083,0.46843649886199934,0.002454919696692379
BANK_004,SCN_0149,Healthy,Healthy,0.9439512558817517,0.056022241782707774,2.650233554061402e-05
BANK_005,SCN_0149,Healthy,Healthy,0.9995936163136692,0.0004063835452091454,1.411216683637597e-10
BANK_006,SCN_0149,Stressed,Stressed,0.015236014960943314,0.9818808048576037,0.0028831801814530296
BANK_007,SCN_0149,Healthy,Healthy,0.9993733937117335,0.0006266044915325178,1.7967340572858653e-09
BANK_008,SCN_0149,Stressed,Stressed,0.08557194352446847,0.9105504418350424,0.003877614640489176
BANK_009,SCN_0149,Healthy,Healthy,0.7617978191256183,0.23788342752547265,0.0003187533489091444
BANK_010,SCN_0149,Stressed,Stressed,0.0907130221384018,0.8472587657950484,0.062028212066549786
BANK_011,SCN_0149,Healthy,Healthy,0.9669876255914718,0.033005195813132375,7.178595395705808e-06
BANK_012,SCN_0149,Healthy,Healthy,0.998810819833526,0.001189179360174285,8.06299518158817e-10
BANK_013,SCN_0149,Critical,Critical,1.0679701387742472e-09,0.000940615861903952,0.999059383070126
BANK_014,SCN_0149,Healthy,Stressed,0.108089799145015,0.8585819704765563,0.03332823037842874
BANK_015,SCN_0149,Stressed,Stressed,3.954163167995851e-05,0.5424729301848781,0.45748752818344196
BANK_016,SCN_0149,Healthy,Healthy,0.9983591502733805,0.0016408466088984933,3.1177209382308827e-09
BANK_017,SCN_0149,Stressed,Stressed,0.012540131826986694,0.7889177450765726,0.19854212309644056
BANK_018,SCN_0149,Healthy,Healthy,0.7819648289797211,0.21802914267068396,6.0283495949681185e-06
BANK_019,SCN_0149,Critical,Critical,2.2384121861917426e-08,0.0004233257018342746,0.999576651914044
BANK_020,SCN_0149,Critical,Critical,3.342800304010955e-05,0.05002824707388751,0.9499383249230724
BANK_021,SCN_0149,Critical,Stressed,0.01567524082497312,0.6090417690551323,0.3752829901198945
BANK_022,SCN_0149,Critical,Critical,1.201013014807847e-05,0.047230835387886,0.952757154481966
BANK_023,SCN_0149,Healthy,Healthy,0.9820932787944846,0.01790641765307743,3.0355243796718355e-07
BANK_024,SCN_0149,Healthy,Stressed,0.09268185094335858,0.9029177296301163,0.004400419426525055
BANK_025,SCN_0149,Stressed,Stressed,0.2177318351715913,0.7691526332349357,0.013115531593473114
BANK_026,SCN_0149,Healthy,Healthy,0.7436410510798381,0.2560601186561266,0.0002988302640351518
BANK_027,SCN_0149,Healthy,Healthy,0.7994685737302735,0.19922588368688543,0.001305542582841163
BANK_028,SCN_0149,Stressed,Stressed,0.01861578325445951,0.5946573986084381,0.38672681813710225
BANK_029,SCN_0149,Stressed,Stressed,0.0014985441988920342,0.8407875256895772,0.15771393011153073
BANK_030,SCN_0149,Critical,Critical,1.5568180425093362e-10,0.0006182608730701322,0.9993817389712482
BANK_031,SCN_0149,Healthy,Healthy,0.999845921933142,0.0001540780028327623,6.402515790415593e-11
BANK_032,SCN_0149,Healthy,Healthy,0.5158403793877271,0.48405860191969563,0.00010101869257725969
BANK_033,SCN_0149,Stressed,Stressed,0.0030857236209630677,0.7188623952196713,0.27805188115936563
BANK_034,SCN_0149,Healthy,Stressed,0.025841832188064406,0.9587602762591049,0.01539789155283072
BANK_035,SCN_0149,Healthy,Healthy,0.999958902405443,4.109748521008443e-05,1.0934681519975435e-10
BANK_036,SCN_0149,Healthy,Healthy,0.9266407170321778,0.07330968273500339,4.960023281889528e-05
BANK_037,SCN_0149,Stressed,Stressed,0.2176085375851936,0.754514623793295,0.02787683862151133
BANK_038,SCN_0149,Healthy,Stressed,0.4813291213103284,0.515947508353971,0.002723370335700657
BANK_039,SCN_0149,Healthy,Healthy,0.984853236730018,0.01514664817863126,1.1509135076849589e-07
BANK_040,SCN_0149,Healthy,Healthy,0.8897948871268169,0.11019607126523683,9.041607946254452e-06
BANK_001,SCN_0155,Healthy,Healthy,0.9765260451173425,0.023448073403353073,2.5881479304323158e-05
BANK_002,SCN_0155,Healthy,Stressed,0.04295172569710222,0.9122502659658918,0.044798008337005965
BANK_003,SCN_0155,Healthy,Stressed,0.0406671924484782,0.8908025706639774,0.06853023688754445
BANK_004,SCN_0155,Healthy,Stressed,0.33275819459159284,0.6624011379132919,0.00484066749511526
BANK_005,SCN_0155,Healthy,Healthy,0.989278160812983,0.010721783843167937,5.53438489533553e-08
BANK_006,SCN_0155,Stressed,Stressed,0.001092056364053385,0.9610827105569595,0.03782523307898718
BANK_007,SCN_0155,Healthy,Healthy,0.9926213963256871,0.0073783267487781,2.76925534794297e-07
BANK_008,SCN_0155,Stressed,Stressed,0.009305623889848588,0.9402003861118009,0.0504939899983505
BANK_009,SCN_0155,Healthy,Stressed,0.23362709819039085,0.7534598805750969,0.012913021234512193
BANK_010,SCN_0155,Stressed,Stressed,0.003984951398674154,0.503143087945296,0.49287196065602984
BANK_011,SCN_0155,Healthy,Stressed,0.4022432055700919,0.5956672447641816,0.0020895496657263152
BANK_012,SCN_0155,Healthy,Healthy,0.9756539045490262,0.02434585977723777,2.3567373593682325e-07
BANK_013,SCN_0155,Critical,Critical,1.0384041074388933e-11,7.628834070080292e-05,0.9999237116489151
BANK_014,SCN_0155,Stressed,Stressed,0.006992018954421058,0.658450401192126,0.334557579853453
BANK_015,SCN_0155,Critical,Critical,1.9205612925089754e-07,0.07337939257752449,0.9266204153663463
BANK_016,SCN_0155,Healthy,Healthy,0.9563025478584359,0.04369620930785037,1.242833713791038e-06
BANK_017,SCN_0155,Stressed,Critical,0.0001898815994503346,0.22123219607181283,0.7785779223287367
BANK_018,SCN_0155,Stressed,Stressed,0.12167930987047579,0.8779616511852354,0.00035903894428881966
BANK_019,SCN_0155,Critical,Critical,1.6034414632897654e-10,3.284720309729518e-05,0.9999671526365583
BANK_020,SCN_0155,Critical,Critical,2.0211317500538573e-07,0.003944199449714599,0.9960555984371103
BANK_021,SCN_0155,Critical,Critical,0.0003360404476201193,0.11522020807267598,0.884443751479704
BANK_022,SCN_0155,Critical,Critical,1.1280276847051542e-07,0.003956564497053985,0.9960433227001775
BANK_023,SCN_0155,Stressed,Healthy,0.6327003913735388,0.3672042885326142,9.532009384693984e-05
BANK_024,SCN_0155,Stressed,Stressed,0.002071490058303079,0.9245869483108742,0.07334156163082264
BANK_025,SCN_0155,Stressed,Stressed,0.008685626271036499,0.7917309830101431,0.19958339071882053
BANK_026,SCN_0155,Stressed,Stressed,0.2191903057075131,0.7693511039481884,0.011458590344298539
BANK_027,SCN_0155,Stressed,Stressed,0.11532061581525996,0.8055501739537119,0.07912921023102813
BANK_028,SCN_0155,Critical,Critical,0.00026974079039282647,0.10470836836979112,0.895021890839816
BANK_029,SCN_0155,Critical,Critical,1.7949899228547785e-05,0.2644622538739277,0.7355197962268438
BANK_030,SCN_0155,Critical,Critical,3.189917193820083e-13,4.0388311245650076e-05,0.9999596116884353
BANK_031,SCN_0155,Healthy,Healthy,0.9960279633872906,0.003972012200745348,2.4411963976233095e-08
BANK_032,SCN_0155,Stressed,Stressed,0.10413934932764814,0.8935238522058323,0.0023367984665195315
BANK_033,SCN_0155,Critical,Critical,2.467990369204047e-05,0.14878655313703715,0.8511887669592709
BANK_034,SCN_0155,Stressed,Stressed,0.00084157651563968,0.8073953312664852,0.19176309221787508
BANK_035,SCN_0155,Healthy,Healthy,0.999586548981631,0.0004134370098902801,1.4008478637221385e-08
BANK_036,SCN_0155,Stressed,Healthy,0.5546219658426589,0.44157337301401106,0.0038046611433300687
BANK_037,SCN_0155,Stressed,Stressed,0.02347041521870075,0.6711230418945701,0.3054065428867292
BANK_038,SCN_0155,Stressed,Stressed,0.07503365092322996,0.8660851022171803,0.058881246859589724
BANK_039,SCN_0155,Healthy,Healthy,0.6858043230590839,0.3141595281734975,3.614876741861438e-05
BANK_040,SCN_0155,Healthy,Stressed,0.49821323781453475,0.5012814354287239,0.0005053267567412384
BANK_001,SCN_0156,Healthy,Healthy,0.9994188032695003,0.0005811941108417827,2.6196579242392447e-09
BANK_002,SCN_0156,Healthy,Healthy,0.9845422484213003,0.015455979167318603,1.7724113810964079e-06
BANK_003,SCN_0156,Healthy,Healthy,0.980707006975403,0.019289412833017033,3.5801915800672777e-06
BANK_004,SCN_0156,Healthy,Healthy,0.999283065087315,0.0007169240658034013,1.0846881564095984e-08
BANK_005,SCN_0156,Healthy,Healthy,0.9999922201037513,7.779896155394366e-06,9.33192087750315e-14
BANK_006,SCN_0156,Stressed,Stressed,0.17543075546830536,0.8244663956877877,0.00010284884390702937
BANK_007,SCN_0156,Healthy,Healthy,0.9999393321124528,6.0667879798132805e-05,7.749052051864242e-12
BANK_008,SCN_0156,Healthy,Stressed,0.3838127949293596,0.6160613135645792,0.00012589150606112735
BANK_009,SCN_0156,Healthy,Healthy,0.9617081368571009,0.038289469580791984,2.39356210715854e-06
BANK_010,SCN_0156,Healthy,Healthy,0.5891864121880046,0.4095355165916515,0.0012780712203437706
BANK_011,SCN_0156,Healthy,Healthy,0.9997534605730166,0.00024653785377492377,1.5732083751307064e-09
BANK_012,SCN_0156,Healthy,Healthy,0.9999631400938297,3.685990523462693e-05,9.357466824414277e-13
BANK_013,SCN_0156,Critical,Critical,1.0711626345056367e-07,0.01844029840832663,0.98155959447541
BANK_014,SCN_0156,Healthy,Healthy,0.5650021382566786,0.43424699686725293,0.0007508648760684689
BANK_015,SCN_0156,Stressed,Stressed,0.004024779145816947,0.968182292757405,0.027792928096777973
BANK_016,SCN_0156,Healthy,Healthy,0.9999710818424404,2.891815568835253e-05,1.8714099893644085e-12
BANK_017,SCN_0156,Stressed,Stressed,0.2841664933247302,0.7088712223026793,0.006962284372590442
BANK_018,SCN_0156,Healthy,Healthy,0.9943694726333333,0.005630521935446706,5.43121993177577e-09
BANK_019,SCN_0156,Critical,Critical,4.169482050288517e-06,0.009139696429906701,0.9908561340880431
BANK_020,SCN_0156,Stressed,Stressed,0.0045708164600328,0.547162546681281,0.4482666368586863
BANK_021,SCN_0156,Stressed,Stressed,0.12514420837623608,0.8491250074973823,0.025730784126381665
BANK_022,SCN_0156,Stressed,Stressed,0.0007474381985039822,0.5025144505232494,0.4967381112782467
BANK_023,SCN_0156,Healthy,Healthy,0.9997553309103894,0.00024466895461189623,1.349987007530671e-10
BANK_024,SCN_0156,Healthy,Healthy,0.9406197260516013,0.059371938226350646,8.335722048124132e-06
BANK_025,SCN_0156,Healthy,Healthy,0.9326651962848566,0.06729473210749819,4.007160764521914e-05
BANK_026,SCN_0156,Healthy,Healthy,0.9568735141449464,0.04312412763614776,2.3582189058343147e-06
BANK_027,SCN_0156,Healthy,Healthy,0.9957043846138128,0.004294659502136448,9.55884050812952e-07
BANK_028,SCN_0156,Stressed,Stressed,0.2483614084296057,0.7306470373024542,0.02099155426794009
BANK_029,SCN_0156,Stressed,Stressed,0.08238676057112192,0.911676338063551,0.005936901365327145
BANK_030,SCN_0156,Critical,Critical,3.5121913995977366e-07,0.01866224270335827,0.9813374060775018
BANK_031,SCN_0156,Healthy,Healthy,0.9999968704654342,3.1295345204589095e-06,4.5368520420155114e-14
BANK_032,SCN_0156,Healthy,Healthy,0.8675635715575853,0.13243508532694345,1.3431154711299681e-06
BANK_033,SCN_0156,Stressed,Stressed,0.1725642267692024,0.8164189094650447,0.01101686376575281
BANK_034,SCN_0156,Healthy,Healthy,0.5697961560204343,0.42996287776020914,0.00024096621935650096
BANK_035,SCN_0156,Healthy,Healthy,0.99999448106143,5.518937879118442e-06,6.910254536391438e-13
BANK_036,SCN_0156,Healthy,Healthy,0.9894876701133927,0.010511995187020106,3.346995872929502e-07
BANK_037,SCN_0156,Healthy,Healthy,0.5900982687094054,0.40914126914329524,0.0007604621472994732
BANK_038,SCN_0156,Healthy,Healthy,0.8882932353379465,0.11167964565233436,2.711900971905327e-05
BANK_039,SCN_0156,Healthy,Healthy,0.9997642947429493,0.00023570519744464682,5.960603060463149e-11
BANK_040,SCN_0156,Healthy,Healthy,0.9751176594119393,0.02488223736520423,1.0322285641324104e-07
BANK_001,SCN_0173,Healthy,Healthy,0.9748086346193918,0.025161983598543523,2.9381782064581235e-05
BANK_002,SCN_0173,Stressed,Stressed,0.03997172172574869,0.912616696462435,0.047411581811816254
BANK_003,SCN_0173,Stressed,Stressed,0.03778770655066822,0.8897950353702552,0.0724172580790766
BANK_004,SCN_0173,Healthy,Stressed,0.31681175330239963,0.677947040104384,0.00524120659321647
BANK_005,SCN_0173,Healthy,Healthy,0.9884834453968058,0.011516491714317264,6.288887690659e-08
BANK_006,SCN_0173,Stressed,Stressed,0.0010137375277860163,0.9590547662147484,0.03993149625746569
BANK_007,SCN_0173,Healthy,Healthy,0.9920724849786878,0.007927200263674924,3.147576371393751e-07
BANK_008,SCN_0173,Stressed,Stressed,0.00863686803897289,0.9380659828075129,0.05329714915351427
BANK_009,SCN_0173,Stressed,Stressed,0.22076322752897848,0.7653601144309327,0.01387665804008896
BANK_010,SCN_0173,Stressed,Critical,0.0036050790996623424,0.48931153441090497,0.5070833864894326
BANK_011,SCN_0173,Stressed,Stressed,0.38493920834803697,0.6127866912707498,0.0022741003812132075
BANK_012,SCN_0173,Healthy,Healthy,0.973876003595867,0.026123728874086163,2.6753004669296387e-07
BANK_013,SCN_0173,Critical,Critical,9.130923624416939e-12,7.211218505655693e-05,0.9999278878058124
BANK_014,SCN_0173,Critical,Stressed,0.006383718192410163,0.6462437413094532,0.34737254049813676
BANK_015,SCN_0173,Critical,Critical,1.6955977995727962e-07,0.06964195568340081,0.9303578747568192
BANK_016,SCN_0173,Healthy,Healthy,0.9531792597904504,0.04681933142104992,1.4087884998572506e-06
BANK_017,SCN_0173,Stressed,Critical,0.0001690174430288089,0.21168941843391786,0.7881415641230533
BANK_018,SCN_0173,Stressed,Stressed,0.11415825268845131,0.8854586707026962,0.0003830766088525037
BANK_019,SCN_0173,Critical,Critical,1.4099392147659048e-10,3.1049016578134916e-05,0.9999689508424279
BANK_020,SCN_0173,Critical,Critical,1.7776035973410294e-07,0.003729076885316632,0.9962707453543236
BANK_021,SCN_0173,Critical,Critical,0.00029737462042039213,0.10960823256750436,0.8900943928120751
BANK_022,SCN_0173,Critical,Critical,9.921111803980601e-08,0.0037407700168650836,0.9962591307720168
BANK_023,SCN_0173,Stressed,Healthy,0.6157382280932546,0.38415627591073775,0.00010549599600766639
BANK_024,SCN_0173,Stressed,Stressed,0.0019191209088048492,0.9208087038916606,0.07727217519953447
BANK_025,SCN_0173,Stressed,Stressed,0.007992228235874832,0.7831528871610298,0.2088548846030954
BANK_026,SCN_0173,Stressed,Stressed,0.20692738120835705,0.7807704604256134,0.012302158366029518
BANK_027,SCN_0173,Healthy,Stressed,0.10764914009603282,0.8083480246984954,0.08400283520547178
BANK_028,SCN_0173,Critical,Critical,0.00023856351558392163,0.09954993162301087,0.9002115048614051
BANK_029,SCN_0173,Critical,Critical,1.6015600148485926e-05,0.2536571281127249,0.7463268562871267
BANK_030,SCN_0173,Critical,Critical,2.804961268065943e-13,3.817731023867961e-05,0.9999618226894809
BANK_031,SCN_0173,Healthy,Healthy,0.9957313923436953,0.004268579902221362,2.775408342306642e-08
BANK_032,SCN_0173,Stressed,Stressed,0.09757077853428879,0.8999393342779759,0.0024898871877354115
BANK_033,SCN_0173,Critical,Critical,2.1879795619004444e-05,0.14179654746767215,0.8581815727367089
BANK_034,SCN_0173,Stressed,Stressed,0.0007743189155925103,0.798573083705942,0.20065259737846533
BANK_035,SCN_0173,Healthy,Healthy,0.9995555595001754,0.0004444245692659456,1.5930558759968694e-08
BANK_036,SCN_0173,Stressed,Healthy,0.5365751760061247,0.45923878764778026,0.004186036346094947
BANK_037,SCN_0173,Critical,Stressed,0.021488353732417732,0.6605210993475136,0.3179905469200688
BANK_038,SCN_0173,Stressed,Stressed,0.06992728304723503,0.8676674744767047,0.06240524247606037
BANK_039,SCN_0173,Healthy,Healthy,0.6700173514929402,0.32994248488923394,4.016361782589476e-05
BANK_040,SCN_0173,Stressed,Stressed,0.48013257113869995,0.5193136049515639,0.0005538239097361687
BANK_001,SCN_0174,Healthy,Healthy,0.9995005662016399,0.0004994317980301848,2.000329921849208e-09
BANK_002,SCN_0174,Healthy,Healthy,0.9866891367560986,0.013309507017988914,1.356225912483647e-06
BANK_003,SCN_0174,Healthy,Healthy,0.9833776982677708,0.016619560733326513,2.740998902768287e-06
BANK_004,SCN_0174,Healthy,Healthy,0.9993839126652145,0.0006160790521176786,8.282667802164907e-09
BANK_005,SCN_0174,Healthy,Healthy,0.9999933151181372,6.6848817915141006e-06,7.125134087591265e-14
BANK_006,SCN_0174,Stressed,Stressed,0.19846637094386924,0.801444790369908,8.88386862227942e-05
BANK_007,SCN_0174,Healthy,Healthy,0.9999478706833721,5.212931071135153e-05,5.91662173898104e-12
BANK_008,SCN_0174,Healthy,Stressed,0.42026696285575516,0.5796277867453561,0.00010525039888870765
BANK_009,SCN_0174,Healthy,Healthy,0.9669196551765229,0.0330785073828399,1.8374406371361719e-06
BANK_010,SCN_0174,Healthy,Healthy,0.6254263865416996,0.37353775587154037,0.0010358575867599933
BANK_011,SCN_0174,Healthy,Healthy,0.9997881538379714,0.0002118449608078068,1.2012207857983701e-09
BANK_012,SCN_0174,Healthy,Healthy,0.9999683279675565,3.167203172889653e-05,7.144668243041727e-13
BANK_013,SCN_0174,Critical,Critical,1.3996870961356412e-07,0.0207044140966505,0.9792954459346399
BANK_014,SCN_0174,Healthy,Healthy,0.6018971711334159,0.3974920900567379,0.0006107388098461074
BANK_015,SCN_0174,Stressed,Stressed,0.004695504972636226,0.9705476058318748,0.024756889195488883
BANK_016,SCN_0174,Healthy,Healthy,0.9999751519769912,2.484802158000543e-05,1.42886839204017e-12
BANK_017,SCN_0174,Stressed,Stressed,0.31623956381704116,0.6778445935814559,0.005915842601502971
BANK_018,SCN_0174,Healthy,Healthy,0.9951581336507221,0.004841862199133426,4.150144533599942e-09
BANK_019,SCN_0174,Critical,Critical,5.454596815194744e-06,0.010273815765628528,0.9897207296375562
BANK_020,SCN_0174,Critical,Stressed,0.005594760912321815,0.5754711657167308,0.41893407337094724
BANK_021,SCN_0174,Stressed,Stressed,0.1431199696123525,0.8344120508642621,0.02246797952338554
BANK_022,SCN_0174,Stressed,Stressed,0.000920713382072375,0.5318843080621446,0.467194978555783
BANK_023,SCN_0174,Healthy,Healthy,0.9997897608985099,0.0002102389984119795,1.0307801893920519e-10
BANK_024,SCN_0174,Healthy,Healthy,0.9485482437994727,0.05144533804724283,6.4181532845272375e-06
BANK_025,SCN_0174,Healthy,Healthy,0.941592644090445,0.05837646749829946,3.088841125548891e-05
BANK_026,SCN_0174,Healthy,Healthy,0.9627174844571385,0.03728070399438222,1.8115484791531132e-06
BANK_027,SCN_0174,Healthy,Healthy,0.9963068514547792,0.0036924182651804868,7.30280040492326e-07
BANK_028,SCN_0174,Stressed,Stressed,0.2783705107586891,0.7036653990599885,0.01796409018132225
BANK_029,SCN_0174,Stressed,Stressed,0.09466723513489593,0.9001241335414653,0.005208631323638789
BANK_030,SCN_0174,Critical,Critical,4.589249079828654e-07,0.020953025614843187,0.9790465154602489
BANK_031,SCN_0174,Healthy,Healthy,0.9999973109467671,2.689053198208435e-06,3.4639875756360456e-14
BANK_032,SCN_0174,Healthy,Healthy,0.8840426373009042,0.11595631772199509,1.044977100570696e-06
BANK_033,SCN_0174,Stressed,Stressed,0.19554382192398334,0.7949244240452572,0.009531754030759492
BANK_034,SCN_0174,Healthy,Healthy,0.6065367109820747,0.3932674427684927,0.00019584624943254754
BANK_035,SCN_0174,Healthy,Healthy,0.9999952578493384,4.74215013402465e-06,5.276135013245238e-13
BANK_036,SCN_0174,Healthy,Healthy,0.9909539293755482,0.009045814695291097,2.559291606302793e-07
BANK_037,SCN_0174,Healthy,Healthy,0.6262760668045707,0.37310770637743285,0.0006162268179965006
BANK_038,SCN_0174,Healthy,Healthy,0.9024851223924558,0.09749384083838272,2.1036769161527777e-05
BANK_039,SCN_0174,Healthy,Healthy,0.9997974635837149,0.00020253637077312104,4.5512021710171213e-11
BANK_040,SCN_0174,Healthy,Healthy,0.9785447221403827,0.021455198769713316,7.908990399896721e-08
BANK_001,SCN_0181,Healthy,Healthy,0.9951261650783626,0.00487318010567601,6.548159615045678e-07
BANK_002,SCN_0181,Healthy,Stressed,0.4236643771636273,0.573489921542257,0.002845701294115666
BANK_003,SCN_0181,Healthy,Stressed,0.3997860075707513,0.5955339779892782,0.004680014439970491
BANK_004,SCN_0181,Healthy,Healthy,0.9091495187863423,0.09078607956120355,6.440165245414377e-05
BANK_005,SCN_0181,Healthy,Healthy,0.9993164206657391,0.0006835789783015497,3.5595932130109415e-10
BANK_006,SCN_0181,Stressed,Stressed,0.0090983378880162,0.9865576645480866,0.004343997563897107
BANK_007,SCN_0181,Healthy,Healthy,0.9989461405472275,0.0010538549214475046,4.531324960075222e-09
BANK_008,SCN_0181,Stressed,Stressed,0.05258135609536694,0.9414070151754877,0.0060116287291452734
BANK_009,SCN_0181,Healthy,Healthy,0.6551085042164653,0.3441998951434111,0.0006916006401234538
BANK_010,SCN_0181,Stressed,Stressed,0.05422872055094628,0.8522143190902803,0.09355696035877333
BANK_011,SCN_0181,Healthy,Healthy,0.9456728441406437,0.0543094430847745,1.7712774581922114e-05
BANK_012,SCN_0181,Healthy,Healthy,0.998000743737145,0.0019992542301649984,2.032689973749919e-09
BANK_013,SCN_0181,Critical,Critical,4.234168093680937e-10,0.0006274719522721449,0.9993725276243112
BANK_014,SCN_0181,Healthy,Stressed,0.06603715657950761,0.8825888852106237,0.051373958209868564
BANK_015,SCN_0181,Stressed,Critical,1.9129450750070494e-05,0.44156945067546655,0.5584114198737834
BANK_016,SCN_0181,Healthy,Healthy,0.9972422422156578,0.0027577499269537177,7.857388403111592e-09
BANK_017,SCN_0181,Healthy,Stressed,0.006812022623691528,0.7210721772246038,0.27211580015170467
BANK_018,SCN_0181,Stressed,Healthy,0.6806623645492184,0.3193243959970506,1.3239453731016082e-05
BANK_019,SCN_0181,Critical,Critical,8.873075921792135e-09,0.00028234610907570316,0.9997176450178484
BANK_020,SCN_0181,Critical,Critical,1.3473827129083337e-05,0.03392882800381977,0.9660576981690512
BANK_021,SCN_0181,Stressed,Stressed,0.00788774349311782,0.5156543308702837,0.4764579256365985
BANK_022,SCN_0181,Critical,Critical,4.836276955293135e-06,0.032000893975796314,0.9679942697472483
BANK_023,SCN_0181,Healthy,Healthy,0.9702342622022349,0.029764981165753653,7.56632011525944e-07
BANK_024,SCN_0181,Stressed,Stressed,0.05710504795569075,0.9360542449763954,0.0068407070679138236
BANK_025,SCN_0181,Stressed,Stressed,0.14092895244873946,0.8376524363855157,0.021418611165744953
BANK_026,SCN_0181,Healthy,Healthy,0.6327599957520095,0.36659845890748927,0.0006415453405012268
BANK_027,SCN_0181,Healthy,Healthy,0.7025367999631171,0.29456861814230817,0.002894581894574804
BANK_028,SCN_0181,Stressed,Stressed,0.009331677292512577,0.5015546470785146,0.4891136756289728
BANK_029,SCN_0181,Stressed,Stressed,0.0008260522751372348,0.7798252061490655,0.2193487415757973
BANK_030,SCN_0181,Critical,Critical,6.171634429660932e-11,0.0004123890584318948,0.9995876108798519
BANK_031,SCN_0181,Healthy,Healthy,0.9997407801390764,0.00025921969940147514,1.6152215654227286e-10
BANK_032,SCN_0181,Healthy,Stressed,0.3876873906681547,0.612121053577677,0.0001915557541682963
BANK_033,SCN_0181,Stressed,Stressed,0.0016120488840975864,0.6318878168845999,0.3665001342313025
BANK_034,SCN_0181,Healthy,Stressed,0.015401547236736658,0.9614442717096789,0.02315418105358441
BANK_035,SCN_0181,Healthy,Healthy,0.999930852285211,6.914743890866661e-05,2.758805441069902e-10
BANK_036,SCN_0181,Healthy,Healthy,0.8824187398107293,0.1174620882034319,0.00011917198583890183
BANK_037,SCN_0181,Healthy,Stressed,0.13971953918943184,0.8151206770878888,0.04515978372267935
BANK_038,SCN_0181,Healthy,Stressed,0.35487927435339495,0.6400546424333265,0.0050660832132784035
BANK_039,SCN_0181,Healthy,Healthy,0.9747752145093176,0.025224498080092077,2.8741059027663797e-07
BANK_040,SCN_0181,Healthy,Healthy,0.8275389209884694,0.17243986263019767,2.1216381332881475e-05
BANK_001,SCN_0183,Healthy,Healthy,0.996900638166961,0.003099069506947341,2.923260917905971e-07
BANK_002,SCN_0183,Healthy,Healthy,0.5369699907783214,0.46142272762342845,0.0016072815982500837
BANK_003,SCN_0183,Stressed,Healthy,0.5125963210543166,0.48472962796476,0.002674050980923394
BANK_004,SCN_0183,Healthy,Healthy,0.9403597674202094,0.05961054803918032,2.9684540610134125e-05
BANK_005,SCN_0183,Healthy,Healthy,0.9995659473503239,0.00043405249101025284,1.5866582470237366e-10
BANK_006,SCN_0183,Stressed,Stressed,0.014276094804470096,0.9826864384651955,0.003037466730334237
BANK_007,SCN_0183,Healthy,Healthy,0.9993307406639086,0.0006692573160187099,2.0200725946106086e-09
BANK_008,SCN_0183,Stressed,Stressed,0.08053794709663548,0.9153587316591503,0.004103321244214313
BANK_009,SCN_0183,Healthy,Healthy,0.7496216014805275,0.250025736380733,0.000352662138739542
BANK_010,SCN_0183,Stressed,Stressed,0.08514260365999393,0.8493985620897205,0.06545883425028548
BANK_011,SCN_0183,Healthy,Healthy,0.9648176990638615,0.035174247790854214,8.053145284328365e-06
BANK_012,SCN_0183,Healthy,Healthy,0.9987299212332911,0.0012700778602190415,9.064898299021985e-10
BANK_013,SCN_0183,Critical,Critical,9.498998716472961e-10,0.0008936123808475997,0.9991063866692524
BANK_014,SCN_0183,Stressed,Stressed,0.10171941717610432,0.8630164571350718,0.03526412568882393
BANK_015,SCN_0183,Stressed,Stressed,3.6149389737684104e-05,0.529715419300873,0.4702484313093894
BANK_016,SCN_0183,Healthy,Healthy,0.9982475788942459,0.0017524176007348057,3.505019312788022e-09
BANK_017,SCN_0183,Stressed,Stressed,0.011628177744710052,0.7813748780969437,0.2069969441583462
BANK_018,SCN_0183,Stressed,Healthy,0.7705211393188548,0.2294721818958711,6.67878527427068e-06
BANK_019,SCN_0183,Critical,Critical,1.9908912833100895e-08,0.0004021613040670304,0.9995978187870201
BANK_020,SCN_0183,Stressed,Critical,2.9805635182225607e-05,0.04764544573666882,0.952324748628149
BANK_021,SCN_0183,Critical,Stressed,0.014405381636480497,0.5978273567946331,0.38776726156888647
BANK_022,SCN_0183,Critical,Critical,1.0707145848551771e-05,0.044974857064599603,0.9550144357895518
BANK_023,SCN_0183,Healthy,Healthy,0.9808968398775983,0.01910281923885896,3.4088354261363165e-07
BANK_024,SCN_0183,Stressed,Stressed,0.08726695727617667,0.9080744910045446,0.004658551719278675
BANK_025,SCN_0183,Stressed,Stressed,0.20657237607892098,0.7794369729371161,0.013990650983962813
BANK_026,SCN_0183,Healthy,Healthy,0.7308663934837529,0.26880338837533324,0.0003302181409138679
BANK_027,SCN_0183,Healthy,Healthy,0.7886384485143946,0.20991354901037487,0.0014480024752305982
BANK_028,SCN_0183,Critical,Stressed,0.01710074339854333,0.5834701772845619,0.3994290793168947
BANK_029,SCN_0183,Stressed,Stressed,0.0013915579561257193,0.8339426039537212,0.16466583809015303
BANK_030,SCN_0183,Critical,Critical,1.3846804900683977e-10,0.0005873563111161158,0.9994126435504159
BANK_031,SCN_0183,Healthy,Healthy,0.9998354285739993,0.00016457135401492357,7.198596205101794e-11
BANK_032,SCN_0183,Healthy,Stressed,0.49936899914255806,0.5005210471952488,0.00010995366219315565
BANK_033,SCN_0183,Critical,Stressed,0.002847813160769555,0.7086281378756792,0.28852404896355116
BANK_034,SCN_0183,Stressed,Stressed,0.02421413309730169,0.9595637101833998,0.01622215671929849
BANK_035,SCN_0183,Healthy,Healthy,0.9999561031447987,4.389673225757675e-05,1.2294380089171765e-10
BANK_036,SCN_0183,Healthy,Healthy,0.9220308549295162,0.07791365445996522,5.549061051850595e-05
BANK_037,SCN_0183,Healthy,Stressed,0.2062912877013736,0.7639954600243216,0.029713252274304807
BANK_038,SCN_0183,Stressed,Stressed,0.46483554668681043,0.5322073560512972,0.0029570972618923933
BANK_039,SCN_0183,Healthy,Healthy,0.9838381777466092,0.016161692983746208,1.2926964458397302e-07
BANK_040,SCN_0183,Healthy,Healthy,0.8831648193887234,0.11682509042371302,1.0090187563563456e-05
BANK_001,SCN_0186,Healthy,Healthy,0.994815212083183,0.0051840567866935985,7.311301234367472e-07
BANK_002,SCN_0186,Stressed,Stressed,0.4085054746242497,0.5884299070650787,0.003064618310671536
BANK_003,SCN_0186,Stressed,Stressed,0.38487731867447716,0.6100905372140326,0.0050321441114902134
BANK_004,SCN_0186,Healthy,Healthy,0.9038805572571057,0.0960479299250807,7.151281781355432e-05
BANK_005,SCN_0186,Healthy,Healthy,0.9992726173890139,0.0007273822134356413,3.975506625344258e-10
BANK_006,SCN_0186,Stressed,Stressed,0.008552904777557397,0.9868861768771855,0.004560918345256991
BANK_007,SCN_0186,Healthy,Healthy,0.9988786363995299,0.0011213585398119573,5.060658228520206e-09
BANK_008,SCN_0186,Stressed,Stressed,0.049554970289990216,0.9441171423879418,0.0063278873220679425
BANK_009,SCN_0186,Healthy,Healthy,0.6409104333230929,0.3583338645590768,0.0007557021178301341
BANK_010,SCN_0186,Stressed,Stressed,0.050891029036166144,0.8510473368112654,0.09806163415256841
BANK_011,SCN_0186,Healthy,Healthy,0.9423888896813274,0.05759139576344942,1.971455522313795e-05
BANK_012,SCN_0186,Healthy,Healthy,0.9978728122288322,0.0021271855011639243,2.2700039801503183e-09
BANK_013,SCN_0186,Critical,Critical,3.791139989277211e-10,0.0005978456301628252,0.9994021539907232
BANK_014,SCN_0186,Stressed,Stressed,0.06214665124702786,0.8838546190719716,0.053998729681000494
BANK_015,SCN_0186,Critical,Critical,1.749234526369012e-05,0.4296725164514324,0.570309991203304
BANK_016,SCN_0186,Healthy,Healthy,0.9970659169650189,0.0029340742606792703,8.774301923226016e-09
BANK_017,SCN_0186,Stressed,Stressed,0.0063188517672119445,0.7117604296522645,0.2819207185805236
BANK_018,SCN_0186,Stressed,Healthy,0.6670031321039598,0.3329823775969456,1.449029909461028e-05
BANK_019,SCN_0186,Critical,Critical,7.944541583688242e-09,0.0002690106461856135,0.9997309814092727
BANK_020,SCN_0186,Critical,Critical,1.2083065619293732e-05,0.03237785222514616,0.9676100647092346
BANK_021,SCN_0186,Stressed,Stressed,0.007244697738166141,0.5039868170966337,0.4887684851652001
BANK_022,SCN_0186,Critical,Critical,4.336679376873567e-06,0.030535235776586272,0.9694604275440368
BANK_023,SCN_0186,Healthy,Healthy,0.9683858124244165,0.03161334410940866,8.434661750314887e-07
BANK_024,SCN_0186,Stressed,Stressed,0.05383079277479576,0.9389669534949745,0.007202253730229778
BANK_025,SCN_0186,Stressed,Stressed,0.1334277911484182,0.8439232351280986,0.022648973723483144
BANK_026,SCN_0186,Healthy,Healthy,0.6181811520139011,0.3811188202485439,0.0007000277375550468
BANK_027,SCN_0186,Stressed,Healthy,0.6892833748875435,0.3075446796229692,0.003171945489487255
BANK_028,SCN_0186,Stressed,Critical,0.008566389615279382,0.4899473189035387,0.5014862914811818
BANK_029,SCN_0186,Critical,Stressed,0.0007679584517680277,0.7714725480504727,0.22775949349775926
BANK_030,SCN_0186,Critical,Critical,5.5258298237399005e-11,0.0003929139626773785,0.9996070859820643
BANK_031,SCN_0186,Healthy,Healthy,0.9997241620077713,0.00027583781182894155,1.8039979254620744e-10
BANK_032,SCN_0186,Healthy,Stressed,0.37303631216333905,0.626757826028125,0.00020586180853586985
BANK_033,SCN_0186,Stressed,Stressed,0.0014880067359143727,0.6206684750873086,0.377843518176777
BANK_034,SCN_0186,Healthy,Stressed,0.014470242163588228,0.9612327932636784,0.024296964572733476
BANK_035,SCN_0186,Healthy,Healthy,0.9999264184371955,7.358125467719364e-05,3.081273838598923e-10
BANK_036,SCN_0186,Healthy,Healthy,0.875809623905209,0.12405827077236105,0.00013210532242984724
BANK_037,SCN_0186,Stressed,Stressed,0.13211635347335715,0.8201897905961721,0.04769385593047073
BANK_038,SCN_0186,Stressed,Stressed,0.34069404613572013,0.6538738586321624,0.005432095232117502
BANK_039,SCN_0186,Healthy,Healthy,0.9732009866436815,0.02679869286816735,3.2048815116396075e-07
BANK_040,SCN_0186,Healthy,Healthy,0.8184861837684817,0.1814903790499174,2.3437181600855003e-05
BANK_001,SCN_0194,Healthy,Healthy,0.9932029261572451,0.006794252797379064,2.8210453757759297e-06
BANK_002,SCN_0194,Stressed,Stressed,0.13961433194792586,0.8447802679448239,0.01560540010725033
BANK_003,SCN_0194,Healthy,Stressed,0.1347514640819623,0.8409131436428565,0.02433539227518109
BANK_004,SCN_0194,Healthy,Healthy,0.6374802624270501,0.36152591226465874,0.000993825308291234
BANK_005,SCN_0194,Healthy,Healthy,0.9969218416507093,0.0030781523723511757,5.976939576319452e-09
BANK_006,SCN_0194,Stressed,Stressed,0.003914873967209739,0.9815532675251304,0.014531858507659805
BANK_007,SCN_0194,Healthy,Healthy,0.9978867930249604,0.0021131771399420553,2.983509755133805e-08
BANK_008,SCN_0194,Stressed,Stressed,0.03293179495485923,0.947917868369728,0.01915033667541276
BANK_009,SCN_0194,Healthy,Healthy,0.5195572801243696,0.477365171405156,0.0030775484704743798
BANK_010,SCN_0194,Stressed,Stressed,0.019910148853357824,0.7161819416375049,0.2639079095091373
BANK_011,SCN_0194,Healthy,Healthy,0.7030158823486491,0.2965927400795846,0.0003913775717663382
BANK_012,SCN_0194,Healthy,Healthy,0.992941136373498,0.007058837922205546,2.5704296339222698e-08
BANK_013,SCN_0194,Critical,Critical,9.688234451927706e-11,0.0002027761107726033,0.999797223792345
BANK_014,SCN_0194,Critical,Stressed,0.030342915008392174,0.8140632467798092,0.15559383821179865
BANK_015,SCN_0194,Critical,Critical,1.5976739022374794e-06,0.1739059572314167,0.826092445094681
BANK_016,SCN_0194,Healthy,Healthy,0.9871496057888308,0.012850256722310577,1.3748885837504463e-07
BANK_017,SCN_0194,Stressed,Critical,0.0012947401436965897,0.42976242357328054,0.5689428362830228
BANK_018,SCN_0194,Stressed,Stressed,0.32723380928121315,0.6726627122949583,0.00010347842382842505
BANK_019,SCN_0194,Critical,Critical,1.4961069352958912e-09,8.731488765353169e-05,0.9999126836162396
BANK_020,SCN_0194,Critical,Critical,1.8736810127439506e-06,0.010416942739841875,0.9895811835791454
BANK_021,SCN_0194,Stressed,Critical,0.00262642807881794,0.25655648143300225,0.7408170904881797
BANK_022,SCN_0194,Critical,Critical,1.0457124130897025e-06,0.010449394653157258,0.9895495596344296
BANK_023,SCN_0194,Healthy,Healthy,0.8581033836858591,0.14188276175249828,1.3854561642584597e-05
BANK_024,SCN_0194,Stressed,Stressed,0.007578468132262912,0.9636663879862059,0.028755143881531126
BANK_025,SCN_0194,Healthy,Stressed,0.03397699660469395,0.8823519837306315,0.08367101966467448
BANK_026,SCN_0194,Stressed,Healthy,0.4986126827840932,0.49859387309304326,0.002793444122863504
BANK_027,SCN_0194,Stressed,Stressed,0.32641392907673067,0.6495830790502624,0.024002991873006963
BANK_028,SCN_0194,Stressed,Critical,0.0021404872568840387,0.2367160964697094,0.7611434162734066
BANK_029,SCN_0194,Stressed,Critical,0.0001164174481354593,0.48865250884097683,0.5112310737108876
BANK_030,SCN_0194,Critical,Critical,2.9763466098557738e-12,0.00010735942278580776,0.9998926405742378
BANK_031,SCN_0194,Healthy,Healthy,0.9988651791729696,0.001134818203386464,2.6236438414113426e-09
BANK_032,SCN_0194,Stressed,Stressed,0.2901240594529331,0.7091782594420926,0.00069768110497436
BANK_033,SCN_0194,Critical,Critical,0.00018468372515246807,0.317197112702345,0.6826182035725026
BANK_034,SCN_0194,Stressed,Stressed,0.003347385839254067,0.9149108498129979,0.08174176434774819
BANK_035,SCN_0194,Healthy,Healthy,0.9998821787330808,0.00011781976520867227,1.5017104858779784e-09
BANK_036,SCN_0194,Stressed,Healthy,0.8146256614739829,0.18477545299536094,0.0005988855306563258
BANK_037,SCN_0194,Stressed,Stressed,0.09486906148676354,0.7728342465297022,0.13229669198353433
BANK_038,SCN_0194,Stressed,Stressed,0.22870210900133728,0.7520644094290935,0.019233481569569305
BANK_039,SCN_0194,Healthy,Healthy,0.8845552571555371,0.11543974612393287,4.996720530014215e-06
BANK_040,SCN_0194,Healthy,Healthy,0.7771485622908599,0.222766962768317,8.447494082309779e-05
BANK_001,SCN_0195,Healthy,Healthy,0.9983177416548642,0.0016822169929793527,4.135215638480734e-08
BANK_002,SCN_0195,Healthy,Healthy,0.8728518950656143,0.12705237459270458,9.573034168107428e-05
BANK_003,SCN_0195,Healthy,Healthy,0.8538801927423691,0.1459437513844821,0.00017605587314870657
BANK_004,SCN_0195,Healthy,Healthy,0.9916182832988331,0.008380849452098656,8.67249068382331e-07
BANK_005,SCN_0195,Healthy,Healthy,0.9999271618259324,7.283816831775718e-05,5.749956170725184e-12
BANK_006,SCN_0195,Stressed,Stressed,0.042449002397446624,0.9568426631488162,0.0007083344537373631
BANK_007,SCN_0195,Healthy,Healthy,0.9997474416063096,0.0002525582067385256,1.8695178428162132e-10
BANK_008,SCN_0195,Stressed,Stressed,0.1572587143514988,0.8417807938127664,0.0009604918357346991
BANK_009,SCN_0195,Healthy,Healthy,0.8737663776862588,0.12618895113718384,4.467117655730387e-05
BANK_010,SCN_0195,Stressed,Stressed,0.22929466428943113,0.7567149795726034,0.01399035613796546
BANK_011,SCN_0195,Healthy,Healthy,0.9962562002314411,0.0037436291796367166,1.7058892212030706e-07
BANK_012,SCN_0195,Healthy,Healthy,0.9997287341280273,0.00027126582844166013,4.3531110779925224e-11
BANK_013,SCN_0195,Critical,Critical,6.794205958754573e-09,0.0034266307476548538,0.996573362458139
BANK_014,SCN_0195,Stressed,Stressed,0.23627551929094062,0.7561472207192622,0.007577259989797278
BANK_015,SCN_0195,Stressed,Stressed,0.00035691841220807265,0.8398156741851418,0.1598274074026502
BANK_016,SCN_0195,Healthy,Healthy,0.9997177035117928,0.00028229636712871596,1.210785451195782e-10
BANK_017,SCN_0195,Stressed,Stressed,0.05490713195767865,0.8909155720817206,0.05417729596060073
BANK_018,SCN_0195,Healthy,Healthy,0.9510539406289004,0.0489457501925192,3.091785804719098e-07
BANK_019,SCN_0195,Critical,Critical,1.9345172261547135e-07,0.0016132826411217962,0.9983865239071555
BANK_020,SCN_0195,Critical,Critical,0.00031308760878887964,0.1716426995767942,0.8280442128144169
BANK_021,SCN_0195,Stressed,Stressed,0.039146456172747826,0.8232562932816905,0.1375972505455616
BANK_022,SCN_0195,Stressed,Critical,7.347417839251946e-05,0.15474123851940882,0.8451852873021987
BANK_023,SCN_0195,Healthy,Healthy,0.9972714538274208,0.0027285359656370684,1.0206942128035526e-08
BANK_024,SCN_0195,Healthy,Stressed,0.49585818266262316,0.5036322570377969,0.000509560299579824
BANK_025,SCN_0195,Stressed,Healthy,0.6036971409352287,0.3947642423696895,0.0015386166950817621
BANK_026,SCN_0195,Healthy,Healthy,0.8610301851145113,0.1389268871854361,4.2927700052440785e-05
BANK_027,SCN_0195,Stressed,Healthy,0.9592083657050935,0.04073146581780285,6.0168477103590255e-05
BANK_028,SCN_0195,Stressed,Stressed,0.06387643189132028,0.8020305335911422,0.13409303451753762
BANK_029,SCN_0195,Stressed,Stressed,0.009309202525183564,0.9500756745517969,0.040615122923019664
BANK_030,SCN_0195,Critical,Critical,4.699948837576792e-09,0.0027963958772520853,0.9972035994227991
BANK_031,SCN_0195,Healthy,Healthy,0.9999715568453899,2.8443151909939213e-05,2.7002145012326292e-12
BANK_032,SCN_0195,Healthy,Healthy,0.6710310179837685,0.3289504716222379,1.8510393993501656e-05
BANK_033,SCN_0195,Stressed,Stressed,0.020920464120273707,0.8995857524580468,0.0794937834216795
BANK_034,SCN_0195,Healthy,Stressed,0.12692979478839184,0.8698781182016685,0.003192087009939655
BANK_035,SCN_0195,Healthy,Healthy,0.9999804933327848,1.9506653443830355e-05,1.3771320442104127e-11
BANK_036,SCN_0195,Healthy,Healthy,0.9638028586512785,0.03619064423282109,6.497115900487629e-06
BANK_037,SCN_0195,Stressed,Stressed,0.33018580684114496,0.66309305739431,0.006721135764545202
BANK_038,SCN_0195,Healthy,Healthy,0.6774412193511865,0.32211272763562526,0.00044605301318827113
BANK_039,SCN_0195,Healthy,Healthy,0.9975397176433101,0.0024602781852507295,4.171439146621353e-09
BANK_040,SCN_0195,Healthy,Healthy,0.9321287641974729,0.06786970423179109,1.5315707359671303e-06
BANK_001,SCN_0205,Healthy,Healthy,0.9997235776244885,0.00027642167714468397,6.983666932088163e-10
BANK_002,SCN_0205,Healthy,Healthy,0.9925906732941252,0.007408850486699767,4.762191749879973e-07
BANK_003,SCN_0205,Healthy,Healthy,0.9907338276322951,0.009265208470999774,9.638967050844924e-07
BANK_004,SCN_0205,Healthy,Healthy,0.9996589966326903,0.00034100047546632895,2.891843357984827e-09
BANK_005,SCN_0205,Healthy,Healthy,0.9999963009172277,3.6990827475413753e-06,2.4870203305670503e-14
BANK_006,SCN_0205,Stressed,Stressed,0.3091492357471166,0.6908024618903486,4.8302362534801413e-05
BANK_007,SCN_0205,Healthy,Healthy,0.9999711536317554,2.884636617943725e-05,2.0652323249711147e-12
BANK_008,SCN_0205,Healthy,Healthy,0.5671312222350094,0.43281920227068815,4.9575494302427995e-05
BANK_009,SCN_0205,Healthy,Healthy,0.9814208840144854,0.0185784650121476,6.509733670849271e-07
BANK_010,SCN_0205,Healthy,Healthy,0.7512767873359225,0.24828889367416954,0.0004343189899079817
BANK_011,SCN_0205,Healthy,Healthy,0.9998827643206323,0.00011723526004450042,4.1932323843853795e-10
BANK_012,SCN_0205,Healthy,Healthy,0.9999824740692465,1.7525930504214946e-05,2.4938665393336725e-13
BANK_013,SCN_0205,Critical,Critical,3.962000190668156e-07,0.03242989153491664,0.9675697122650644
BANK_014,SCN_0205,Healthy,Healthy,0.7321796495150201,0.2675610305720772,0.00025931991290283437
BANK_015,SCN_0205,Stressed,Stressed,0.008531259420829506,0.9757682973296526,0.0157004432495179
BANK_016,SCN_0205,Healthy,Healthy,0.999986250222545,1.3749776956371546e-05,4.987490096938462e-13
BANK_017,SCN_0205,Healthy,Stressed,0.4560781326849645,0.5409438675776145,0.0029779997374209583
BANK_018,SCN_0205,Healthy,Healthy,0.9973149528820019,0.0026850456662593615,1.4517386938093979e-09
BANK_019,SCN_0205,Critical,Critical,1.553350700748231e-05,0.01618965724544223,0.9837948092475503
BANK_020,SCN_0205,Stressed,Stressed,0.011897187457083442,0.6771507412382348,0.3109520713046816
BANK_021,SCN_0205,Stressed,Stressed,0.23359533990218706,0.7536045720895111,0.012800088008301859
BANK_022,SCN_0205,Stressed,Stressed,0.0020089240113462816,0.6421777432683073,0.35581333272034643
BANK_023,SCN_0205,Healthy,Healthy,0.9998836535290712,0.00011634643494628621,3.598254224913306e-11
BANK_024,SCN_0205,Healthy,Healthy,0.9708608562646985,0.02913685079552006,2.2929397814455274e-06
BANK_025,SCN_0205,Healthy,Healthy,0.9668208904216723,0.033168039172631274,1.1070405696387606e-05
BANK_026,SCN_0205,Healthy,Healthy,0.9790207730281076,0.02097858394667449,6.430252179599323e-07
BANK_027,SCN_0205,Healthy,Healthy,0.9979531730215335,0.0020465716545635523,2.5532390289966054e-07
BANK_028,SCN_0205,Stressed,Stressed,0.41300448787998795,0.5776925389540237,0.009302973165988342
BANK_029,SCN_0205,Stressed,Stressed,0.15922021004430753,0.8377220037671981,0.003057786188494267
BANK_030,SCN_0205,Critical,Critical,1.2988603893761997e-06,0.03281456146241134,0.9671841396771993
BANK_031,SCN_0205,Healthy,Healthy,0.9999985120136855,1.4879863025315261e-06,1.2090989508341488e-14
BANK_032,SCN_0205,Healthy,Healthy,0.9323305559553082,0.06766905937455055,3.846701412646438e-07
BANK_033,SCN_0205,Stressed,Stressed,0.3061392722077934,0.6886519867097742,0.005208741082432277
BANK_034,SCN_0205,Healthy,Healthy,0.7358925147029265,0.26402454653487784,8.293876219571312e-05
BANK_035,SCN_0205,Healthy,Healthy,0.9999973759308985,2.6240689174192858e-06,1.8416276097105408e-13
BANK_036,SCN_0205,Healthy,Healthy,0.9949741123914725,0.005025797914590688,8.969393685747493e-08
BANK_037,SCN_0205,Healthy,Healthy,0.7518772496560814,0.24786452032889925,0.00025823001501937114
BANK_038,SCN_0205,Healthy,Healthy,0.9435872442597054,0.05640507848383404,7.67725646046428e-06
BANK_039,SCN_0205,Healthy,Healthy,0.9998879165752991,0.00011208340881364517,1.5887311632506526e-11
BANK_040,SCN_0205,Healthy,Healthy,0.9880128897004457,0.011987082426280934,2.7873273550764816e-08
BANK_001,SCN_0210,Healthy,Healthy,0.9922264701907418,0.007772024321726231,1.5054875320272873e-06
BANK_002,SCN_0210,Healthy,Stressed,0.31439993689516144,0.6807306675446345,0.004869395560204068
BANK_003,SCN_0210,Healthy,Stressed,0.29328222300506235,0.6988013249471238,0.007916452047813969
BANK_004,SCN_0210,Stressed,Healthy,0.8621519355101054,0.13770724241209462,0.00014082207779986415
BANK_005,SCN_0210,Healthy,Healthy,0.9989070504780845,0.0010929487014740458,8.204415898309724e-10
BANK_006,SCN_0210,Stressed,Stressed,0.005696675441769293,0.9880317840545478,0.006271540503682789
BANK_007,SCN_0210,Healthy,Healthy,0.9983153944009091,0.0016845951572723923,1.0441818642205564e-08
BANK_008,SCN_0210,Stressed,Stressed,0.03344359006413301,0.9577398634265216,0.008816546509345356
BANK_009,SCN_0210,Healthy,Healthy,0.5426421239747695,0.4560369427026753,0.0013209333225551341
BANK_010,SCN_0210,Stressed,Stressed,0.03320628666823174,0.8346969121991054,0.132096801132663
BANK_011,SCN_0210,Healthy,Healthy,0.9158326383288801,0.0841278079782284,3.955369289148257e-05
BANK_012,SCN_0210,Healthy,Healthy,0.9968059812921105,0.0031940140264851264,4.681404390635471e-09
BANK_013,SCN_0210,Critical,Critical,1.8366497038898797e-10,0.00043535303934545265,0.9995646467769895
BANK_014,SCN_0210,Healthy,Stressed,0.04137115160410484,0.8844162708532676,0.07421257754262767
BANK_015,SCN_0210,Critical,Critical,9.593924536320404e-06,0.35422714779773734,0.6457632582777263
BANK_016,SCN_0210,Healthy,Healthy,0.9955961932635006,0.004403788648687923,1.8087811572624192e-08
BANK_017,SCN_0210,Stressed,Stressed,0.003810645695626688,0.645193900373267,0.35099545393110626
BANK_018,SCN_0210,Stressed,Healthy,0.5712852904715213,0.42868908731691957,2.5622211559136325e-05
BANK_019,SCN_0210,Critical,Critical,3.848455942419553e-09,0.00019587686918402485,0.99980411928236
BANK_020,SCN_0210,Critical,Critical,5.904814287667225e-06,0.023783357026808918,0.9762107381589032
BANK_021,SCN_0210,Critical,Critical,0.0040841379170050585,0.42706631237130854,0.5688495497116864
BANK_022,SCN_0210,Critical,Critical,2.1181913931207457e-06,0.022418428799554795,0.9775794530090521
BANK_023,SCN_0210,Healthy,Healthy,0.9532234012215456,0.046774884710471566,1.7140679828813805e-06
BANK_024,SCN_0210,Stressed,Stressed,0.03637000744577721,0.9535839474051294,0.010046045149093429
BANK_025,SCN_0210,Stressed,Stressed,0.09210102268292067,0.8756228976838151,0.03227607963326423
BANK_026,SCN_0210,Healthy,Healthy,0.5183923004098334,0.4803957846879582,0.0012119149022083672
BANK_027,SCN_0210,Stressed,Healthy,0.5951790697889052,0.39916648948087563,0.005654440730218974
BANK_028,SCN_0210,Critical,Critical,0.004811668658096044,0.4136597692078672,0.5815285621340368
BANK_029,SCN_0210,Critical,Stressed,0.0004709671730955214,0.7111634030879318,0.2883656297389728
BANK_030,SCN_0210,Critical,Critical,2.6768856153894465e-11,0.0002861052188500472,0.9997138947543811
BANK_031,SCN_0210,Healthy,Healthy,0.9995854375801566,0.0004145620474603076,3.723830116754834e-10
BANK_032,SCN_0210,Healthy,Stressed,0.2835573410467182,0.7161196015749858,0.000323057378296065
BANK_033,SCN_0210,Stressed,Stressed,0.0008679011191930193,0.5441530254830368,0.4549790733977702
BANK_034,SCN_0210,Healthy,Stressed,0.009586196635495288,0.9571833207530603,0.033230482611444304
BANK_035,SCN_0210,Healthy,Healthy,0.9998894014027662,0.00011059796112966099,6.361042732380142e-10
BANK_036,SCN_0210,Healthy,Healthy,0.8242465449482022,0.17549678107947805,0.000256673972319907
BANK_037,SCN_0210,Stressed,Stressed,0.09027852906589569,0.842438613710335,0.06728285722376919
BANK_038,SCN_0210,Stressed,Stressed,0.2552465032873895,0.7363516118339904,0.008401884878619956
BANK_039,SCN_0210,Healthy,Healthy,0.960253392681654,0.039745954474399214,6.528439468953339e-07
BANK_040,SCN_0210,Healthy,Healthy,0.7499842234865451,0.24997144013104355,4.433638241129634e-05
BANK_001,SCN_0212,Healthy,Healthy,0.9974006066209602,0.00259917967242187,2.1370661797472754e-07
BANK_002,SCN_0212,Healthy,Healthy,0.5805431257735194,0.4181871509498619,0.0012697232766186578
BANK_003,SCN_0212,Healthy,Healthy,0.5566328721329353,0.4412453706643505,0.002121757202714191
BANK_004,SCN_0212,Healthy,Healthy,0.949521153709687,0.05045694480473932,2.1901485573705382e-05
BANK_005,SCN_0212,Healthy,Healthy,0.999636118388498,0.00036388149555851803,1.1594352967945664e-10
BANK_006,SCN_0212,Stressed,Stressed,0.016990125033484436,0.9803684923314603,0.0026413826350553666
BANK_007,SCN_0212,Healthy,Healthy,0.9994389151924344,0.000561083331360561,1.4762048313514187e-09
BANK_008,SCN_0212,Stressed,Stressed,0.09465477920724832,0.9018214297504386,0.003523791042313214
BANK_009,SCN_0212,Healthy,Healthy,0.7812872047919507,0.21844422360400564,0.0002685716040436187
BANK_010,SCN_0212,Stressed,Stressed,0.10076007038936366,0.842636539978277,0.05660338963235926
BANK_011,SCN_0212,Healthy,Healthy,0.9703395866477398,0.029654495329120834,5.918023139507042e-06
BANK_012,SCN_0212,Healthy,Healthy,0.9989351043309601,0.001064895006541595,6.624983288365972e-10
BANK_013,SCN_0212,Critical,Critical,1.2998344789825304e-09,0.0010250537338922627,0.9989749449662733
BANK_014,SCN_0212,Stressed,Stressed,0.11953871313571121,0.8501802688970878,0.030281017967200976
BANK_015,SCN_0212,Stressed,Stressed,4.589294441003986e-05,0.5637347386756741,0.4362193683799158
BANK_016,SCN_0212,Healthy,Healthy,0.9985305707021702,0.001469426736024329,2.5618054922944384e-09
BANK_017,SCN_0212,Critical,Stressed,0.014217345470767157,0.8008543337598752,0.1849283207693575
BANK_018,SCN_0212,Stressed,Healthy,0.8002195846227288,0.19977534716570153,5.0682115696385815e-06
BANK_019,SCN_0212,Critical,Critical,2.724514911148197e-08,0.0004613485451868199,0.999538624209664
BANK_020,SCN_0212,Critical,Critical,4.0506518173175397e-05,0.054279414934207224,0.9456800785476196
BANK_021,SCN_0212,Critical,Stressed,0.018031808099833437,0.6273032304720091,0.35466496142815745
BANK_022,SCN_0212,Critical,Critical,1.4557034214974219e-05,0.05125735679605986,0.9487280861697251
BANK_023,SCN_0212,Healthy,Healthy,0.9839366815765188,0.01606306857167804,2.498518030119844e-07
BANK_024,SCN_0212,Stressed,Stressed,0.10243943509133337,0.893564791066232,0.003995773842434676
BANK_025,SCN_0212,Healthy,Stressed,0.23739072508678627,0.7508613256652229,0.011747949247990812
BANK_026,SCN_0212,Healthy,Healthy,0.7641535226976356,0.2355942011539324,0.0002522761484319654
BANK_027,SCN_0212,Healthy,Healthy,0.8166816137231002,0.18222272383918106,0.0010956624377187268
BANK_028,SCN_0212,Stressed,Stressed,0.021427663842020005,0.6128662815819065,0.36570605457607347
BANK_029,SCN_0212,Stressed,Stressed,0.0016953978654018884,0.8517138816946953,0.14659072043990284
BANK_030,SCN_0212,Critical,Critical,1.894869819657685e-10,0.0006737808696850815,0.999326218940828
BANK_031,SCN_0212,Healthy,Healthy,0.9998620399961456,0.00013795995125360613,5.2600758790289006e-11
BANK_032,SCN_0212,Healthy,Healthy,0.5433686480088191,0.456543931078876,8.742091230488584e-05
BANK_033,SCN_0212,Stressed,Stressed,0.003525850295106886,0.735458209150266,0.26101594055462707
BANK_034,SCN_0212,Stressed,Stressed,0.02881101450566314,0.9570853571305764,0.014103628363760563
BANK_035,SCN_0212,Healthy,Healthy,0.9999632020549762,3.679785518935164e-05,8.98343346684957e-11
BANK_036,SCN_0212,Healthy,Healthy,0.9338112784775378,0.06614765709231464,4.106443014762808e-05
BANK_037,SCN_0212,Stressed,Stressed,0.23754187139927938,0.737458007402904,0.02500012119781659
BANK_038,SCN_0212,Healthy,Healthy,0.5090556184532735,0.4885781123542945,0.0023662691924319396
BANK_039,SCN_0212,Healthy,Healthy,0.9864164357944302,0.013583469502115478,9.470345435503618e-08
BANK_040,SCN_0212,Healthy,Healthy,0.9001746028902516,0.09981788231935733,7.514790390948955e-06
BANK_001,SCN_0239,Healthy,Healthy,0.9993464621943543,0.000653534577994239,3.2276514951384116e-09
BANK_002,SCN_0239,Healthy,Healthy,0.982650199659109,0.017347620611363353,2.1797295275516587e-06
BANK_003,SCN_0239,Healthy,Healthy,0.9783556961283135,0.021639903014714162,4.4008569722359875e-06
BANK_004,SCN_0239,Healthy,Healthy,0.9991938416024121,0.0008061450334911797,1.3364096628995553e-08
BANK_005,SCN_0239,Healthy,Healthy,0.9999912511254856,8.74887439937194e-06,1.1498577450771253e-13
BANK_006,SCN_0239,Stressed,Stressed,0.15909038502339648,0.8407946908792552,0.00011492409734840658
BANK_007,SCN_0239,Healthy,Healthy,0.9999317764366245,6.822355382733284e-05,9.548140133449977e-12
BANK_008,SCN_0239,Stressed,Stressed,0.3564516656795743,0.6434042717640819,0.00014406255634381764
BANK_009,SCN_0239,Healthy,Healthy,0.9571430313060248,0.04285403339907669,2.935294898534829e-06
BANK_010,SCN_0239,Healthy,Healthy,0.5604336852014061,0.4380683553675559,0.0014979594310379997
BANK_011,SCN_0239,Healthy,Healthy,0.9997227624103411,0.0002772356512453202,1.9384133938742337e-09
BANK_012,SCN_0239,Healthy,Healthy,0.9999585493796062,4.145061924078638e-05,1.1530012816034878e-12
BANK_013,SCN_0239,Critical,Critical,8.707270293024665e-08,0.016856731083783275,0.983143181843514
BANK_014,SCN_0239,Healthy,Healthy,0.5359230426955052,0.4631993754876693,0.0008775818168254646
BANK_015,SCN_0239,Stressed,Stressed,0.0035711055549711044,0.9660432518756032,0.03038564256942567
BANK_016,SCN_0239,Healthy,Healthy,0.9999674802004073,3.2519797286880035e-05,2.3059021110520984e-12
BANK_017,SCN_0239,Stressed,Stressed,0.26072557933734297,0.7314033099909087,0.007871110671748291
BANK_018,SCN_0239,Healthy,Healthy,0.9936726266718398,0.006327366640619694,6.6875404290932664e-09
BANK_019,SCN_0239,Critical,Critical,3.386536899156286e-06,0.00834803530312051,0.9916485781599803
BANK_020,SCN_0239,Stressed,Stressed,0.003899259344623982,0.5249083769001708,0.4711923637552052
BANK_021,SCN_0239,Stressed,Stressed,0.11256681267184965,0.8589147238542163,0.028518463473934046
BANK_022,SCN_0239,Stressed,Critical,0.0006345407517230019,0.4797462482647795,0.5196192109834975
BANK_023,SCN_0239,Healthy,Healthy,0.9997248657244618,0.0002751341092007406,1.6633737452076025e-10
BANK_024,SCN_0239,Healthy,Healthy,0.9337133145113418,0.0662764898089918,1.0195679666322936e-05
BANK_025,SCN_0239,Healthy,Healthy,0.9249044448951012,0.07504659060197942,4.896450291954339e-05
BANK_026,SCN_0239,Healthy,Healthy,0.9517609765815077,0.04823613319807243,2.8902204200118015e-06
BANK_027,SCN_0239,Healthy,Healthy,0.995171846127721,0.004826976682819934,1.177189459202957e-06
BANK_028,SCN_0239,Stressed,Stressed,0.22663278002205287,0.7497647911918008,0.02360242878614614
BANK_029,SCN_0239,Stressed,Stressed,0.07389425737805545,0.9195444926555371,0.006561249966407495
BANK_030,SCN_0239,Critical,Critical,2.8550468522983674e-07,0.01705994788136386,0.9829397666139509
BANK_031,SCN_0239,Healthy,Healthy,0.9999964806830073,3.5193169368365233e-06,5.590207577631198e-14
BANK_032,SCN_0239,Healthy,Healthy,0.8534852362480115,0.1465131356502332,1.6281017552111577e-06
BANK_033,SCN_0239,Stressed,Stressed,0.15627379073601005,0.8314329555767489,0.012293253687241042
BANK_034,SCN_0239,Healthy,Healthy,0.5408047697833418,0.4589134239477977,0.000281806268860388
BANK_035,SCN_0239,Healthy,Healthy,0.9999937936813578,6.2063177907438564e-06,8.514658494198034e-13
BANK_036,SCN_0239,Healthy,Healthy,0.9881937809619337,0.011805807167844068,4.1187022228417464e-07
BANK_037,SCN_0239,Healthy,Healthy,0.56139143771303,0.4377171214333897,0.0008914408535803002
BANK_038,SCN_0239,Healthy,Healthy,0.8761014032048735,0.12386563997242571,3.295682270081541e-05
BANK_039,SCN_0239,Healthy,Healthy,0.9997349454081513,0.00026505451840556904,7.344308982283856e-11
BANK_040,SCN_0239,Healthy,Healthy,0.9721050003228844,0.027894872881126322,1.2679598916090895e-07
BANK_001,SCN_0263,Healthy,Healthy,0.9992451600281118,0.0007548300371766251,9.934711657910152e-09
BANK_002,SCN_0263,Healthy,Healthy,0.9387201850425889,0.06125510346086163,2.4711496549493483e-05
BANK_003,SCN_0263,Stressed,Healthy,0.9287885656264749,0.07116546968946388,4.5964684061265703e-05
BANK_004,SCN_0263,Healthy,Healthy,0.9962252428976275,0.0037745479750873525,2.0912728507437147e-07
BANK_005,SCN_0263,Healthy,Healthy,0.9999673456998108,3.265429880905022e-05,1.3801803118719793e-12
BANK_006,SCN_0263,Stressed,Stressed,0.09001694435585333,0.9096225193535867,0.0003605362905598559
BANK_007,SCN_0263,Healthy,Healthy,0.9998867635959933,0.0001132363591277242,4.4879082883140077e-11
BANK_008,SCN_0263,Stressed,Stressed,0.29402100395013253,0.705547962421616,0.0004310336282514309
BANK_009,SCN_0263,Healthy,Healthy,0.9391833376793585,0.06080513744409021,1.152487655134641e-05
BANK_010,SCN_0263,Healthy,Stressed,0.40094595414143996,0.5931822020090536,0.005871843849506384
BANK_011,SCN_0263,Healthy,Healthy,0.9983182351156604,0.0016817238542342753,4.103010542617932e-08
BANK_012,SCN_0263,Healthy,Healthy,0.9998783746729794,0.00012162531657060034,1.045005535867449e-11
BANK_013,SCN_0263,Critical,Critical,2.8222499385454737e-08,0.006380988559247106,0.9936189832182534
BANK_014,SCN_0263,Healthy,Stressed,0.40943907044352135,0.5874092896837261,0.0031516398727526123
BANK_015,SCN_0263,Stressed,Stressed,0.0008596209243328597,0.9067465168432777,0.09239386223238957
BANK_016,SCN_0263,Healthy,Healthy,0.9998734282084821,0.00012657176245169552,2.9066228217678417e-11
BANK_017,SCN_0263,Stressed,Stressed,0.11749768324901833,0.8546749757059108,0.027827341045070855
BANK_018,SCN_0263,Healthy,Healthy,0.9774488221309805,0.022551101599305373,7.626971406468207e-08
BANK_019,SCN_0263,Critical,Critical,8.048426192164545e-07,0.0030089343987450183,0.9969902607586357
BANK_020,SCN_0263,Stressed,Critical,0.0011343352949700165,0.2787820428727812,0.7200836218322487
BANK_021,SCN_0263,Stressed,Stressed,0.08872025445428126,0.8364293804245864,0.07485036512113234
BANK_022,SCN_0263,Critical,Critical,0.0002698205560333188,0.25474769148178966,0.7449824879621769
BANK_023,SCN_0263,Healthy,Healthy,0.9987749644091485,0.001225033137251499,2.453599945420543e-09
BANK_024,SCN_0263,Healthy,Healthy,0.6870160674971608,0.3128144757675254,0.00016945673531372133
BANK_025,SCN_0263,Healthy,Healthy,0.7729427977212167,0.22658436412019337,0.0004728381585898528
BANK_026,SCN_0263,Healthy,Healthy,0.9325364077481195,0.06745243290232768,1.115934955277596e-05
BANK_027,SCN_0263,Healthy,Healthy,0.9813048787024635,0.018680346761190982,1.4774536345570768e-05
BANK_028,SCN_0263,Stressed,Stressed,0.14020035788228033,0.789156739799036,0.07064290231868366
BANK_029,SCN_0263,Stressed,Stressed,0.02092087440481517,0.9571708110954803,0.021908314499704377
BANK_030,SCN_0263,Critical,Critical,1.9533800933462234e-08,0.005210221353080952,0.9947897591131181
BANK_031,SCN_0263,Healthy,Healthy,0.9999872488765025,1.2751122849343261e-05,6.481252205101221e-13
BANK_032,SCN_0263,Healthy,Healthy,0.819827883127084,0.180166688751001,5.428121915010888e-06
BANK_033,SCN_0263,Stressed,Stressed,0.0471946264887737,0.9097618072405325,0.04304356627069395
BANK_034,SCN_0263,Stressed,Stressed,0.24520011178980508,0.7533198066501517,0.0014800815600431588
BANK_035,SCN_0263,Healthy,Healthy,0.9999912551673978,8.744829296469201e-06,3.305476690127311e-12
BANK_036,SCN_0263,Healthy,Healthy,0.9834437016568109,0.016554707102965572,1.5912402236513328e-06
BANK_037,SCN_0263,Stressed,Healthy,0.5248873379909408,0.47254815314529375,0.0025645088637654087
BANK_038,SCN_0263,Healthy,Healthy,0.8241880625685696,0.1756816822462897,0.00013025518514074493
BANK_039,SCN_0263,Healthy,Healthy,0.9988955694924702,0.001104429504925342,1.0026044872676113e-09
BANK_040,SCN_0263,Healthy,Healthy,0.9683903532476924,0.031609264838424925,3.8191388262107024e-07
BANK_001,SCN_0269,Healthy,Healthy,0.9973792679479464,0.0026206410079408207,9.104411285294496e-08
BANK_002,SCN_0269,Stressed,Healthy,0.8148526506372968,0.1849504019444556,0.00019694741824768467
BANK_003,SCN_0269,Stressed,Healthy,0.7892847239521759,0.21035664372000956,0.0003586323278144904
BANK_004,SCN_0269,Healthy,Healthy,0.9869906963256851,0.013007401393907474,1.9022804073877613e-06
BANK_005,SCN_0269,Healthy,Healthy,0.9998864269362546,0.00011357305107443847,1.2670944869226355e-11
BANK_006,SCN_0269,Stressed,Stressed,0.027635538519365222,0.971348210518294,0.001016250962340677
BANK_007,SCN_0269,Healthy,Healthy,0.9996062373082718,0.0003937622797914455,4.119366473068321e-10
BANK_008,SCN_0269,Stressed,Stressed,0.10683502359432455,0.8917269900451134,0.0014379863605620004
BANK_009,SCN_0269,Healthy,Healthy,0.8161211326998377,0.18378691791167656,9.194938848574846e-05
BANK_010,SCN_0269,Stressed,Stressed,0.15922320339750498,0.8193674537004322,0.021409342902062787
BANK_011,SCN_0269,Healthy,Healthy,0.9941743248112463,0.005825300039151248,3.7514960237685947e-07
BANK_012,SCN_0269,Healthy,Healthy,0.9995770750862466,0.00042292481783623025,9.591709593615e-11
BANK_013,SCN_0269,Critical,Critical,3.0861138730592765e-09,0.00242702648820907,0.997572970425677
BANK_014,SCN_0269,Stressed,Stressed,0.16499158138336462,0.8233479123319839,0.011660506284651586
BANK_015,SCN_0269,Critical,Stressed,0.0002147376308379913,0.787874692516962,0.21191056985219997
BANK_016,SCN_0269,Healthy,Healthy,0.9995598801506963,0.00044011958251901815,2.667846186351059e-10
BANK_017,SCN_0269,Stressed,Stressed,0.035117669324463016,0.8885204860628669,0.07636184461267022
BANK_018,SCN_0269,Healthy,Healthy,0.9257112218937144,0.07428811491022543,6.631960602629463e-07
BANK_019,SCN_0269,Critical,Critical,8.782444647402327e-08,0.001142055607323055,0.9988578565682305
BANK_020,SCN_0269,Critical,Critical,0.0001496051238931679,0.12789097389744222,0.8719594209786645
BANK_021,SCN_0269,Stressed,Stressed,0.02407394174382556,0.7894484594919324,0.18647759876424197
BANK_022,SCN_0269,Critical,Critical,3.492217938361783e-05,0.11468500521533671,0.8852800726052796
BANK_023,SCN_0269,Healthy,Healthy,0.9957518126028698,0.004248164937865742,2.2459264500421746e-08
BANK_024,SCN_0269,Healthy,Stressed,0.38669356071421374,0.6124307153913887,0.0008757238943975703
BANK_025,SCN_0269,Stressed,Stressed,0.4937612762463432,0.5034654642622949,0.002773259491361915
BANK_026,SCN_0269,Healthy,Healthy,0.7989104089743443,0.20100181427837585,8.777674728001399e-05
BANK_027,SCN_0269,Stressed,Healthy,0.9377762728894131,0.06209409354649657,0.00012963356409029345
BANK_028,SCN_0269,Stressed,Stressed,0.039674743005792136,0.7767805553912241,0.1835447016029837
BANK_029,SCN_0269,Stressed,Stressed,0.005890847505607927,0.9374701973015478,0.05663895519284417
BANK_030,SCN_0269,Critical,Critical,2.1344513313526063e-09,0.001980276114586079,0.9980197217509624
BANK_031,SCN_0269,Healthy,Healthy,0.9999556488546566,4.435113939289621e-05,5.950500772380751e-12
BANK_032,SCN_0269,Healthy,Healthy,0.5667446958083141,0.4332208515370193,3.4452654666672376e-05
BANK_033,SCN_0269,Stressed,Stressed,0.013084754072339565,0.8773457720556643,0.10956947387199606
BANK_034,SCN_0269,Stressed,Stressed,0.08516613555187025,0.9101138835181494,0.004719980929980324
BANK_035,SCN_0269,Healthy,Healthy,0.9999695832762798,3.04166933719606e-05,3.034820473639156e-11
BANK_036,SCN_0269,Healthy,Healthy,0.944673405677955,0.05531256049070005,1.4033831344912601e-05
BANK_037,SCN_0269,Stressed,Stressed,0.23944401428292333,0.7498148448679602,0.010741140849116381
BANK_038,SCN_0269,Healthy,Healthy,0.5737625809463169,0.42540487113291053,0.0008325479207726236
BANK_039,SCN_0269,Healthy,Healthy,0.9961689129993041,0.003831077820523136,9.180172892244102e-09
BANK_040,SCN_0269,Healthy,Healthy,0.8980371070443107,0.10195964120237563,3.251753313748657e-06
BANK_001,SCN_0278,Healthy,Healthy,0.9906592521438384,0.009338658272774152,2.089583387328153e-06
BANK_002,SCN_0278,Healthy,Stressed,0.275689989606652,0.7183741639869021,0.00593584640644589
BANK_003,SCN_0278,Healthy,Stressed,0.25607974123040295,0.7343110169913399,0.009609241778257076
BANK_004,SCN_0278,Stressed,Healthy,0.8386081477334967,0.16120143116608035,0.0001904211004231167
BANK_005,SCN_0278,Healthy,Healthy,0.9986849555714257,0.0013150432882717143,1.1403026909217746e-09
BANK_006,SCN_0278,Stressed,Stressed,0.004733478294424819,0.9880221254576916,0.0072443962478836365
BANK_007,SCN_0278,Healthy,Healthy,0.9979733131076073,0.0020266723814256955,1.4510967126808157e-08
BANK_008,SCN_0278,Stressed,Stressed,0.027908835685574812,0.9618630309361147,0.010228133378310614
BANK_009,SCN_0278,Healthy,Stressed,0.49633087131394005,0.5019895214639204,0.0016796072221395327
BANK_010,SCN_0278,Stressed,Stressed,0.027187512227161547,0.8224600374913118,0.1503524502815266
BANK_011,SCN_0278,Healthy,Healthy,0.900405730724226,0.0995402090041596,5.406027161419126e-05
BANK_012,SCN_0278,Healthy,Healthy,0.9961585760590497,0.0038414174372122124,6.503738239357988e-09
BANK_013,SCN_0278,Critical,Critical,1.321242921201935e-10,0.000376907485395419,0.9996230923824804
BANK_014,SCN_0278,Stressed,Stressed,0.034221810664498996,0.8804383261274165,0.08533986320808458
BANK_015,SCN_0278,Stressed,Critical,7.245969825027346e-06,0.3219725941956624,0.6780201598345127
BANK_016,SCN_0278,Healthy,Healthy,0.9947048729150134,0.005295101962299139,2.5122687476341073e-08
BANK_017,SCN_0278,Stressed,Stressed,0.003004697034638192,0.6122505892688282,0.3847447136965335
BANK_018,SCN_0278,Stressed,Healthy,0.5254467677799056,0.47452047090337773,3.276131671675072e-05
BANK_019,SCN_0278,Critical,Critical,2.7684003262829147e-09,0.0001695752117315914,0.9998304220198682
BANK_020,SCN_0278,Critical,Critical,4.261154757206776e-06,0.02065527878156406,0.9793404600636787
BANK_021,SCN_0278,Stressed,Critical,0.0031204086126327356,0.39268401706578504,0.6041955743215822
BANK_022,SCN_0278,Critical,Critical,1.5282906011810617e-06,0.019466270610341115,0.9805322010990576
BANK_023,SCN_0278,Healthy,Healthy,0.9442360132428422,0.05576162637153723,2.3603856203709795e-06
BANK_024,SCN_0278,Stressed,Stressed,0.030360215431383657,0.9579817419906735,0.011658042577942791
BANK_025,SCN_0278,Healthy,Stressed,0.07734641426834263,0.8849723130063758,0.037681272725281614
BANK_026,SCN_0278,Healthy,Stressed,0.4720290925233754,0.5264368154871869,0.001534091989437706
BANK_027,SCN_0278,Healthy,Healthy,0.5493488918535562,0.44339574238545304,0.007255365760990755
BANK_028,SCN_0278,Critical,Critical,0.003670042269292502,0.37971301199503416,0.6166169457356734
BANK_029,SCN_0278,Stressed,Stressed,0.0003746111271555374,0.6807635223967943,0.31886186647605025
BANK_030,SCN_0278,Critical,Critical,1.9256504211665655e-11,0.000247691017007038,0.9997523089637365
BANK_031,SCN_0278,Healthy,Healthy,0.9995011267696381,0.0004988727127286125,5.176333867905979e-10
BANK_032,SCN_0278,Healthy,Stressed,0.24746721165956861,0.7521408430173785,0.0003919453230529747
BANK_033,SCN_0278,Stressed,Stressed,0.0006737096729799284,0.5083471864149,0.49097910391212024
BANK_034,SCN_0278,Stressed,Stressed,0.00793738098678902,0.9538121649828974,0.038250454030313505
BANK_035,SCN_0278,Healthy,Healthy,0.9998669003006823,0.00013309881504226562,8.842754996991686e-10
BANK_036,SCN_0278,Stressed,Healthy,0.7957512940088933,0.20390422036725217,0.0003444856238545196
BANK_037,SCN_0278,Stressed,Stressed,0.0753786779755131,0.8465237521487745,0.07809756987571237
BANK_038,SCN_0278,Stressed,Stressed,0.22135546222355043,0.76851531270882,0.01012922506762965
BANK_039,SCN_0278,Healthy,Healthy,0.952549612155423,0.04744948755921567,9.002853613071245e-07
BANK_040,SCN_0278,Healthy,Healthy,0.7136725109704981,0.28626883793133034,5.8651098171419105e-05
BANK_001,SCN_0279,Healthy,Healthy,0.9877737528594225,0.012218201131771942,8.04600880557974e-06
BANK_002,SCN_0279,Stressed,Stressed,0.08155528523560646,0.8923021641971776,0.02614255056721606
BANK_003,SCN_0279,Healthy,Stressed,0.07811323046541821,0.8814310063893366,0.04045576314524519
BANK_004,SCN_0279,Healthy,Stressed,0.492627584999628,0.505169929913707,0.002202485086665014
BANK_005,SCN_0279,Healthy,Healthy,0.9944478850938756,0.005552097807911308,1.7098213002774056e-08
BANK_006,SCN_0279,Stressed,Stressed,0.0021505185269923817,0.9749567558000278,0.022892725672979824
BANK_007,SCN_0279,Healthy,Healthy,0.9961853860130891,0.0038145285712917194,8.541561929958226e-08
BANK_008,SCN_0279,Stressed,Stressed,0.01827640421882273,0.9512444559797708,0.030479139801406464
BANK_009,SCN_0279,Stressed,Stressed,0.3733647867657299,0.6202927820588604,0.006342431175409656
BANK_010,SCN_0279,Stressed,Stressed,0.009610314459325144,0.6250755826874519,0.3653141028532231
BANK_011,SCN_0279,Stressed,Healthy,0.5667486533838967,0.4323465056911618,0.0009048409249414103
BANK_012,SCN_0279,Healthy,Healthy,0.9873085515424155,0.012691375160608918,7.329697560206395e-08
BANK_013,SCN_0279,Critical,Critical,3.3785180191132976e-11,0.0001278628749841011,0.9998721370912307
BANK_014,SCN_0279,Stressed,Stressed,0.0155720891421107,0.7554292645817303,0.22899864627615887
BANK_015,SCN_0279,Stressed,Critical,5.953611620756882e-07,0.11717983851472454,0.8828195661241133
BANK_016,SCN_0279,Healthy,Healthy,0.9770026385796519,0.02299697118086627,3.902394818732418e-07
BANK_017,SCN_0279,Critical,Critical,0.0005372337788106291,0.32244467896223644,0.677018087258953
BANK_018,SCN_0279,Stressed,Stressed,0.21196120829746584,0.7878465715294811,0.00019222017305297934
BANK_019,SCN_0279,Critical,Critical,5.217058511144079e-10,5.505508628367169e-05,0.9999449443920104
BANK_020,SCN_0279,Critical,Critical,6.558734220589205e-07,0.006593419833479749,0.9934059242930984
BANK_021,SCN_0279,Critical,Critical,0.0010136512669451972,0.1790408464014475,0.8199455023316073
BANK_022,SCN_0279,Critical,Critical,3.660510292526382e-07,0.006614036353349073,0.9933855975956216
BANK_023,SCN_0279,Stressed,Healthy,0.7698098183527532,0.2301545375548321,3.564409241455275e-05
BANK_024,SCN_0279,Stressed,Stressed,0.004135492957353341,0.9508645248255908,0.044999982217055826
BANK_025,SCN_0279,Stressed,Stressed,0.018175374554238854,0.8534661989519083,0.12835842649385287
BANK_026,SCN_0279,Stressed,Stressed,0.3540829600584805,0.6402280831528103,0.0056889567887092075
BANK_027,SCN_0279,Stressed,Stressed,0.20793012322972868,0.7482203363264331,0.043849540443838285
BANK_028,SCN_0279,Critical,Critical,0.0008191723452931679,0.1638085262069063,0.8353723014478004
BANK_029,SCN_0279,Stressed,Critical,4.954329068447755e-05,0.3760217648481205,0.6239286918611949
BANK_030,SCN_0279,Critical,Critical,1.0378863326829931e-12,6.769436707928783e-05,0.9999323056318827
BANK_031,SCN_0279,Healthy,Healthy,0.9979498963142888,0.0020500961684839034,7.517227318464873e-09
BANK_032,SCN_0279,Stressed,Stressed,0.18426894617801096,0.8144602564494461,0.0012707973725428617
BANK_033,SCN_0279,Stressed,Critical,7.295824782017793e-05,0.22657973871327314,0.7733473030389068
BANK_034,SCN_0279,Stressed,Stressed,0.0017691305605703725,0.8743372165455647,0.12389365289386484
BANK_035,SCN_0279,Healthy,Healthy,0.9997869744696195,0.00021302122416442108,4.306215898849975e-09
BANK_036,SCN_0279,Stressed,Healthy,0.7080907037628371,0.2904164139443858,0.0014928822927772019
BANK_037,SCN_0279,Stressed,Stressed,0.050685797391868244,0.7466105361064462,0.20270366650168553
BANK_038,SCN_0279,Stressed,Stressed,0.13913505688158012,0.8273085521057036,0.03355639101271633
BANK_039,SCN_0279,Healthy,Healthy,0.8090635227258939,0.1909233705652271,1.3106708879125833e-05
BANK_040,SCN_0279,Healthy,Healthy,0.6584901611685525,0.3413045694947537,0.00020526933669383154
BANK_001,SCN_0281,Healthy,Healthy,0.9996291091199735,0.0003708897018763669,1.178149991283363e-09
BANK_002,SCN_0281,Healthy,Healthy,0.9900825309721829,0.00991666759671569,8.014311014312247e-07
BANK_003,SCN_0281,Healthy,Healthy,0.987604845708279,0.012393533172995928,1.6211187250443662e-06
BANK_004,SCN_0281,Healthy,Healthy,0.9995424667040311,0.000457528417514619,4.878454317421502e-09
BANK_005,SCN_0281,Healthy,Healthy,0.9999950362806479,4.9637193101013665e-06,4.196013651107933e-14
BANK_006,SCN_0281,Stressed,Stressed,0.25007930020638325,0.7498547769325519,6.592286106482556e-05
BANK_007,SCN_0281,Healthy,Healthy,0.9999612920130504,3.870798346522889e-05,3.4843577352484053e-12
BANK_008,SCN_0281,Healthy,Stressed,0.4940140133222017,0.5059131280696328,7.285860816549384e-05
BANK_009,SCN_0281,Healthy,Healthy,0.9752261934922898,0.024772715139274204,1.0913684361009882e-06
BANK_010,SCN_0281,Healthy,Healthy,0.6923039258530306,0.30702082545937076,0.0006752486875986125
BANK_011,SCN_0281,Healthy,Healthy,0.9998426899332463,0.00015730935931363305,7.074400307591497e-10
BANK_012,SCN_0281,Healthy,Healthy,0.9999764824428279,2.3517556751341046e-05,4.207544445346981e-13
BANK_013,SCN_0281,Critical,Critical,2.3640053161702053e-07,0.02596528958419301,0.9740344740152754
BANK_014,SCN_0281,Healthy,Healthy,0.6707079313136838,0.32889128525285904,0.0004007834334571518
BANK_015,SCN_0281,Stressed,Stressed,0.006345847291863546,0.9739505116106513,0.019703641097485094
BANK_016,SCN_0281,Healthy,Healthy,0.9999815495335888,1.8450465569663992e-05,8.414689805592827e-13
BANK_017,SCN_0281,Stressed,Stressed,0.3842326464591598,0.6115344558325705,0.0042328977082697235
BANK_018,SCN_0281,Healthy,Healthy,0.996400292564229,0.003599704988691475,2.447079475360603e-09
BANK_019,SCN_0281,Critical,Critical,9.237522348318086e-06,0.012919251607723793,0.987071510869928
BANK_020,SCN_0281,Stressed,Stressed,0.008232319865668124,0.6287485663746423,0.3630191137596896
BANK_021,SCN_0281,Stressed,Stressed,0.18445063998316907,0.798496899458745,0.017052460558085892
BANK_022,SCN_0281,Critical,Stressed,0.001372168026808649,0.5885898290832494,0.4100380028899419
BANK_023,SCN_0281,Healthy,Healthy,0.9998438831814254,0.00015611675786834976,6.070614791564711e-11
BANK_024,SCN_0281,Healthy,Healthy,0.9612836967921738,0.038712472797135404,3.83041069078659e-06
BANK_025,SCN_0281,Healthy,Healthy,0.9559733647596367,0.04400816717473114,1.846806563214138e-05
BANK_026,SCN_0281,Healthy,Healthy,0.9720486543372016,0.027950268497861627,1.0771649365783387e-06
BANK_027,SCN_0281,Healthy,Healthy,0.9972552363597922,0.002744333167380479,4.3047282722392507e-07
BANK_028,SCN_0281,Stressed,Stressed,0.3430571034224706,0.6439054806799664,0.01303741589756284
BANK_029,SCN_0281,Stressed,Stressed,0.12357004206857797,0.8724260855826276,0.004003872348794426
BANK_030,SCN_0281,Critical,Critical,7.750523002166298e-07,0.026275371146569946,0.9737238538011299
BANK_031,SCN_0281,Healthy,Healthy,0.9999980033017626,1.996698216931259e-06,2.0399509710534868e-14
BANK_032,SCN_0281,Healthy,Healthy,0.9112488411515134,0.08875052452081961,6.343276671918449e-07
BANK_033,SCN_0281,Stressed,Stressed,0.2470826422593925,0.7458246172908753,0.00709274044973222
BANK_034,SCN_0281,Healthy,Healthy,0.6749315277933782,0.32494013251663134,0.00012833968999046845
BANK_035,SCN_0281,Healthy,Healthy,0.9999964788169442,3.5211827451437002e-06,3.1071307844481724e-13
BANK_036,SCN_0281,Healthy,Healthy,0.9932673988886332,0.006732450042283785,1.510690828899882e-07
BANK_037,SCN_0281,Healthy,Healthy,0.693027184276634,0.3065712393503875,0.00040157637297835063
BANK_038,SCN_0281,Healthy,Healthy,0.9257307766977657,0.07425651560684894,1.270769538549757e-05
BANK_039,SCN_0281,Healthy,Healthy,0.9998496032386113,0.0001503967345854486,2.6803522910343352e-11
BANK_040,SCN_0281,Healthy,Healthy,0.9839803764620667,0.0160195767029995,4.683493373449615e-08
BANK_001,SCN_0291,Healthy,Healthy,0.9949780669521876,0.005021242347310284,6.907005020975343e-07
BANK_002,SCN_0291,Healthy,Stressed,0.4163087258879383,0.5807413011937814,0.0029499729182801623
BANK_003,SCN_0291,Stressed,Stressed,0.39254639264092506,0.6026057956128876,0.004847811746187429
BANK_004,SCN_0291,Healthy,Healthy,0.9066328653689537,0.09329938166557798,6.775296546826828e-05
BANK_005,SCN_0291,Healthy,Healthy,0.9992955612738743,0.000704438350611431,3.755142803327577e-10
BANK_006,SCN_0291,Stressed,Stressed,0.008830211104109508,0.9867221066680312,0.004447682227859302
BANK_007,SCN_0291,Healthy,Healthy,0.9989139942567283,0.0010860009630682108,4.780203495609752e-09
BANK_008,SCN_0291,Stressed,Stressed,0.05109561729508273,0.9427415671267381,0.006162815578179318
BANK_009,SCN_0291,Healthy,Healthy,0.6482701278349176,0.35100787862483585,0.0007219935402465079
BANK_010,SCN_0291,Stressed,Stressed,0.052589745289275014,0.8516946019859496,0.09571565272477539
BANK_011,SCN_0291,Healthy,Healthy,0.9441062026416758,0.055875142082215064,1.8655276109083998e-05
BANK_012,SCN_0291,Healthy,Healthy,0.9979398192686495,0.00206017858707878,2.1442715563580176e-09
BANK_013,SCN_0291,Critical,Critical,4.013647714254174e-10,0.0006129553384426901,0.9993870442601926
BANK_014,SCN_0291,Stressed,Stressed,0.06412778131292671,0.8832418963232744,0.05263032236379893
BANK_015,SCN_0291,Stressed,Critical,1.832019083525362e-05,0.435802653933966,0.5641790258751986
BANK_016,SCN_0291,Healthy,Healthy,0.9971582691936693,0.002841722517814372,8.288516432391022e-09
BANK_017,SCN_0291,Critical,Stressed,0.006569135950028358,0.7165958107921108,0.27683505325786095
BANK_018,SCN_0291,Stressed,Healthy,0.6740888110445921,0.32589735677644444,1.3832178963523277e-05
BANK_019,SCN_0291,Critical,Critical,8.410888653373923e-09,0.0002758118057628835,0.9997241797833483
BANK_020,SCN_0291,Critical,Critical,1.2781957355536784e-05,0.033169475923609,0.9668177421190353
BANK_021,SCN_0291,Critical,Stressed,0.007570309741524672,0.5100149398432073,0.4824147504152681
BANK_022,SCN_0291,Critical,Critical,4.5877311928088815e-06,0.03128327910740884,0.9687121331613983
BANK_023,SCN_0291,Healthy,Healthy,0.9693531603990818,0.030646042110841334,7.974900767077692e-07
BANK_024,SCN_0291,Stressed,Stressed,0.05549784549869197,0.9374886065728935,0.007013547928414607
BANK_025,SCN_0291,Stressed,Stressed,0.13725650949033083,0.8407365744975492,0.02200691601211997
BANK_026,SCN_0291,Healthy,Healthy,0.6257330917523767,0.37359762089786636,0.0006692873497569662
BANK_027,SCN_0291,Healthy,Healthy,0.6961640027038197,0.30081003523386124,0.003025962062319076
BANK_028,SCN_0291,Stressed,Stressed,0.008953856869144117,0.4959433291935921,0.4951028139372638
BANK_029,SCN_0291,Stressed,Stressed,0.0007974493197415192,0.7758114540557786,0.2233910966244799
BANK_030,SCN_0291,Critical,Critical,5.850179430335823e-11,0.0004028463987497793,0.9995971535427484
BANK_031,SCN_0291,Healthy,Healthy,0.9997328665947658,0.00026713323483664115,1.7039773568313902e-10
BANK_032,SCN_0291,Healthy,Stressed,0.38056977201241915,0.6192318548012836,0.0001983731862972079
BANK_033,SCN_0291,Stressed,Stressed,0.001550885509199452,0.6264766247913933,0.37197248969940716
BANK_034,SCN_0291,Stressed,Stressed,0.01494379483696035,0.9613555079536192,0.023700697209420467
BANK_035,SCN_0291,Healthy,Healthy,0.9999287409030491,7.12588059092004e-05,2.910417610143272e-10
BANK_036,SCN_0291,Healthy,Healthy,0.8792591879550508,0.12061554076301977,0.00012527128192946118
BANK_037,SCN_0291,Stressed,Stressed,0.1359969248576832,0.8176307417329708,0.046372333409345934
BANK_038,SCN_0291,Stressed,Stressed,0.34798109901115365,0.6467782831517582,0.005240617837088078
BANK_039,SCN_0291,Healthy,Healthy,0.9740249401663046,0.0259747568609805,3.0297271495210497e-07
BANK_040,SCN_0291,Healthy,Healthy,0.823203218596398,0.17677451628072285,2.226512287926369e-05
BANK_001,SCN_0305,Healthy,Healthy,0.9922539280851914,0.0077445759034540365,1.496011354570534e-06
BANK_002,SCN_0305,Healthy,Stressed,0.31517327369677284,0.6799762130392195,0.004850513264007578
BANK_003,SCN_0305,Stressed,Stressed,0.2940282518750383,0.6980853333146587,0.007886414810302996
BANK_004,SCN_0305,Stressed,Healthy,0.8625754837379248,0.13728451570641878,0.0001400005556563947
BANK_005,SCN_0305,Healthy,Healthy,0.9989109363455319,0.0010890628392101534,8.152579931508727e-10
BANK_006,SCN_0305,Stressed,Stressed,0.005717006944787361,0.9880288590458872,0.00625413400932552
BANK_007,SCN_0305,Healthy,Healthy,0.9983213803298652,0.0016786092942663985,1.0375868487993982e-08
BANK_008,SCN_0305,Stressed,Stressed,0.03355986128030032,0.9576488715828237,0.008791267136875992
BANK_009,SCN_0305,Healthy,Healthy,0.5435288963467493,0.45515637617882837,0.0013147274744223442
BANK_010,SCN_0305,Stressed,Stressed,0.03333315321215727,0.8349036584704613,0.13176318831738146
BANK_011,SCN_0305,Healthy,Healthy,0.9161071806131332,0.08385350396716898,3.9315419697718953e-05
BANK_012,SCN_0305,Healthy,Healthy,0.9968173134959761,0.003182681852161921,4.65186179920755e-09
BANK_013,SCN_0305,Critical,Critical,1.848332495571576e-10,0.0004365628922981144,0.9995634369228685
BANK_014,SCN_0305,Stressed,Stressed,0.04152133601624954,0.8844675513066503,0.07401111267710016
BANK_015,SCN_0305,Critical,Critical,9.64546270396735e-06,0.3548624787060944,0.6451278758312016
BANK_016,SCN_0305,Healthy,Healthy,0.99561179886553,0.004388183160726494,1.797374355765424e-08
BANK_017,SCN_0305,Critical,Stressed,0.0038279302743010717,0.6458135783881881,0.35035849133751074
BANK_018,SCN_0305,Stressed,Healthy,0.5721583938345176,0.42781610702432976,2.549914115257453e-05
BANK_019,SCN_0305,Critical,Critical,3.8729382619302534e-09,0.00019642134486066778,0.999803574782201
BANK_020,SCN_0305,Critical,Critical,5.941988436711976e-06,0.023847902422206458,0.9761461555893568
BANK_021,SCN_0305,Stressed,Critical,0.0041051409131300735,0.427734673031356,0.568160186055514
BANK_022,SCN_0305,Critical,Critical,2.1315347467776147e-06,0.0224793557718386,0.9775185126934146
BANK_023,SCN_0305,Healthy,Healthy,0.9533821348188537,0.04661616166574108,1.7035154052168065e-06
BANK_024,SCN_0305,Stressed,Stressed,0.03649619568652366,0.9534866343921518,0.010017169921324509
BANK_025,SCN_0305,Stressed,Stressed,0.09240787454702858,0.8754132386887294,0.03217888676424192
BANK_026,SCN_0305,Healthy,Healthy,0.5192841811855952,0.47950949365710294,0.0012063251573018715
BANK_027,SCN_0305,Stressed,Healthy,0.5960472053872736,0.39832590532169576,0.0056268892910306635
BANK_028,SCN_0305,Critical,Critical,0.004836570734142553,0.414320657515074,0.5808427717507834
BANK_029,SCN_0305,Stressed,Stressed,0.00047302684896015487,0.7117312347574755,0.2877957383935643
BANK_030,SCN_0305,Critical,Critical,2.6939142028129632e-11,0.0002869004288065893,0.9997130995442544
BANK_031,SCN_0305,Healthy,Healthy,0.9995869125109793,0.00041308711899124364,3.700293811414335e-10
BANK_032,SCN_0305,Healthy,Stressed,0.28428251871780275,0.7153956452745486,0.00032183600764868153
BANK_033,SCN_0305,Stressed,Stressed,0.0008720986430027399,0.5448386171752398,0.45428928418175746
BANK_034,SCN_0305,Stressed,Stressed,0.009620995331172411,0.9572387357702359,0.033140268898591715
BANK_035,SCN_0305,Healthy,Healthy,0.99988979501134,0.00011020435657684561,6.320831201633004e-10
BANK_036,SCN_0305,Healthy,Healthy,0.8247630635301265,0.17498172534122114,0.00025521112865237703
BANK_037,SCN_0305,Stressed,Stressed,0.09058868869790747,0.8423241164069534,0.06708719489513922
BANK_038,SCN_0305,Stressed,Stressed,0.25593085979580316,0.735697987012101,0.00837115319209594
BANK_039,SCN_0305,Healthy,Healthy,0.9603892596084679,0.039610091583026634,6.488085054648664e-07
BANK_040,SCN_0305,Healthy,Healthy,0.7506523010171071,0.2493036036469818,4.4095335910999256e-05
BANK_001,SCN_0313,Healthy,Healthy,0.9997672716153527,0.00023272816875484096,2.1589224697272114e-10
BANK_002,SCN_0313,Healthy,Healthy,0.9980400073202683,0.001959954284913839,3.8394817932740795e-08
BANK_003,SCN_0313,Healthy,Healthy,0.9973814432967524,0.0026184727736677962,8.392957978401938e-08
BANK_004,SCN_0313,Healthy,Healthy,0.9999293662870331,7.063353758856177e-05,1.753784042014745e-10
BANK_005,SCN_0313,Healthy,Healthy,0.9999990362171919,9.637828061609819e-07,1.9716309730297436e-15
BANK_006,SCN_0313,Stressed,Stressed,0.4680448538895087,0.5319425951395674,1.2550970923759499e-05
BANK_007,SCN_0313,Healthy,Healthy,0.9999830991827969,1.690081678487814e-05,4.1809653297636595e-13
BANK_008,SCN_0313,Healthy,Healthy,0.6417298359619549,0.358255447671317,1.47163667282534e-05
BANK_009,SCN_0313,Healthy,Healthy,0.9874289018032415,0.012570942438902832,1.5575785555304577e-07
BANK_010,SCN_0313,Healthy,Healthy,0.8547686150095569,0.14514556434469178,8.58206457513229e-05
BANK_011,SCN_0313,Healthy,Healthy,0.9999812298487477,1.8770132425689712e-05,1.882660858768342e-11
BANK_012,SCN_0313,Healthy,Healthy,0.9999941918089128,5.808191060964411e-06,2.6181943288942936e-14
BANK_013,SCN_0313,Critical,Critical,1.2293343814581994e-06,0.08378810600570619,0.9162106646599124
BANK_014,SCN_0313,Healthy,Healthy,0.8236117451294261,0.1763292040644789,5.905080609499584e-05
BANK_015,SCN_0313,Stressed,Stressed,0.03371090825290099,0.9616155511807859,0.004673540566313145
BANK_016,SCN_0313,Healthy,Healthy,0.9999965647939403,3.435206021962269e-06,3.7648273786566933e-14
BANK_017,SCN_0313,Stressed,Healthy,0.691742285197884,0.3077098329641514,0.0005478818379645353
BANK_018,SCN_0313,Healthy,Healthy,0.9992779053193145,0.0007220945612990969,1.193863334517876e-10
BANK_019,SCN_0313,Critical,Critical,6.704354128341497e-05,0.044805806279248586,0.955127150179468
BANK_020,SCN_0313,Critical,Stressed,0.027737297981611637,0.84094141213777,0.13132128988061834
BANK_021,SCN_0313,Stressed,Stressed,0.2813060455572297,0.7142892207153083,0.0044047337274619805
BANK_022,SCN_0313,Stressed,Stressed,0.003334163107169771,0.8299996871061233,0.16666614978670702
BANK_023,SCN_0313,Healthy,Healthy,0.9999746102234403,2.5389774240499414e-05,2.319272588327789e-12
BANK_024,SCN_0313,Healthy,Healthy,0.9954706894938586,0.004529211463542213,9.904259901971874e-08
BANK_025,SCN_0313,Healthy,Healthy,0.9908491867132365,0.009149878975481755,9.343112816838043e-07
BANK_026,SCN_0313,Healthy,Healthy,0.9856090672722262,0.014390776406538556,1.5632123529522067e-07
BANK_027,SCN_0313,Healthy,Healthy,0.9994920848759649,0.0005078960058677866,1.911816718325368e-08
BANK_028,SCN_0313,Stressed,Healthy,0.5543484430526184,0.44319565178649006,0.0024559051608916685
BANK_029,SCN_0313,Stressed,Stressed,0.41784693415924756,0.5815055951613126,0.0006474706794398449
BANK_030,SCN_0313,Critical,Critical,1.8723760538657032e-05,0.10305634999980057,0.8969249262396606
BANK_031,SCN_0313,Healthy,Healthy,0.9999996006185862,3.9938141307941247e-07,9.923720518172821e-16
BANK_032,SCN_0313,Healthy,Healthy,0.9477454557082844,0.05225443708645502,1.0720526060600349e-07
BANK_033,SCN_0313,Healthy,Healthy,0.6229896064071295,0.3761404186716753,0.0008699749211951636
BANK_034,SCN_0313,Healthy,Healthy,0.9120927538527474,0.08789880163585918,8.444511393611649e-06
BANK_035,SCN_0313,Healthy,Healthy,0.9999981889114931,1.8110884617749274e-06,4.514206345102911e-14
BANK_036,SCN_0313,Healthy,Healthy,0.9965258494410281,0.003474128538881017,2.2020091049813333e-08
BANK_037,SCN_0313,Healthy,Healthy,0.7826218922229116,0.2172949797232348,8.312805385360213e-05
BANK_038,SCN_0313,Healthy,Healthy,0.9628717759662694,0.037126449591327874,1.7744424027786445e-06
BANK_039,SCN_0313,Healthy,Healthy,0.9999738607209429,2.613927795046143e-05,1.1066020121947186e-12
BANK_040,SCN_0313,Healthy,Healthy,0.9897340408399081,0.010265950372529455,8.787562487583953e-09
BANK_001,SCN_0317,Healthy,Healthy,0.9985464996938092,0.0014534684261912905,3.1879999678597866e-08
BANK_002,SCN_0317,Healthy,Healthy,0.8882395151641592,0.11168539869529527,7.508614054535773e-05
BANK_003,SCN_0317,Healthy,Healthy,0.8712305208401356,0.12863102458779663,0.00013845457206750322
BANK_004,SCN_0317,Healthy,Healthy,0.9927514983134493,0.0072478324794968485,6.692070537407768e-07
BANK_005,SCN_0317,Healthy,Healthy,0.9999370801851141,6.291981045395321e-05,4.4318952233304924e-12
BANK_006,SCN_0317,Stressed,Stressed,0.048817972655273136,0.9505541551358786,0.0006278722088483409
BANK_007,SCN_0317,Healthy,Healthy,0.9997818271067553,0.0002181727491443838,1.4410040247512154e-10
BANK_008,SCN_0317,Stressed,Stressed,0.17766385283685282,0.8214997767227167,0.0008363704404305215
BANK_009,SCN_0317,Healthy,Healthy,0.8890531524410685,0.11091181430873895,3.5033250192530506e-05
BANK_010,SCN_0317,Stressed,Stressed,0.25655499593593445,0.7313797647707534,0.01206523929331209
BANK_011,SCN_0317,Healthy,Healthy,0.9967643909572127,0.0032354774921535966,1.315506337988035e-07
BANK_012,SCN_0317,Healthy,Healthy,0.9997656660159469,0.00023433395049990985,3.355339232845652e-11
BANK_013,SCN_0317,Critical,Critical,8.811268308883355e-09,0.003838761297544864,0.9961612298911868
BANK_014,SCN_0317,Healthy,Stressed,0.263908854989695,0.7295678342599451,0.006523310750359928
BANK_015,SCN_0317,Stressed,Stressed,0.00042040015278444127,0.8544801352244357,0.14509946462277992
BANK_016,SCN_0317,Healthy,Healthy,0.9997561368197756,0.00024386308689811463,9.332640396682343e-11
BANK_017,SCN_0317,Stressed,Stressed,0.0633843354577321,0.8884107685865519,0.048204895955715976
BANK_018,SCN_0317,Healthy,Healthy,0.9574356539082843,0.04256410618937339,2.3990234218046995e-07
BANK_019,SCN_0317,Critical,Critical,2.509385299612464e-07,0.0018077122080159447,0.9981920368534541
BANK_020,SCN_0317,Critical,Critical,0.00039792159078510424,0.1884434483347712,0.8111586300744437
BANK_021,SCN_0317,Critical,Stressed,0.04571326345763625,0.8304412532381387,0.12384548330422504
BANK_022,SCN_0317,Critical,Critical,9.357627865924038e-05,0.1702398320941485,0.8296665916271923
BANK_023,SCN_0317,Healthy,Healthy,0.9976421476004692,0.002357844529476966,7.87005369691253e-09
BANK_024,SCN_0317,Healthy,Healthy,0.5324369314025239,0.4671413459598455,0.0004217226376305342
BANK_025,SCN_0317,Stressed,Healthy,0.6382325782642991,0.36051367177435684,0.0012537499613441533
BANK_026,SCN_0317,Healthy,Healthy,0.8776428010202316,0.12232347353535372,3.3725444414726224e-05
BANK_027,SCN_0317,Healthy,Healthy,0.9645719033549776,0.03538146171693585,4.663492808660427e-05
BANK_028,SCN_0317,Stressed,Stressed,0.07427132255937018,0.8055555481644696,0.12017312927616018
BANK_029,SCN_0317,Stressed,Stressed,0.010808193563021571,0.9528464401872008,0.03634536624977767
BANK_030,SCN_0317,Critical,Critical,6.0957322503491615e-09,0.003132964598389445,0.9968670293058784
BANK_031,SCN_0317,Healthy,Healthy,0.9999754300924878,2.4569905431036575e-05,2.081232455654602e-12
BANK_032,SCN_0317,Healthy,Healthy,0.7025032900542287,0.2974817736786447,1.4936267126647037e-05
BANK_033,SCN_0317,Stressed,Stressed,0.024346704088731415,0.9043478546327339,0.07130544127853469
BANK_034,SCN_0317,Healthy,Stressed,0.1441058122490874,0.8531009153970907,0.0027932723538220024
BANK_035,SCN_0317,Healthy,Healthy,0.9999831496751641,1.6850314221460662e-05,1.061444717396019e-11
BANK_036,SCN_0317,Healthy,Healthy,0.9685778231385799,0.03141714431757247,5.032543847709353e-06
BANK_037,SCN_0317,Stressed,Stressed,0.3635765529543979,0.6307191678053062,0.005704279240295805
BANK_038,SCN_0317,Healthy,Healthy,0.7085960872540731,0.29104430068271475,0.0003596120632121493
BANK_039,SCN_0317,Healthy,Healthy,0.9978740429608709,0.002125953822862239,3.216266921931264e-09
BANK_040,SCN_0317,Healthy,Healthy,0.940824557002631,0.059174251507272936,1.1914900961040764e-06
BANK_001,SCN_0318,Healthy,Healthy,0.9840451251949435,0.015941922322388485,1.2952482667953952e-05
BANK_002,SCN_0318,Stressed,Stressed,0.06310090997582266,0.9042142433569793,0.032684846667197974
BANK_003,SCN_0318,Stressed,Stressed,0.06018400810913353,0.8894483184846719,0.05036767340619445
BANK_004,SCN_0318,Stressed,Stressed,0.42548082796144243,0.5714452756177689,0.0030738964207886743
BANK_005,SCN_0318,Healthy,Healthy,0.9927408045593993,0.0072591678589947655,2.7581606075729882e-08
BANK_006,SCN_0318,Stressed,Stressed,0.0016340634406260865,0.9702574014243416,0.028108535135032267
BANK_007,SCN_0318,Healthy,Healthy,0.99500982290567,0.004990039233947213,1.3786038271717017e-07
BANK_008,SCN_0318,Stressed,Stressed,0.013915504749221841,0.948584958822681,0.03749953642809708
BANK_009,SCN_0318,Healthy,Stressed,0.31217306513015863,0.6792578820488145,0.008569052821026844
BANK_010,SCN_0318,Stressed,Stressed,0.006774548206280686,0.5771001134340394,0.41612533835967974
BANK_011,SCN_0318,Healthy,Healthy,0.49957557298762767,0.49913559024423887,0.0012888367681334288
BANK_012,SCN_0318,Healthy,Healthy,0.983442913429809,0.016556968593205417,1.179769856254282e-07
BANK_013,SCN_0318,Critical,Critical,2.090844707824317e-11,0.00010363725223464632,0.9998963627268569
BANK_014,SCN_0318,Critical,Stressed,0.011325103154099356,0.7195566256505026,0.2691182711953981
BANK_015,SCN_0318,Stressed,Critical,3.768055550253439e-07,0.09713272612003811,0.9028668970744068
BANK_016,SCN_0318,Healthy,Healthy,0.970092973068969,0.029906400802040607,6.261289902603243e-07
BANK_017,SCN_0318,Stressed,Critical,0.0003541791828032621,0.2784138404567439,0.7212319803604529
BANK_018,SCN_0318,Stressed,Stressed,0.17036982540955362,0.829380513858393,0.00024966073205341985
BANK_019,SCN_0318,Critical,Critical,3.2286075224544747e-10,4.462342293075723e-05,0.9999553762542086
BANK_020,SCN_0318,Critical,Critical,4.063947461677036e-07,0.005350750107241822,0.9946488434980119
BANK_021,SCN_0318,Critical,Critical,0.0006495861115384327,0.15027134443084814,0.8490790694576135
BANK_022,SCN_0318,Critical,Critical,2.2681477176790448e-07,0.005367501407797072,0.9946322717774311
BANK_023,SCN_0318,Stressed,Healthy,0.7185729575977168,0.28137327860088046,5.376380140261333e-05
BANK_024,SCN_0318,Stressed,Stressed,0.0031277127668769477,0.9418768190814995,0.05499546815162356
BANK_025,SCN_0318,Stressed,Stressed,0.013529533890435591,0.8320734745205215,0.15439699158904296
BANK_026,SCN_0318,Healthy,Stressed,0.2946295674565131,0.6977211814028904,0.007649251140596416
BANK_027,SCN_0318,Stressed,Stressed,0.16518909505572799,0.7785192530698477,0.05629165187442427
BANK_028,SCN_0318,Critical,Critical,0.000523352259257428,0.13706646432687425,0.8624101834138683
BANK_029,SCN_0318,Stressed,Critical,3.301263162124757e-05,0.3281588841166043,0.6718081032517745
BANK_030,SCN_0318,Critical,Critical,6.42303635039393e-13,5.486798423522479e-05,0.9999451320151224
BANK_031,SCN_0318,Healthy,Healthy,0.9973166555826319,0.0026833322779742986,1.2139393850734976e-08
BANK_032,SCN_0318,Stressed,Stressed,0.1470585696867533,0.8513026170216177,0.0016388132916290532
BANK_033,SCN_0318,Critical,Critical,4.7176957313089386e-05,0.1918900650638748,0.8080627579788121
BANK_034,SCN_0318,Stressed,Stressed,0.0013132889307100766,0.8500710967991573,0.14861561427013256
BANK_035,SCN_0318,Healthy,Healthy,0.9997210149437648,0.00027897809827209113,6.957963257873544e-09
BANK_036,SCN_0318,Healthy,Healthy,0.649109387631362,0.3486792009480522,0.0022114114205859284
BANK_037,SCN_0318,Stressed,Stressed,0.03737670181631234,0.721082064122767,0.2415412340609207
BANK_038,SCN_0318,Stressed,Stressed,0.10896358254592993,0.8485710355621126,0.04246538189195741
BANK_039,SCN_0318,Healthy,Healthy,0.763887681009002,0.2360923224203273,1.9996570670695137e-05
BANK_040,SCN_0318,Healthy,Healthy,0.5954700053064068,0.4042300441434226,0.0002999505501705249
BANK_001,SCN_0322,Healthy,Healthy,0.9733517638524506,0.026615729556923092,3.250659062641322e-05
BANK_002,SCN_0322,Healthy,Stressed,0.037734354311169414,0.9126736770298511,0.04959196865897941
BANK_003,SCN_0322,Stressed,Stressed,0.03562731163104367,0.8887212078445533,0.0756514805244029
BANK_004,SCN_0322,Healthy,Stressed,0.30439015060061103,0.6900302447784327,0.005579604620956268
BANK_005,SCN_0322,Healthy,Healthy,0.9878081688261695,0.012191761540063819,6.963376668355998e-08
BANK_006,SCN_0322,Stressed,Stressed,0.0009552376455472898,0.9573535691047003,0.04169119324975245
BANK_007,SCN_0322,Healthy,Healthy,0.9916058526317307,0.008393798778377577,3.485898915248106e-07
BANK_008,SCN_0322,Stressed,Stressed,0.008136943124918009,0.9362275804112665,0.05563547646381536
BANK_009,SCN_0322,Healthy,Stressed,0.21086731159014924,0.7744464610058805,0.014686227403970275
BANK_010,SCN_0322,Stressed,Critical,0.0033262898024064326,0.47827071228099566,0.5184029979165979
BANK_011,SCN_0322,Healthy,Stressed,0.37134076289077256,0.6262285282518044,0.002430708857422952
BANK_012,SCN_0322,Healthy,Healthy,0.9723681522078623,0.027631551825701692,2.959664358368214e-07
BANK_013,SCN_0322,Critical,Critical,8.240873528604746e-12,6.894618518099246e-05,0.9999310538065781
BANK_014,SCN_0322,Stressed,Stressed,0.005933489937577249,0.6363204790739377,0.3577460309884851
BANK_015,SCN_0322,Critical,Critical,1.5350057879893156e-07,0.06678842142280703,0.933211425076614
BANK_016,SCN_0322,Healthy,Healthy,0.9505374425651835,0.04946100081240577,1.5566224106143429e-06
BANK_017,SCN_0322,Critical,Critical,0.0001539754171454153,0.204297032884224,0.7955489916986307
BANK_018,SCN_0322,Stressed,Stressed,0.10845348323260443,0.8911432757865967,0.0004032409807988857
BANK_019,SCN_0322,Critical,Critical,1.2725010394565566e-10,2.9685792843792875e-05,0.999970314079906
BANK_020,SCN_0322,Critical,Critical,1.604586764749706e-07,0.0035659288213971247,0.9964339107199265
BANK_021,SCN_0322,Stressed,Critical,0.00026969247248897425,0.10530552222671083,0.8944247853008002
BANK_022,SCN_0322,Critical,Critical,8.955479595454802e-08,0.003577112184887118,0.9964227982603171
BANK_023,SCN_0322,Stressed,Healthy,0.6020038588560057,0.3978818580550593,0.00011428308893499042
BANK_024,SCN_0322,Stressed,Stressed,0.0018053750066179726,0.9176510202633669,0.08054360473001516
BANK_025,SCN_0322,Healthy,Stressed,0.007476045271944975,0.7760570446805137,0.2164669100475413
BANK_026,SCN_0322,Healthy,Stressed,0.19751118034364037,0.7894782032606076,0.013010616395752095
BANK_027,SCN_0322,Healthy,Stressed,0.10183868577684178,0.8101093595193939,0.08805195470376428
BANK_028,SCN_0322,Stressed,Critical,0.0002162587868808044,0.09559908810241423,0.9041846531107051
BANK_029,SCN_0322,Stressed,Critical,1.4617229443182487e-05,0.24525166523732742,0.7547337175332295
BANK_030,SCN_0322,Critical,Critical,2.531539806077685e-13,3.650112636966508e-05,0.9999634988733772
BANK_031,SCN_0322,Healthy,Healthy,0.9954791573845899,0.0045208118714576,3.07439522997653e-08
BANK_032,SCN_0322,Stressed,Stressed,0.09259929133922168,0.9047824629589942,0.002618245701784062
BANK_033,SCN_0322,Critical,Critical,1.9870722396485043e-05,0.1364203310262948,0.8635597982513087
BANK_034,SCN_0322,Stressed,Stressed,0.0007242891265725474,0.7913157539911617,0.2079599568822657
BANK_035,SCN_0322,Healthy,Healthy,0.9995291897253895,0.00047079262389215,1.7650718446853058e-08
BANK_036,SCN_0322,Healthy,Healthy,0.5221065829007331,0.47338032264202917,0.004513094457237816
BANK_037,SCN_0322,Stressed,Stressed,0.02001610582451586,0.6517877385042014,0.32819615567128285
BANK_038,SCN_0322,Stressed,Stressed,0.06607860789909105,0.868581540837816,0.06533985126309302
BANK_039,SCN_0322,Healthy,Healthy,0.6571443518335829,0.34281200156911473,4.364659730240532e-05
BANK_040,SCN_0322,Healthy,Stressed,0.4657476702068046,0.5336570734118896,0.0005952563813058198
BANK_001,SCN_0324,Healthy,Healthy,0.9809624397634522,0.019019786685035907,1.7773551511913806e-05
BANK_002,SCN_0324,Stressed,Stressed,0.05301390330144447,0.9091867369273248,0.03779935977123088
BANK_003,SCN_0324,Stressed,Stressed,0.05040440441973855,0.8915294360179382,0.058066159562323263
BANK_004,SCN_0324,Healthy,Stressed,0.38206753077207467,0.6141329101818883,0.003799559046036963
BANK_005,SCN_0324,Healthy,Healthy,0.9913244647925741,0.008675497294846114,3.791257962676909e-08
BANK_006,SCN_0324,Stressed,Stressed,0.0013599671451116088,0.9664381290073912,0.03220190384749701
BANK_007,SCN_0324,Healthy,Healthy,0.9940335087932709,0.005966301624786553,1.8958194258637776e-07
BANK_008,SCN_0324,Stressed,Stressed,0.011588367051218997,0.9454250414334727,0.04298659151530837
BANK_009,SCN_0324,Stressed,Stressed,0.2745789139478434,0.7150460788483083,0.010375007203848327
BANK_010,SCN_0324,Critical,Stressed,0.005333180905055466,0.5437317910401573,0.45093502805478713
BANK_011,SCN_0324,Stressed,Stressed,0.4546872862243139,0.5436980081231488,0.0016147056525373015
BANK_012,SCN_0324,Healthy,Healthy,0.9802485481127631,0.019751290016560893,1.6187067613584733e-07
BANK_013,SCN_0324,Critical,Critical,1.5189511996324967e-11,9.010845050843848e-05,0.9999098915343021
BANK_014,SCN_0324,Stressed,Stressed,0.009111469875804436,0.6928493951907829,0.2980391349334126
BANK_015,SCN_0324,Critical,Critical,2.772528032856659e-07,0.08553656692194966,0.9144631558252471
BANK_016,SCN_0324,Healthy,Healthy,0.9644161202618172,0.03558302290012646,8.568380564251416e-07
BANK_017,SCN_0324,Stressed,Critical,0.00026703142081826233,0.2512220438320079,0.7485109247471738
BANK_018,SCN_0324,Stressed,Stressed,0.14645014894006078,0.8532544369657079,0.00029541409423126133
BANK_019,SCN_0324,Critical,Critical,2.345491976660849e-10,3.8797984617614825e-05,0.9999612017808331
BANK_020,SCN_0324,Critical,Critical,2.9543897140601977e-07,0.0046554530928525845,0.9953442514681761
BANK_021,SCN_0324,Critical,Critical,0.0004814335674170401,0.13329178907019906,0.8662267773623838
BANK_022,SCN_0324,Critical,Critical,1.6488910562036492e-07,0.004670037655633096,0.9953297974552613
BANK_023,SCN_0324,Stressed,Healthy,0.6808542044480926,0.3190756731061055,7.012244580179299e-05
BANK_024,SCN_0324,Stressed,Stressed,0.002593279220972679,0.9346394632654572,0.06276725751357005
BANK_025,SCN_0324,Stressed,Stressed,0.011072537481905207,0.8149924587764654,0.17393500374162935
BANK_026,SCN_0324,Stressed,Stressed,0.25840092834677375,0.7323644205032448,0.009234651149981574
BANK_027,SCN_0324,Healthy,Stressed,0.14065581683436845,0.7933654231837064,0.06597875998192512
BANK_028,SCN_0324,Critical,Critical,0.000387182152921164,0.12136124573935414,0.8782515721077246
BANK_029,SCN_0324,Critical,Critical,2.505628283533536e-05,0.2980905797536138,0.7018843639635509
BANK_030,SCN_0324,Critical,Critical,4.666160339570786e-13,4.7705216576570776e-05,0.9999522947829567
BANK_031,SCN_0324,Healthy,Healthy,0.9967902219692459,0.003209761329405898,1.6701348246565673e-08
BANK_032,SCN_0324,Stressed,Stressed,0.12588825608462073,0.8721806286804281,0.0019311152349511434
BANK_033,SCN_0324,Critical,Critical,3.5153631992296224e-05,0.1711277156299961,0.8288371307380115
BANK_034,SCN_0324,Stressed,Stressed,0.0010735927751845805,0.8316912548987542,0.16723515232606134
BANK_035,SCN_0324,Healthy,Healthy,0.9996661231485138,0.00033386727420772175,9.57727851666409e-09
BANK_036,SCN_0324,Stressed,Healthy,0.6069514563184456,0.3902021861658027,0.0028463575157515824
BANK_037,SCN_0324,Stressed,Stressed,0.03031689709773673,0.6999968014036881,0.26968630149857514
BANK_038,SCN_0324,Critical,Stressed,0.09210768539717874,0.8584802088755017,0.04941210572731949
BANK_039,SCN_0324,Healthy,Healthy,0.7299630796777122,0.2700106169916891,2.6303330598751478e-05
BANK_040,SCN_0324,Healthy,Healthy,0.5515285642172245,0.4480890148863508,0.00038242089642467485
BANK_001,SCN_0325,Healthy,Healthy,0.9805087982387384,0.01947266184031561,1.8539920946017834e-05
BANK_002,SCN_0325,Stressed,Stressed,0.0517851877730495,0.9096816401016351,0.03853317212531548
BANK_003,SCN_0325,Stressed,Stressed,0.04921430314895202,0.8916185672780081,0.05916712957303975
BANK_004,SCN_0325,Stressed,Stressed,0.3763917232713908,0.6197019579996713,0.003906318728937869
BANK_005,SCN_0325,Healthy,Healthy,0.9911156555390727,0.008884304903650135,3.955727733732965e-08
BANK_006,SCN_0325,Stressed,Stressed,0.0013269610810966801,0.9658827032485011,0.03279033567040205
BANK_007,SCN_0325,Healthy,Healthy,0.9938894977816426,0.006110304399089362,1.9781926803588754e-07
BANK_008,SCN_0325,Stressed,Stressed,0.011307562319667223,0.9449186323207089,0.043773805359623705
BANK_009,SCN_0325,Healthy,Stressed,0.2697724227318254,0.7195897405272029,0.010637836740971693
BANK_010,SCN_0325,Critical,Stressed,0.005163480591803565,0.5392144521535203,0.45562206725467624
BANK_011,SCN_0325,Healthy,Stressed,0.44873092604336057,0.5496060400605663,0.0016630338960731091
BANK_012,SCN_0325,Healthy,Healthy,0.9797785918727413,0.020221239279825363,1.688474334789737e-07
BANK_013,SCN_0325,Critical,Critical,1.4554925971107167e-11,8.844071917057182e-05,0.9999115592662745
BANK_014,SCN_0325,Stressed,Stressed,0.008847630979763278,0.6891249330064946,0.30202743601374216
BANK_015,SCN_0325,Critical,Critical,2.6609061054629073e-07,0.08408644342447054,0.9159132904849189
BANK_016,SCN_0325,Healthy,Healthy,0.9635834394408601,0.036415667134021196,8.934251186674677e-07
BANK_017,SCN_0325,Critical,Critical,0.00025707324909346983,0.24772670639498703,0.7520162203559195
BANK_018,SCN_0325,Stressed,Stressed,0.14347537865870016,0.8562225890910663,0.0003020322502335957
BANK_019,SCN_0325,Critical,Critical,2.2475000955919524e-10,3.807987357182905e-05,0.999961919901678
BANK_020,SCN_0325,Critical,Critical,2.831200774777576e-07,0.004569675962078314,0.9954300409178443
BANK_021,SCN_0325,Critical,Critical,0.0004624698134697389,0.13115081210315854,0.8683867180833716
BANK_022,SCN_0325,Critical,Critical,1.5801378025789326e-07,0.004583993015589585,0.9954158489706302
BANK_023,SCN_0325,Stressed,Healthy,0.6756170755951811,0.32431030743980177,7.2616965017026e-05
BANK_024,SCN_0325,Stressed,Stressed,0.0025289579692423215,0.9335917595292209,0.06387928250153682
BANK_025,SCN_0325,Stressed,Stressed,0.010777499360730431,0.8125404699273019,0.1766820307119677
BANK_026,SCN_0325,Healthy,Stressed,0.2537851645543045,0.736749691997764,0.009465143447931534
BANK_027,SCN_0325,Stressed,Stressed,0.13760872440860042,0.7950274154244029,0.06736386016699678
BANK_028,SCN_0325,Stressed,Critical,0.00037184719108779936,0.11938500023973514,0.8802431525691771
BANK_029,SCN_0325,Critical,Critical,2.414267772434321e-05,0.2941965734872935,0.705779283834982
BANK_030,SCN_0325,Critical,Critical,4.47121441578588e-13,4.682224948907807e-05,0.9999531777500639
BANK_031,SCN_0325,Healthy,Healthy,0.9967125303212059,0.003287452250606654,1.7428187572821624e-08
BANK_032,SCN_0325,Stressed,Stressed,0.12326703270344301,0.874759615755582,0.00197335154097484
BANK_033,SCN_0325,Stressed,Critical,3.3792017140789484e-05,0.16849415189878902,0.8314720560840702
BANK_034,SCN_0325,Stressed,Stressed,0.0010448705607978023,0.8290975121386038,0.16985761730059828
BANK_035,SCN_0325,Healthy,Healthy,0.999658017732866,0.00034197227235624884,9.994777734979554e-09
BANK_036,SCN_0325,Stressed,Healthy,0.6011801654168148,0.39587761772843105,0.002942216854754005
BANK_037,SCN_0325,Stressed,Stressed,0.029469425902805386,0.6969530859277709,0.27357748816942373
BANK_038,SCN_0325,Stressed,Stressed,0.09003665219852451,0.8595562868376996,0.05040706096377592
BANK_039,SCN_0325,Healthy,Healthy,0.7252070296092299,0.2747656990557501,2.7271335020051408e-05
BANK_040,SCN_0325,Healthy,Healthy,0.545582666348779,0.45402254131461683,0.00039479233660416786
BANK_001,SCN_0334,Healthy,Healthy,0.998946440750621,0.0010535412685694048,1.7980809520667737e-08
BANK_002,SCN_0334,Healthy,Healthy,0.9164627280246805,0.08349359409829027,4.367787702920989e-05
BANK_003,SCN_0334,Healthy,Healthy,0.9032891764215009,0.09662989199297803,8.093158552096756e-05
BANK_004,SCN_0334,Healthy,Healthy,0.9947376540661127,0.005261967887111585,3.780467756398848e-07
BANK_005,SCN_0334,Healthy,Healthy,0.9999544102725171,4.5589724984153535e-05,2.498699518193816e-12
BANK_006,SCN_0334,Stressed,Stressed,0.06615781681881167,0.9333624611014291,0.00047972207975936353
BANK_007,SCN_0334,Healthy,Healthy,0.9998419120139891,0.0001580879047636166,8.124718356533999e-11
BANK_008,SCN_0334,Stressed,Stressed,0.22973038477662322,0.7696598887370217,0.0006097264863551315
BANK_009,SCN_0334,Healthy,Healthy,0.917084065652551,0.08289556022678654,2.0374120662583632e-05
BANK_010,SCN_0334,Stressed,Stressed,0.3234091896897778,0.668015993676682,0.008574816633540325
BANK_011,SCN_0334,Healthy,Healthy,0.9976535494828626,0.0023463762841044646,7.423303280514252e-08
BANK_012,SCN_0334,Healthy,Healthy,0.9998302009190484,0.000169799062033297,1.89182730575627e-11
BANK_013,SCN_0334,Critical,Critical,1.5611558711311918e-08,0.004928003280088357,0.995071981108353
BANK_014,SCN_0334,Healthy,Stressed,0.3314607218216892,0.6639201161267287,0.004619162051582046
BANK_015,SCN_0334,Stressed,Stressed,0.0005994200847257545,0.8827595737264066,0.11664100618886762
BANK_016,SCN_0334,Healthy,Healthy,0.9998232955815616,0.00017670436581846034,5.261998581175397e-11
BANK_017,SCN_0334,Stressed,Stressed,0.08632348785432095,0.8766634335252409,0.03701307862043811
BANK_018,SCN_0334,Healthy,Healthy,0.9687939162710119,0.03120594687000256,1.3685898558873088e-07
BANK_019,SCN_0334,Critical,Critical,4.448631502068954e-07,0.0023219903702576673,0.9976775647665922
BANK_020,SCN_0334,Critical,Critical,0.0006696102209434178,0.22976170891758713,0.7695686808614695
BANK_021,SCN_0334,Stressed,Stressed,0.06373519562392914,0.8389151776283231,0.09734962674774758
BANK_022,SCN_0334,Critical,Critical,0.0001582821346731214,0.208640853572819,0.7912008642925078
BANK_023,SCN_0334,Healthy,Healthy,0.9982904945857024,0.0017095009743598234,4.439937581722998e-09
BANK_024,SCN_0334,Healthy,Healthy,0.6111922115037259,0.38853485705067486,0.00027293144559919894
BANK_025,SCN_0334,Healthy,Healthy,0.7090277016028713,0.29018704072357054,0.0007852576735582628
BANK_026,SCN_0334,Healthy,Healthy,0.9082583379626025,0.09172198470138648,1.9677336011123176e-05
BANK_027,SCN_0334,Healthy,Healthy,0.9740847655918949,0.02588868282154279,2.65515865623027e-05
BANK_028,SCN_0334,Stressed,Stressed,0.10234524937771221,0.8042925836956482,0.09336216692663972
BANK_029,SCN_0334,Stressed,Stressed,0.014976226000100635,0.9566305085448531,0.02839326545504635
BANK_030,SCN_0334,Critical,Critical,1.0802419629755031e-08,0.004022746712092897,0.9959772424854875
BANK_031,SCN_0334,Healthy,Healthy,0.9999821976025532,1.7802396273304044e-05,1.173385050622479e-12
BANK_032,SCN_0334,Healthy,Healthy,0.7652091529184498,0.23478167451465873,9.17256689123837e-06
BANK_033,SCN_0334,Stressed,Stressed,0.03382432088419932,0.910324981507503,0.05585069760829769
BANK_034,SCN_0334,Healthy,Stressed,0.1886695297647172,0.8092686510606213,0.0020618191746615104
BANK_035,SCN_0334,Healthy,Healthy,0.9999877909387511,1.2209055264667438e-05,5.9843421707863605e-12
BANK_036,SCN_0334,Healthy,Healthy,0.9770348953350103,0.022962242595702224,2.86206928737785e-06
BANK_037,SCN_0334,Healthy,Stressed,0.44134936869753894,0.554746679556516,0.003903951745945001
BANK_038,SCN_0334,Healthy,Healthy,0.770483840024926,0.22929570695234344,0.0002204530227305912
BANK_039,SCN_0334,Healthy,Healthy,0.998458722750243,0.0015412754353968494,1.8143601377890107e-09
BANK_040,SCN_0334,Healthy,Healthy,0.9564138192526674,0.04358549786691886,6.828804137726329e-07
BANK_001,SCN_0335,Healthy,Healthy,0.9992644079714956,0.0007355825400325013,9.488471821758685e-09
BANK_002,SCN_0335,Healthy,Healthy,0.9401908420006461,0.05978551995476975,2.3638044584298408e-05
BANK_003,SCN_0335,Healthy,Healthy,0.930480232394168,0.06947578841745983,4.397918837205627e-05
BANK_004,SCN_0335,Healthy,Healthy,0.9963212164063057,0.0036785838444357557,1.9974925857186702e-07
BANK_005,SCN_0335,Healthy,Healthy,0.9999681789419963,3.182105668560942e-05,1.3181621277379261e-12
BANK_006,SCN_0335,Stressed,Stressed,0.09215756589136621,0.9074899103801579,0.0003525237284758476
BANK_007,SCN_0335,Healthy,Healthy,0.999889652831536,0.00011034712560153222,4.2862536525998495e-11
BANK_008,SCN_0335,Stressed,Stressed,0.299417544224527,0.7001632351111217,0.00041922066435133495
BANK_009,SCN_0335,Healthy,Healthy,0.940643344432137,0.05934563145806764,1.1024109795415994e-05
BANK_010,SCN_0335,Healthy,Stressed,0.40721734981736096,0.5870869440309282,0.005695706151710807
BANK_011,SCN_0335,Healthy,Healthy,0.9983610806594775,0.0016388801524492066,3.918807326273147e-08
BANK_012,SCN_0335,Healthy,Healthy,0.9998814779264319,0.00011852206358741843,9.980506432372454e-12
BANK_013,SCN_0335,Critical,Critical,2.9546530596621396e-08,0.006509878142346313,0.9934900923111232
BANK_014,SCN_0335,Stressed,Stressed,0.4157294999470907,0.581214236611272,0.003056263441637254
BANK_015,SCN_0335,Stressed,Stressed,0.0008837381657283479,0.9083984858622597,0.09071777597201189
BANK_016,SCN_0335,Healthy,Healthy,0.9998766576550792,0.00012334231716075214,2.7760208377039735e-11
BANK_017,SCN_0335,Stressed,Stressed,0.12027112787900995,0.8525246425734428,0.02720422954754705
BANK_018,SCN_0335,Healthy,Healthy,0.9780116285487139,0.021988298566858088,7.288442788393466e-08
BANK_019,SCN_0335,Critical,Critical,8.426587638894396e-07,0.003069922191984763,0.9969292351492514
BANK_020,SCN_0335,Critical,Critical,0.001180948937757591,0.28283186902744917,0.7159871820347933
BANK_021,SCN_0335,Stressed,Stressed,0.09096782913517107,0.8357342568663184,0.07329791399851056
BANK_022,SCN_0335,Critical,Critical,0.0002810563120325111,0.25858447099207016,0.7411344726958975
BANK_023,SCN_0335,Healthy,Healthy,0.9988061874549983,0.00119381020158271,2.3434191232383703e-09
BANK_024,SCN_0335,Healthy,Healthy,0.6925495232554254,0.30728733112575574,0.0001631456188188497
BANK_025,SCN_0335,Healthy,Healthy,0.7774545225927038,0.22209125056323237,0.0004542268440640426
BANK_026,SCN_0335,Healthy,Healthy,0.9341447667102895,0.06584455701081836,1.0676278892239747e-05
BANK_027,SCN_0335,Healthy,Healthy,0.9817735251942784,0.01821235743370619,1.4117372015442225e-05
BANK_028,SCN_0335,Stressed,Stressed,0.1435467182213305,0.7873743967233049,0.06907888505536451
BANK_029,SCN_0335,Stressed,Stressed,0.02146632158694538,0.9570643032248933,0.02146937518816138
BANK_030,SCN_0335,Critical,Critical,2.0450697015033278e-08,0.005315589124502236,0.9946843904248006
BANK_031,SCN_0335,Healthy,Healthy,0.9999875742541738,1.242574520706962e-05,6.190015017995375e-13
BANK_032,SCN_0335,Healthy,Healthy,0.8236146299023014,0.17638016194629863,5.208151399902446e-06
BANK_033,SCN_0335,Stressed,Stressed,0.048412162713900676,0.9094179133720307,0.042169923914068666
BANK_034,SCN_0335,Healthy,Stressed,0.25002296388932554,0.7485356593251397,0.0014413767855346882
BANK_035,SCN_0335,Healthy,Healthy,0.9999914783151924,8.521681650506782e-06,3.1569436914756673e-12
BANK_036,SCN_0335,Healthy,Healthy,0.9838593946614772,0.016139084959313984,1.5203792087895925e-06
BANK_037,SCN_0335,Stressed,Healthy,0.5313558877486775,0.4661646571677564,0.0024794550835660783
BANK_038,SCN_0335,Healthy,Healthy,0.8279044245664577,0.17197061240441705,0.00012496302912517332
BANK_039,SCN_0335,Healthy,Healthy,0.998923721910048,0.001076277132373297,9.575788024301133e-10
BANK_040,SCN_0335,Healthy,Healthy,0.969172105634145,0.03082752931906268,3.650467923268416e-07
BANK_001,SCN_0337,Healthy,Healthy,0.9958594157587048,0.004140094532643061,4.897086520977379e-07
BANK_002,SCN_0337,Healthy,Stressed,0.46421314402212366,0.5334567084018568,0.0023301475760195835
BANK_003,SCN_0337,Stressed,Stressed,0.4398777473081271,0.55627411833372,0.0038481343581529747
BANK_004,SCN_0337,Healthy,Healthy,0.921806154796413,0.07814504743841248,4.8797765174549014e-05
BANK_005,SCN_0337,Healthy,Healthy,0.9994196210506142,0.0005803786833476618,2.6603810721553103e-10
BANK_006,SCN_0337,Stressed,Stressed,0.010705505643886216,0.9854747585301415,0.0038197358259722744
BANK_007,SCN_0337,Healthy,Healthy,0.9991051926944279,0.0008948039187454609,3.3868267614060292e-09
BANK_008,SCN_0337,Stressed,Stressed,0.0614071884217718,0.9333462084536519,0.005246603124576389
BANK_009,SCN_0337,Healthy,Healthy,0.6911659308886663,0.3082887846731677,0.000545284438166078
BANK_010,SCN_0337,Stressed,Stressed,0.06397727256855129,0.8535384644104295,0.08248426302101915
BANK_011,SCN_0337,Healthy,Healthy,0.9534995150582168,0.04648713852184127,1.3346419942058304e-05
BANK_012,SCN_0337,Healthy,Healthy,0.998302235307829,0.001697763172670138,1.5195008773599904e-09
BANK_013,SCN_0337,Critical,Critical,5.665423810858991e-10,0.0007127488620932779,0.9992872505713642
BANK_014,SCN_0337,Stressed,Stressed,0.07735443394540792,0.877673948685085,0.0449716173695071
BANK_015,SCN_0337,Critical,Critical,2.4147546476410616e-05,0.4732029422555651,0.5267729101979586
BANK_016,SCN_0337,Healthy,Healthy,0.9976578493021158,0.0023421448235612795,5.874322835489955e-09
BANK_017,SCN_0337,Stressed,Stressed,0.008283966047707514,0.7444214416448923,0.24729459230740014
BANK_018,SCN_0337,Stressed,Healthy,0.7151617089020065,0.2848278956977995,1.0395400193977044e-05
BANK_019,SCN_0337,Critical,Critical,1.1872956815966134e-08,0.0003207335597675598,0.9996792545672756
BANK_020,SCN_0337,Critical,Critical,1.7946963064284923e-05,0.038366021226506605,0.9616160318104292
BANK_021,SCN_0337,Stressed,Stressed,0.00983867075788764,0.546034677510775,0.4441266517313373
BANK_022,SCN_0337,Critical,Critical,6.443558698716015e-06,0.03619550525386665,0.9637980511874346
BANK_023,SCN_0337,Healthy,Healthy,0.974616563524416,0.025382868485800777,5.679897833414076e-07
BANK_024,SCN_0337,Stressed,Stressed,0.06664356039297026,0.9273904386949294,0.005966000912100288
BANK_025,SCN_0337,Stressed,Stressed,0.16235056314312826,0.8192101757595425,0.01843926109732928
BANK_026,SCN_0337,Healthy,Healthy,0.6699700136404644,0.32952236213711233,0.000507624222423218
BANK_027,SCN_0337,Stressed,Healthy,0.735816649732936,0.26191774103718624,0.0022656092298777397
BANK_028,SCN_0337,Critical,Stressed,0.01165527105372625,0.5318128556782415,0.4565318732680322
BANK_029,SCN_0337,Critical,Stressed,0.0009991283384709947,0.800735200665507,0.198265670996022
BANK_030,SCN_0337,Critical,Critical,8.258044227378462e-11,0.0004684487148858021,0.9995315512025338
BANK_031,SCN_0337,Healthy,Healthy,0.9997799288293892,0.00022007104989963766,1.207112485817203e-10
BANK_032,SCN_0337,Healthy,Stressed,0.4272104788651985,0.5726317766969881,0.00015774443781348948
BANK_033,SCN_0337,Critical,Stressed,0.0019854386889825216,0.6606876088647166,0.337326952446301
BANK_034,SCN_0337,Stressed,Stressed,0.01814262540330013,0.9614745748394926,0.02038279975720716
BANK_035,SCN_0337,Healthy,Healthy,0.9999412970309258,5.870276290464493e-05,2.061694165025607e-10
BANK_036,SCN_0337,Stressed,Healthy,0.8983864157885529,0.10152291470289372,9.066950855340469e-05
BANK_037,SCN_0337,Stressed,Stressed,0.16144005071830603,0.7995653352891383,0.038994613992555716
BANK_038,SCN_0337,Healthy,Stressed,0.3934210350177144,0.6023818787640096,0.00419708621827604
BANK_039,SCN_0337,Healthy,Healthy,0.978503744765661,0.021496039629048846,2.1560529001373437e-07
BANK_040,SCN_0337,Healthy,Healthy,0.8496762328662194,0.15030748786155013,1.6279272230432374e-05
BANK_001,SCN_0342,Healthy,Healthy,0.9840896786295206,0.01589743356375392,1.2887806725452784e-05
BANK_002,SCN_0342,Stressed,Stressed,0.06327357542496459,0.9041172701254193,0.032609154449616054
BANK_003,SCN_0342,Critical,Stressed,0.060351549469966646,0.8893950401701021,0.0502534103599312
BANK_004,SCN_0342,Healthy,Stressed,0.426178057816911,0.5707585214202652,0.0030634207628238777
BANK_005,SCN_0342,Healthy,Healthy,0.9927612414088833,0.007238731147912026,2.7443204634826407e-08
BANK_006,SCN_0342,Stressed,Stressed,0.0016388046681047083,0.9703131355736723,0.028048059758223047
BANK_007,SCN_0342,Healthy,Healthy,0.9950239040565932,0.004975958775674578,1.3716773200749982e-07
BANK_008,SCN_0342,Stressed,Stressed,0.013955682561215068,0.9486259918574489,0.03741832558133605
BANK_009,SCN_0342,Stressed,Stressed,0.3127890814151268,0.6786682155790459,0.0085427030058273
BANK_010,SCN_0342,Stressed,Stressed,0.006799933369426115,0.5776198997882536,0.41558016684232024
BANK_011,SCN_0342,Healthy,Healthy,0.5002869583359411,0.4984288725043415,0.0012841691597175117
BANK_012,SCN_0342,Healthy,Healthy,0.9834890914418274,0.01651079117008734,1.1738808547426163e-07
BANK_013,SCN_0342,Critical,Critical,2.101432023741078e-11,0.00010386665024777466,0.999896133328738
BANK_014,SCN_0342,Stressed,Stressed,0.011363699439255054,0.7199614052546801,0.2686748953060649
BANK_015,SCN_0342,Stressed,Critical,3.7863223990633803e-07,0.09732682122106681,0.9026728001466932
BANK_016,SCN_0342,Healthy,Healthy,0.9701752560201303,0.029824120952709483,6.230271601526311e-07
BANK_017,SCN_0342,Stressed,Critical,0.00035575280824829054,0.27885779819424533,0.7207864489975063
BANK_018,SCN_0342,Stressed,Stressed,0.17077169142117843,0.8289793198010927,0.0002489887777287775
BANK_019,SCN_0342,Critical,Critical,3.2449565004627685e-10,4.472220140884278e-05,0.9999552774740954
BANK_020,SCN_0342,Critical,Critical,4.084478437092761e-07,0.005362531535705591,0.9946370600164508
BANK_021,SCN_0342,Critical,Critical,0.0006526562844397163,0.1505534224911021,0.8487939212244581
BANK_022,SCN_0342,Critical,Critical,2.2796062688439335e-07,0.005379319525150456,0.9946204525142228
BANK_023,SCN_0342,Stressed,Healthy,0.7191469779403344,0.28079948640832714,5.353565133835734e-05
BANK_024,SCN_0342,Stressed,Stressed,0.0031369607940721846,0.9419828672496744,0.05488017195625337
BANK_025,SCN_0342,Stressed,Stressed,0.01357211673023585,0.8323253005841146,0.15410258268564958
BANK_026,SCN_0342,Stressed,Stressed,0.29522508210221016,0.6971488235158307,0.00762609438195907
BANK_027,SCN_0342,Healthy,Stressed,0.16560166880971708,0.7782504127736593,0.056147918416623775
BANK_028,SCN_0342,Critical,Critical,0.0005258415085590925,0.13732785590668084,0.8621463025847601
BANK_029,SCN_0342,Stressed,Critical,3.315571244428215e-05,0.328646530884418,0.6713203134031377
BANK_030,SCN_0342,Critical,Critical,6.455561086419924e-13,5.498943884309242e-05,0.9999450105605113
BANK_031,SCN_0342,Healthy,Healthy,0.9973242447422036,0.002675743179473244,1.2078322982757585e-08
BANK_032,SCN_0342,Stressed,Stressed,0.14741566967548517,0.8509498145293064,0.001634515795208342
BANK_033,SCN_0342,Critical,Critical,4.739571160769516e-05,0.19223314811271872,0.8077194561756736
BANK_034,SCN_0342,Stressed,Stressed,0.0013174513301976592,0.8503470590298108,0.14833548963999155
BANK_035,SCN_0342,Healthy,Healthy,0.9997218058916708,0.0002781871854171311,6.922911930009637e-09
BANK_036,SCN_0342,Healthy,Healthy,0.6497591044758385,0.3480384236876678,0.002202471836493682
BANK_037,SCN_0342,Stressed,Stressed,0.03749901748980203,0.7213902591439881,0.2411107233662098
BANK_038,SCN_0342,Stressed,Stressed,0.10924985594963071,0.8483877139314757,0.042362430118893554
BANK_039,SCN_0342,Healthy,Healthy,0.7643995360559876,0.23558055479198717,1.9909152025120667e-05
BANK_040,SCN_0342,Healthy,Healthy,0.5961542931166767,0.4035469246422727,0.0002987822410507341
BANK_001,SCN_0348,Healthy,Healthy,0.9997427277173601,0.00025727166800327075,6.146366713714907e-10
BANK_002,SCN_0348,Healthy,Healthy,0.9931005920753261,0.006898988594069959,4.1933060392693457e-07
BANK_003,SCN_0348,Healthy,Healthy,0.9913704442526323,0.00862870688730449,8.488600633094981e-07
BANK_004,SCN_0348,Healthy,Healthy,0.9996826194740613,0.0003173779807987569,2.545139892457411e-09
BANK_005,SCN_0348,Healthy,Healthy,0.9999965572482624,3.4427517156671293e-06,2.188799986699575e-14
BANK_006,SCN_0348,Stressed,Stressed,0.32469419467322236,0.6752611573945415,4.464793223619456e-05
BANK_007,SCN_0348,Healthy,Healthy,0.9999731525182819,2.6847479900612985e-05,1.817592042629516e-12
BANK_008,SCN_0348,Healthy,Healthy,0.5846705291665928,0.4152844906388123,4.4980194594941106e-05
BANK_009,SCN_0348,Healthy,Healthy,0.9826860852325522,0.017313341114324293,5.736531236209804e-07
BANK_010,SCN_0348,Healthy,Healthy,0.764469641524942,0.2351414067318261,0.0003889517432317813
BANK_011,SCN_0348,Healthy,Healthy,0.9998908874278205,0.00010911220313489342,3.6904479973512946e-10
BANK_012,SCN_0348,Healthy,Healthy,0.9999836885276558,1.6311472124895216e-05,2.1948273647603558e-13
BANK_013,SCN_0348,Critical,Critical,4.4934364075217695e-07,0.034231123189653,0.9657684274667063
BANK_014,SCN_0348,Healthy,Healthy,0.746035030338398,0.25373242623680015,0.00023254342480171728
BANK_015,SCN_0348,Stressed,Stressed,0.009168463680968159,0.9759816898118143,0.0148498465072175
BANK_016,SCN_0348,Healthy,Healthy,0.9999872030159825,1.2796983578457814e-05,4.389439735098199e-13
BANK_017,SCN_0348,Stressed,Stressed,0.47401602798202463,0.5232599848171954,0.002723987200779962
BANK_018,SCN_0348,Healthy,Healthy,0.9975005511254151,0.002499447596687628,1.277897135921242e-09
BANK_019,SCN_0348,Critical,Critical,1.763347036155705e-05,0.017104779279699323,0.982877587249939
BANK_020,SCN_0348,Stressed,Stressed,0.012991180459096722,0.6881786813631388,0.2988301381777646
BANK_021,SCN_0348,Stressed,Stressed,0.24686604612823373,0.741228751752083,0.011905202119683255
BANK_022,SCN_0348,Stressed,Stressed,0.002200755752391393,0.6547494334021475,0.34304981084546093
BANK_023,SCN_0348,Healthy,Healthy,0.9998917150115998,0.00010828495673205314,3.1668097692920215e-11
BANK_024,SCN_0348,Healthy,Healthy,0.9728253255772898,0.02717265234819098,2.0220745191529573e-06
BANK_025,SCN_0348,Healthy,Healthy,0.9690494545229082,0.030940780076060763,9.765401030998984e-06
BANK_026,SCN_0348,Healthy,Healthy,0.9804461560678488,0.01955327718874343,5.667434077447832e-07
BANK_027,SCN_0348,Healthy,Healthy,0.9980947527605756,0.0019050224997671347,2.2473965719795683e-07
BANK_028,SCN_0348,Stressed,Stressed,0.43072779676678336,0.5607334094045168,0.008538793828699888
BANK_029,SCN_0348,Stressed,Stressed,0.16909852454058003,0.8280433889437008,0.0028580865157190986
BANK_030,SCN_0348,Critical,Critical,1.4730481301552264e-06,0.03463638950189347,0.9653621374499762
BANK_031,SCN_0348,Healthy,Healthy,0.999998615125154,1.3848748353689624e-06,1.0641148886012445e-14
BANK_032,SCN_0348,Healthy,Healthy,0.9367230812156643,0.06327657864535083,3.401389848148601e-07
BANK_033,SCN_0348,Stressed,Stressed,0.3216916021258395,0.6734913598029985,0.004817038071162026
BANK_034,SCN_0348,Healthy,Healthy,0.7496148211626957,0.25031082421714196,7.435462016241055e-05
BANK_035,SCN_0348,Healthy,Healthy,0.9999975577681521,2.4422316858135537e-06,1.6207966367681703e-13
BANK_036,SCN_0348,Healthy,Healthy,0.995320761534761,0.004679159499082671,7.89661562847801e-08
BANK_037,SCN_0348,Healthy,Healthy,0.7650413178411543,0.2347274377196985,0.0002312444391473627
BANK_038,SCN_0348,Healthy,Healthy,0.9472907447963591,0.052702472014734034,6.783188906780896e-06
BANK_039,SCN_0348,Healthy,Healthy,0.9998956827072464,0.00010431727877115769,1.3982358020809157e-11
BANK_040,SCN_0348,Healthy,Healthy,0.9888342758691879,0.011165699579454675,2.455135743228651e-08
BANK_001,SCN_0353,Healthy,Healthy,0.999108980989866,0.0008910134073837037,5.602750353523148e-09
BANK_002,SCN_0353,Healthy,Healthy,0.9764876477239125,0.023508591406560593,3.760869526947781e-06
BANK_003,SCN_0353,Healthy,Healthy,0.9707126195027698,0.0292797991043273,7.581392902779052e-06
BANK_004,SCN_0353,Healthy,Healthy,0.9989009589460685,0.0010990178570212848,2.3196910184076598e-08
BANK_005,SCN_0353,Healthy,Healthy,0.9999880691965269,1.1930803273447419e-05,1.9964598713549178e-13
BANK_006,SCN_0353,Stressed,Stressed,0.12182602567919214,0.8780211737075196,0.00015280061328822232
BANK_007,SCN_0353,Healthy,Healthy,0.9999069658220159,9.303416140625761e-05,1.65777604879461e-11
BANK_008,SCN_0353,Stressed,Stressed,0.28883244080660414,0.710964877608729,0.00020268158466694267
BANK_009,SCN_0353,Healthy,Healthy,0.9424519219609129,0.05754305979299673,5.018246090451393e-06
BANK_010,SCN_0353,Healthy,Stressed,0.4829541156398293,0.514804586665194,0.0022412976949767066
BANK_011,SCN_0353,Healthy,Healthy,0.9996219684558766,0.0003780281788489087,3.3652742760470845e-09
BANK_012,SCN_0353,Healthy,Healthy,0.9999434746349202,5.652536307785358e-05,2.0018940798685625e-12
BANK_013,SCN_0353,Critical,Critical,5.03312763860191e-08,0.013287649425178594,0.9867123002435451
BANK_014,SCN_0353,Healthy,Stressed,0.4584018697617632,0.5402948151634323,0.0013033150748045755
BANK_015,SCN_0353,Stressed,Stressed,0.0025995835419290294,0.9589954518906706,0.038404964567400376
BANK_016,SCN_0353,Healthy,Healthy,0.9999556532684161,4.434672758012021e-05,4.003626754211668e-12
BANK_017,SCN_0353,Stressed,Stressed,0.20500408246838733,0.784250266321378,0.010745651210234785
BANK_018,SCN_0353,Healthy,Healthy,0.9913911688562776,0.008608819558990335,1.1584732037380037e-08
BANK_019,SCN_0353,Critical,Critical,1.953967109229827e-06,0.006568475720196751,0.993429570312694
BANK_020,SCN_0353,Critical,Critical,0.0025355509054766925,0.46547097052993275,0.5319934785645906
BANK_021,SCN_0353,Stressed,Stressed,0.0844218532787017,0.8784427140963632,0.03713543262493504
BANK_022,SCN_0353,Critical,Critical,0.0004075236003500823,0.42016872006159517,0.5794237563380548
BANK_023,SCN_0353,Healthy,Healthy,0.9996248368293997,0.00037516288182203034,2.8877808930060776e-10
BANK_024,SCN_0353,Healthy,Healthy,0.9117294431151582,0.08825327120508641,1.7285679755211522e-05
BANK_025,SCN_0353,Healthy,Healthy,0.9002988219425435,0.09961842405314146,8.27540043151048e-05
BANK_026,SCN_0353,Healthy,Healthy,0.9353496897704454,0.06464537854909,4.931680464508423e-06
BANK_027,SCN_0353,Healthy,Healthy,0.993426952459758,0.006571007202446601,2.0403377953735125e-06
BANK_028,SCN_0353,Stressed,Stressed,0.1756751503186082,0.7925588771493801,0.03176597253201166
BANK_029,SCN_0353,Stressed,Stressed,0.05517505395298662,0.9363187279529599,0.00850621809405343
BANK_030,SCN_0353,Critical,Critical,1.6503961486188522e-07,0.013448428762990681,0.9865514061973943
BANK_031,SCN_0353,Healthy,Healthy,0.9999952007130489,4.799286853922552e-06,9.706110496229785e-14
BANK_032,SCN_0353,Healthy,Healthy,0.8103056319966514,0.18969168419041568,2.6838129329841324e-06
BANK_033,SCN_0353,Stressed,Stressed,0.11916166799813004,0.8645628026313826,0.016275529370487454
BANK_034,SCN_0353,Healthy,Stressed,0.46336913264039437,0.5362116347187562,0.0004192326408493627
BANK_035,SCN_0353,Healthy,Healthy,0.9999915364611903,8.46353733135501e-06,1.4783732852439202e-12
BANK_036,SCN_0353,Healthy,Healthy,0.983968544306671,0.01603074363209074,7.120612382891267e-07
BANK_037,SCN_0353,Healthy,Stressed,0.4840190049839931,0.5146465305443062,0.0013344644717006619
BANK_038,SCN_0353,Healthy,Healthy,0.8383150115446685,0.16163023442967117,5.475402566044733e-05
BANK_039,SCN_0353,Healthy,Healthy,0.999638579829875,0.00036142004261983636,1.2750491557678733e-10
BANK_040,SCN_0353,Healthy,Healthy,0.9623415997030794,0.03765818235566367,2.1794125685408916e-07
BANK_001,SCN_0357,Healthy,Healthy,0.9987932438897599,0.0012067332158095753,2.289443069906229e-08
BANK_002,SCN_0357,Healthy,Healthy,0.9054460393126511,0.09449900704238864,5.495364496045784e-05
BANK_003,SCN_0357,Healthy,Healthy,0.890738896058932,0.10915947231466828,0.00010163162639983005
BANK_004,SCN_0357,Healthy,Healthy,0.9939761161272725,0.006023402811731787,4.810609956104129e-07
BANK_005,SCN_0357,Healthy,Healthy,0.9999477735580987,5.222643871939091e-05,3.1819867491769977e-12
BANK_006,SCN_0357,Stressed,Stressed,0.058236883744969846,0.9412253495791072,0.0005377666759228696
BANK_007,SCN_0357,Healthy,Healthy,0.999818901347347,0.00018109854918988536,1.0346311176021731e-10
BANK_008,SCN_0357,Stressed,Stressed,0.2065520155700743,0.7927498592948717,0.0006981251350539643
BANK_009,SCN_0357,Healthy,Healthy,0.9061435565491794,0.09383080723323525,2.5636217585174267e-05
BANK_010,SCN_0357,Stressed,Stressed,0.2941163026599039,0.6959530216446609,0.009930675695435277
BANK_011,SCN_0357,Healthy,Healthy,0.9973128561131741,0.0026870493858953143,9.450093068814221e-08
BANK_012,SCN_0357,Healthy,Healthy,0.9998054859717644,0.00019451400414451407,2.4091174324305875e-11
BANK_013,SCN_0357,Critical,Critical,1.2265182864000716e-08,0.004435321154014619,0.9955646665808026
BANK_014,SCN_0357,Stressed,Stressed,0.301899273813947,0.6927430012738924,0.005357724912160562
BANK_015,SCN_0357,Stressed,Stressed,0.0005165581917478435,0.8714785886012825,0.12800485320696972
BANK_016,SCN_0357,Healthy,Healthy,0.9997975757335834,0.0002024241994085994,6.700801774630765e-11
BANK_017,SCN_0357,Stressed,Stressed,0.07587220224655997,0.8826995908697918,0.04142820688364829
BANK_018,SCN_0357,Healthy,Healthy,0.9644125195655096,0.03558730693749066,1.7349699991272173e-07
BANK_019,SCN_0357,Critical,Critical,3.4941418977836394e-07,0.0020893001810741297,0.9979103504047361
BANK_020,SCN_0357,Stressed,Critical,0.0005383152360841563,0.21160141780190792,0.787860266962008
BANK_021,SCN_0357,Stressed,Stressed,0.05548206935230516,0.8365996954624346,0.1079182351852603
BANK_022,SCN_0357,Critical,Critical,0.0001269567453571278,0.19171211354999765,0.8081609297046453
BANK_023,SCN_0357,Healthy,Healthy,0.9980421074317598,0.0019578869155391938,5.6527009407930844e-09
BANK_024,SCN_0357,Healthy,Healthy,0.5784307805658986,0.4212402811855334,0.000328938248567916
BANK_025,SCN_0357,Healthy,Healthy,0.6801480318735486,0.31889270081042337,0.0009592673160281329
BANK_026,SCN_0357,Healthy,Healthy,0.8962853236429343,0.10368994827636026,2.4728080705334174e-05
BANK_027,SCN_0357,Healthy,Healthy,0.9704202676491005,0.029546047021359365,3.3685329540244234e-05
BANK_028,SCN_0357,Stressed,Stressed,0.08957050950442892,0.8063762774462359,0.1040532130493352
BANK_029,SCN_0357,Stressed,Stressed,0.013056489585523492,0.9554205787606259,0.031522931653850485
BANK_030,SCN_0357,Critical,Critical,8.486122683697718e-09,0.0036202392572287473,0.9963797522566484
BANK_031,SCN_0357,Healthy,Healthy,0.9999796059399866,2.0394058519169438e-05,1.494261618744933e-12
BANK_032,SCN_0357,Healthy,Healthy,0.7399168835327561,0.2600718216063966,1.1294860847518414e-05
BANK_033,SCN_0357,Stressed,Stressed,0.029468814854446412,0.9085657644265426,0.06196542071901096
BANK_034,SCN_0357,Stressed,Stressed,0.1686990859067608,0.8289531808327241,0.002347733260515165
BANK_035,SCN_0357,Healthy,Healthy,0.9999860135387321,1.3986453647052387e-05,7.620840316665677e-12
BANK_036,SCN_0357,Healthy,Healthy,0.9737788898954461,0.026217477504041825,3.6326005121459183e-06
BANK_037,SCN_0357,Stressed,Stressed,0.40796594963472826,0.5874385472568553,0.004595503108416382
BANK_038,SCN_0357,Healthy,Healthy,0.7455513362445084,0.2541770090120784,0.0002716547434132477
BANK_039,SCN_0357,Healthy,Healthy,0.998234735813479,0.0017652618765142633,2.3100068857410265e-09
BANK_040,SCN_0357,Healthy,Healthy,0.9503831940866384,0.04961594177202945,8.641413320379879e-07
BANK_001,SCN_0362,Healthy,Healthy,0.9994743417361901,0.0005256560728122754,2.1909975957801795e-09
BANK_002,SCN_0362,Healthy,Healthy,0.9859995726393842,0.01399894286102421,1.4844995916446675e-06
BANK_003,SCN_0362,Healthy,Healthy,0.9825195815189478,0.017477418756442677,2.9997246096186496e-06
BANK_004,SCN_0362,Healthy,Healthy,0.999351566635239,0.0006484242926602864,9.0721004700734e-09
BANK_005,SCN_0362,Healthy,Healthy,0.9999929639247475,7.0360751745830714e-06,7.804490455154372e-14
BANK_006,SCN_0362,Stressed,Stressed,0.19044610596380418,0.8094605172417907,9.337679440520372e-05
BANK_007,SCN_0362,Healthy,Healthy,0.999945132176149,5.4867817370438485e-05,6.480735250359397e-12
BANK_008,SCN_0362,Stressed,Stressed,0.40784353264605333,0.5920445895988298,0.00011187775511692896
BANK_009,SCN_0362,Healthy,Healthy,0.965242081585005,0.03475590927203128,2.0091429636522514e-06
BANK_010,SCN_0362,Healthy,Healthy,0.6133297548845164,0.38555756698993593,0.0011126781255477844
BANK_011,SCN_0362,Healthy,Healthy,0.999777026752896,0.00022297193136525565,1.3157387632079842e-09
BANK_012,SCN_0362,Healthy,Healthy,0.9999666641062888,3.333589292843239e-05,7.825876850139427e-13
BANK_013,SCN_0362,Critical,Critical,1.2788831982744902e-07,0.019911306581653066,0.980088565530027
BANK_014,SCN_0362,Healthy,Healthy,0.5895514847310525,0.409793265889538,0.0006552493794095185
BANK_015,SCN_0362,Stressed,Stressed,0.004457691493730114,0.9697983432055934,0.025743965300676488
BANK_016,SCN_0362,Healthy,Healthy,0.9999738465994069,2.6153399028049008e-05,1.5651044526671167e-12
BANK_017,SCN_0362,Stressed,Stressed,0.30519893454380814,0.6885473936455329,0.006253671810659025
BANK_018,SCN_0362,Healthy,Healthy,0.9949050579850656,0.005094937470242553,4.544691711210504e-09
BANK_019,SCN_0362,Critical,Critical,4.981792341041661e-06,0.009876239905478744,0.9901187783021802
BANK_020,SCN_0362,Critical,Stressed,0.005227884185136541,0.5659849527931171,0.42878716302174624
BANK_021,SCN_0362,Stressed,Stressed,0.13682874982367152,0.8396428278181045,0.023528422358224048
BANK_022,SCN_0362,Stressed,Stressed,0.0008584831750646399,0.5219890608353093,0.47715245598962613
BANK_023,SCN_0362,Healthy,Healthy,0.9997787182511978,0.0002212816358973116,1.12904936555511e-10
BANK_024,SCN_0362,Healthy,Healthy,0.9459909127004116,0.054002076149083846,7.01115050454177e-06
BANK_025,SCN_0362,Healthy,Healthy,0.9387109875603598,0.061255282459941815,3.37299796985542e-05
BANK_026,SCN_0362,Healthy,Healthy,0.9608354521660384,0.03916256743912684,1.9803948348561977e-06
BANK_027,SCN_0362,Healthy,Healthy,0.9961135517245908,0.003885648520661046,7.997547482168705e-07
BANK_028,SCN_0362,Stressed,Stressed,0.26800399056863566,0.7130518680766649,0.01894414135469955
BANK_029,SCN_0362,Stressed,Stressed,0.09034983221326834,0.9042051043959896,0.005445063390742251
BANK_030,SCN_0362,Critical,Critical,4.193202035061004e-07,0.02015059125485085,0.9798489894249456
BANK_031,SCN_0362,Healthy,Healthy,0.9999971696755056,2.830324456434002e-06,3.794267351843263e-14
BANK_032,SCN_0362,Healthy,Healthy,0.8786896933103586,0.1213091690079766,1.1376816648112669e-06
BANK_033,SCN_0362,Stressed,Stressed,0.18754127769603499,0.8024454215043945,0.010013300799570487
BANK_034,SCN_0362,Healthy,Healthy,0.5942480725149512,0.4055417541511163,0.00021017333393257977
BANK_035,SCN_0362,Healthy,Healthy,0.9999950087177093,4.9912817127084725e-06,5.779196440021114e-13
BANK_036,SCN_0362,Healthy,Healthy,0.990483198431828,0.009516521370136631,2.8019803535177824e-07
BANK_037,SCN_0362,Healthy,Healthy,0.6142007085329869,0.3851373238310003,0.0006619676360128391
BANK_038,SCN_0362,Healthy,Healthy,0.8978844288141492,0.10209264609344652,2.2925092404249164e-05
BANK_039,SCN_0362,Healthy,Healthy,0.9997868254300649,0.00021317452008437737,4.985091929362236e-11
BANK_040,SCN_0362,Healthy,Healthy,0.9774429734950897,0.022556939971571047,8.65333392449354e-08
BANK_001,SCN_0363,Healthy,Healthy,0.989040204735474,0.010953177371715037,6.617892811113893e-06
BANK_002,SCN_0363,Stressed,Stressed,0.09042381393752678,0.8857660746460161,0.023810111416457124
BANK_003,SCN_0363,Stressed,Stressed,0.08674379593360235,0.8763519031323652,0.03690430093403248
BANK_004,SCN_0363,Healthy,Healthy,0.5203499650108274,0.47773898283152977,0.0019110521576428008
BANK_005,SCN_0363,Healthy,Healthy,0.995026212633499,0.004973773312953269,1.4053547868928884e-08
BANK_006,SCN_0363,Stressed,Stressed,0.0024059046227055247,0.9765555609398583,0.021038534437436123
BANK_007,SCN_0363,Healthy,Healthy,0.9965833566689494,0.0034165731380967467,7.019295383380883e-08
BANK_008,SCN_0363,Stressed,Stressed,0.020421064244622183,0.9516037432501859,0.02797519250519198
BANK_009,SCN_0363,Stressed,Stressed,0.3997768860294944,0.594644544457055,0.005578569513450705
BANK_010,SCN_0363,Stressed,Stressed,0.01105473839546774,0.6437537795662032,0.3451914820383291
BANK_011,SCN_0363,Healthy,Healthy,0.5937159950700548,0.40550535320814035,0.0007786517218049061
BANK_012,SCN_0363,Healthy,Healthy,0.9886220307635786,0.011377908946294112,6.029012738778463e-08
BANK_013,SCN_0363,Critical,Critical,4.112808472550602e-11,0.0001393583826749205,0.9998606415761971
BANK_014,SCN_0363,Stressed,Stressed,0.017694918377095442,0.7685495519144119,0.21375552970849276
BANK_015,SCN_0363,Stressed,Critical,7.172089021878697e-07,0.12638468563725844,0.8736145971538394
BANK_016,SCN_0363,Healthy,Healthy,0.9793604318643537,0.020639246798609543,3.213370366422149e-07
BANK_017,SCN_0363,Critical,Critical,0.0006355045614230132,0.34149705405168757,0.6578674413868895
BANK_018,SCN_0363,Stressed,Stressed,0.23102270327384383,0.7688051970711931,0.00017209965496307037
BANK_019,SCN_0363,Critical,Critical,6.350980753374724e-10,6.0005204882100264e-05,0.9999399941600198
BANK_020,SCN_0363,Critical,Critical,7.979575870044456e-07,0.007182024667144755,0.9928171773752683
BANK_021,SCN_0363,Stressed,Critical,0.0012141592832567492,0.19200635613671854,0.8067794845800247
BANK_022,SCN_0363,Critical,Critical,4.4534915340661457e-07,0.007204468761722035,0.9927950858891246
BANK_023,SCN_0363,Stressed,Healthy,0.7888202624723595,0.21114973451024208,3.0003017398497147e-05
BANK_024,SCN_0363,Stressed,Stressed,0.0046339940877073065,0.9539447471303076,0.04142125878198511
BANK_025,SCN_0363,Healthy,Stressed,0.020473809130813207,0.8607519054551297,0.11877428541405716
BANK_026,SCN_0363,Stressed,Stressed,0.37993255637401463,0.6150530678294379,0.00501437579654748
BANK_027,SCN_0363,Stressed,Stressed,0.22753345850664666,0.7330502587758569,0.039416282717496344
BANK_028,SCN_0363,Critical,Critical,0.0009825759804561497,0.1759153554592459,0.8231020685602979
BANK_029,SCN_0363,Stressed,Critical,5.833865904790264e-05,0.39642493423376807,0.6035167271071841
BANK_030,SCN_0363,Critical,Critical,1.263468412031809e-12,7.378082615411977e-05,0.9999262191725824
BANK_031,SCN_0363,Healthy,Healthy,0.9981641157472209,0.0018358780764039897,6.176375047003874e-09
BANK_032,SCN_0363,Stressed,Stressed,0.20149424299747098,0.7973642737102131,0.0011414832923158152
BANK_033,SCN_0363,Critical,Critical,8.7041370593856e-05,0.2420186218376095,0.7578943367917967
BANK_034,SCN_0363,Stressed,Stressed,0.0019959725959177005,0.8831816569610428,0.11482237044303943
BANK_035,SCN_0363,Healthy,Healthy,0.9998092708811454,0.00019072558142150473,3.53743318897087e-09
BANK_036,SCN_0363,Healthy,Healthy,0.7304938373408496,0.26824103022029594,0.0012651324388544868
BANK_037,SCN_0363,Stressed,Stressed,0.057230068996467355,0.7547593240462694,0.18801060695726318
BANK_038,SCN_0363,Stressed,Stressed,0.15333330539174275,0.8162887815257979,0.030377913082459445
BANK_039,SCN_0363,Healthy,Healthy,0.8255657114411123,0.17442330241102455,1.098614786297079e-05
BANK_040,SCN_0363,Healthy,Healthy,0.6829151325754763,0.316909993810372,0.0001748736141517928
BANK_001,SCN_0372,Healthy,Healthy,0.9960055854999147,0.003993955166062955,4.593340224180885e-07
BANK_002,SCN_0372,Stressed,Stressed,0.4732284427126174,0.5245438202223973,0.002227737064985356
BANK_003,SCN_0372,Stressed,Stressed,0.4488336129146618,0.5474839892582978,0.003682397827040379
BANK_004,SCN_0372,Healthy,Healthy,0.9243689718035906,0.07558513664014604,4.589155626339821e-05
BANK_005,SCN_0372,Healthy,Healthy,0.9994401782503995,0.00055982150009497,2.495053598481072e-10
BANK_006,SCN_0372,Stressed,Stressed,0.011095660184907041,0.9851914985000014,0.003712841315091422
BANK_007,SCN_0372,Healthy,Healthy,0.999136877503871,0.0008631193197386075,3.1763902381139917e-09
BANK_008,SCN_0372,Stressed,Stressed,0.06352932595830584,0.9313801751756975,0.005090498865996653
BANK_009,SCN_0372,Healthy,Healthy,0.6988248362312008,0.3006581094028856,0.0005170543659136559
BANK_010,SCN_0372,Stressed,Stressed,0.06632360497813893,0.8534826310367771,0.08019376398508402
BANK_011,SCN_0372,Healthy,Healthy,0.9550738014652775,0.0449136611099951,1.253742472745045e-05
BANK_012,SCN_0372,Healthy,Healthy,0.998362305817403,0.001637692757467915,1.4251290218847083e-09
BANK_013,SCN_0372,Critical,Critical,6.040828217950753e-10,0.000733043594004623,0.9992669558019126
BANK_014,SCN_0372,Stressed,Stressed,0.0800688047313163,0.8762752157394536,0.04365597952923013
BANK_015,SCN_0372,Stressed,Critical,2.5405538873686455e-05,0.48021091209956335,0.519763682361563
BANK_016,SCN_0372,Healthy,Healthy,0.9977406680539175,0.002259326436471246,5.5096112698561666e-09
BANK_017,SCN_0372,Stressed,Stressed,0.008644936322010011,0.7493272903805019,0.242027773297488
BANK_018,SCN_0372,Stressed,Healthy,0.7224548799951888,0.27753527139830514,9.848606506101988e-06
BANK_019,SCN_0372,Critical,Critical,1.2659828472843122e-08,0.00032986977596573437,0.9996701175642058
BANK_020,SCN_0372,Critical,Critical,1.9115639461387873e-05,0.03941611462387339,0.9605647697366653
BANK_021,SCN_0372,Critical,Stressed,0.010323460911386369,0.5526348931569545,0.4370416459316591
BANK_022,SCN_0372,Critical,Critical,6.863581793430544e-06,0.03718851661757502,0.9628046198006314
BANK_023,SCN_0372,Healthy,Healthy,0.9754941254123267,0.02450534142652856,5.331611446202232e-07
BANK_024,SCN_0372,Stressed,Stressed,0.06893479504781272,0.925277708864389,0.0057874960877981555
BANK_025,SCN_0372,Stressed,Stressed,0.16740263547172277,0.8147662248211082,0.01783113970716901
BANK_026,SCN_0372,Stressed,Healthy,0.6779082324500582,0.3216100583093897,0.0004817092405520916
BANK_027,SCN_0372,Stressed,Healthy,0.7428163853919686,0.25503863105278174,0.002144983555249626
BANK_028,SCN_0372,Stressed,Stressed,0.012233001090493578,0.53839207157248,0.4493749273370264
BANK_029,SCN_0372,Critical,Stressed,0.0010415214539473787,0.8051282246882907,0.19383025385776192
BANK_030,SCN_0372,Critical,Critical,8.805303102216772e-11,0.00048179062537372964,0.9995182092865732
BANK_031,SCN_0372,Healthy,Healthy,0.9997877265287011,0.00021227335809067782,1.1320828898696078e-10
BANK_032,SCN_0372,Healthy,Stressed,0.4360643079091129,0.563784687623441,0.00015100446744601554
BANK_033,SCN_0372,Stressed,Stressed,0.002077653915800818,0.6668713748079711,0.3310509712762281
BANK_034,SCN_0372,Stressed,Stressed,0.01880731064972288,0.9613766206314796,0.019816068718797597
BANK_035,SCN_0372,Healthy,Healthy,0.9999433773597004,5.662244694611634e-05,1.933535911344589e-10
BANK_036,SCN_0372,Stressed,Healthy,0.9016355695616851,0.09827908973476362,8.53407035512816e-05
BANK_037,SCN_0372,Stressed,Stressed,0.16656367371624578,0.7957051166483622,0.03773120963539202
BANK_038,SCN_0372,Stressed,Stressed,0.4021103995347341,0.5938664829679228,0.004023117497343227
BANK_039,SCN_0372,Healthy,Healthy,0.9792497724155299,0.020750025227812573,2.0235665733930654e-07
BANK_040,SCN_0372,Healthy,Healthy,0.8542274966811925,0.14575715424553007,1.5349073277421472e-05
BANK_001,SCN_0375,Healthy,Healthy,0.9971005508923596,0.0028993401107103205,1.0899693011926992e-07
BANK_002,SCN_0375,Stressed,Healthy,0.7990591307830357,0.20070959143899683,0.00023127777796754057
BANK_003,SCN_0375,Stressed,Healthy,0.7719114414551111,0.22766854142358958,0.0004200171212993713
BANK_004,SCN_0375,Healthy,Healthy,0.9856229420851804,0.014374783047571811,2.2748672478156e-06
BANK_005,SCN_0375,Healthy,Healthy,0.9998743151022361,0.00012568488259038076,1.5173561132405154e-11
BANK_006,SCN_0375,Stressed,Stressed,0.02503668641612852,0.973860775332011,0.0011025382518605913
BANK_007,SCN_0375,Healthy,Healthy,0.9995642580475437,0.0004357414591735236,4.932827962200262e-10
BANK_008,SCN_0375,Stressed,Stressed,0.09753123558346208,0.9008967062146309,0.0015720582019070751
BANK_009,SCN_0375,Healthy,Healthy,0.8004167070241983,0.1994753003391071,0.00010799263669457433
BANK_010,SCN_0375,Stressed,Stressed,0.1458595436713331,0.8306541019497191,0.023486354378947794
BANK_011,SCN_0375,Healthy,Healthy,0.9935569456426375,0.006442605386156214,4.4897120616051567e-07
BANK_012,SCN_0375,Healthy,Healthy,0.9995319883118164,0.00046801157332595323,1.1485772494865627e-10
BANK_013,SCN_0375,Critical,Critical,2.577556271159932e-09,0.0022432812999143093,0.9977567161225294
BANK_014,SCN_0375,Healthy,Stressed,0.1513519018370244,0.8358387425433901,0.012809355619585556
BANK_015,SCN_0375,Stressed,Stressed,0.00019072709849997707,0.7744161597255841,0.22539311317591595
BANK_016,SCN_0375,Healthy,Healthy,0.9995129611530396,0.0004870385274948048,3.1946565785939067e-10
BANK_017,SCN_0375,Stressed,Stressed,0.03164181362975609,0.8859641323295503,0.08239405404069354
BANK_018,SCN_0375,Healthy,Healthy,0.918434033763841,0.08156517828707308,7.879490857884005e-07
BANK_019,SCN_0375,Critical,Critical,7.334479275219461e-08,0.0010554900082505548,0.9989444366469565
BANK_020,SCN_0375,Stressed,Critical,0.00012615618430937662,0.11934795527616264,0.8805258885395281
BANK_021,SCN_0375,Stressed,Stressed,0.02147477026023255,0.7793241135879498,0.19920111615181765
BANK_022,SCN_0375,Critical,Critical,2.94181862073926e-05,0.1069139078535951,0.8930566739601976
BANK_023,SCN_0375,Healthy,Healthy,0.9953008410901821,0.004699132026518348,2.68832996827327e-08
BANK_024,SCN_0375,Healthy,Stressed,0.3629245569114903,0.6360912044891686,0.0009842385993410984
BANK_025,SCN_0375,Healthy,Stressed,0.46835495552694456,0.5284948861679281,0.003150158305127346
BANK_026,SCN_0375,Healthy,Healthy,0.7821293726582472,0.21776772061182648,0.0001029067299263375
BANK_027,SCN_0375,Healthy,Healthy,0.9315827645612077,0.06826302156580642,0.00015421387298584244
BANK_028,SCN_0375,Stressed,Stressed,0.03545226186342512,0.7681414190002405,0.19640631913633447
BANK_029,SCN_0375,Stressed,Stressed,0.005301457040027862,0.9336582685150944,0.06104027444487779
BANK_030,SCN_0375,Critical,Critical,1.782656801781511e-09,0.0018302914230551423,0.9981697067942881
BANK_031,SCN_0375,Healthy,Healthy,0.999950918728884,4.9081263990241844e-05,7.1258264304611e-12
BANK_032,SCN_0375,Healthy,Healthy,0.5417107185224119,0.45824984606092894,3.9435416659154896e-05
BANK_033,SCN_0375,Stressed,Stressed,0.011732916949094247,0.8706111624143876,0.11765592063651815
BANK_034,SCN_0375,Stressed,Stressed,0.07756462649819942,0.9172875839242567,0.005147789577543815
BANK_035,SCN_0375,Healthy,Healthy,0.9999663392280763,3.366073558112296e-05,3.634254814824632e-11
BANK_036,SCN_0375,Healthy,Healthy,0.9391304321082421,0.06085286066928534,1.670722247261149e-05
BANK_037,SCN_0375,Stressed,Stressed,0.2212782686370557,0.7668348214993103,0.011886909863634132
BANK_038,SCN_0375,Healthy,Healthy,0.548773190261576,0.4502732373143301,0.0009535724240938234
BANK_039,SCN_0375,Healthy,Healthy,0.995762031840795,0.004237957170229036,1.0988975788564639e-08
BANK_040,SCN_0375,Healthy,Healthy,0.8883757141932401,0.11162043365165798,3.852155101669561e-06
BANK_001,SCN_0378,Healthy,Healthy,0.9705710260527529,0.029390111273558943,3.8862673688146516e-05
BANK_002,SCN_0378,Stressed,Stressed,0.0340596645046957,0.9122719484063487,0.05366838708895564
BANK_003,SCN_0378,Stressed,Stressed,0.03208216879707518,0.8862404413710996,0.08167738983182518
BANK_004,SCN_0378,Healthy,Stressed,0.28309547688965747,0.7106828167227466,0.006221706387595962
BANK_005,SCN_0378,Healthy,Healthy,0.9865163897668864,0.013483526854373021,8.337874069309606e-08
BANK_006,SCN_0378,Stressed,Stressed,0.000859709649093203,0.95415314366995,0.0449871466809568
BANK_007,SCN_0378,Healthy,Healthy,0.990712644743329,0.009286937688713037,4.1756795797426587e-07
BANK_008,SCN_0378,Stressed,Stressed,0.00731988363900824,0.9326735936874782,0.060006522673513606
BANK_009,SCN_0378,Stressed,Stressed,0.19415107303350007,0.78963663058853,0.01621229637796997
BANK_010,SCN_0378,Stressed,Critical,0.002881133367343978,0.4587566977486273,0.5383621688840287
BANK_011,SCN_0378,Healthy,Stressed,0.3477813961865725,0.6494891835166994,0.002729420296728119
BANK_012,SCN_0378,Healthy,Healthy,0.9694909490204635,0.03050869717838055,3.5380115579958514e-07
BANK_013,SCN_0378,Critical,Critical,6.873402614932925e-12,6.368162387030394e-05,0.9999363183692563
BANK_014,SCN_0378,Critical,Stressed,0.005207015506118747,0.6183863784350326,0.3764066060588487
BANK_015,SCN_0378,Stressed,Critical,1.2868469577069132e-07,0.062004529268794836,0.9379953420465095
BANK_016,SCN_0378,Healthy,Healthy,0.945514372527456,0.05448377101108897,1.8564614550220158e-06
BANK_017,SCN_0378,Critical,Critical,0.00013046306447099242,0.1916918278388712,0.8081777090966578
BANK_018,SCN_0378,Stressed,Stressed,0.09897278958711661,0.9005860051131371,0.0004412052997461981
BANK_019,SCN_0378,Critical,Critical,1.0613420676774961e-10,2.7418976433001495e-05,0.9999725809174328
BANK_020,SCN_0378,Critical,Critical,1.338682977822331e-07,0.003294523112750983,0.9967053430189512
BANK_021,SCN_0378,Critical,Critical,0.00022677287846519306,0.09805704179052942,0.9017161853310054
BANK_022,SCN_0378,Critical,Critical,7.471430312044155e-08,0.003304858085641757,0.9966950672000552
BANK_023,SCN_0378,Stressed,Healthy,0.5773199136996305,0.4225486839948735,0.0001314023054958523
BANK_024,SCN_0378,Stressed,Stressed,0.001619777038459948,0.9117393884270141,0.086640834534526
BANK_025,SCN_0378,Healthy,Stressed,0.006637008760270556,0.7629559547836481,0.23040703645608143
BANK_026,SCN_0378,Healthy,Stressed,0.18163948637074664,0.8040148644842117,0.014345649145041647
BANK_027,SCN_0378,Stressed,Stressed,0.09220125251412123,0.8122187998976182,0.09557994758826056
BANK_028,SCN_0378,Critical,Critical,0.0001817053715438387,0.0889514652546484,0.9108668293738077
BANK_029,SCN_0378,Critical,Critical,1.2424330118293827e-05,0.23084753219541695,0.7691400434744647
BANK_030,SCN_0378,Critical,Critical,2.1114568924879186e-13,3.3713906508019766e-05,0.999966286093281
BANK_031,SCN_0378,Healthy,Healthy,0.994996036138374,0.005003927018826026,3.684280000501178e-08
BANK_032,SCN_0378,Stressed,Stressed,0.08435782844424534,0.9127823964613762,0.002859775094378561
BANK_033,SCN_0378,Stressed,Critical,1.674785893435515e-05,0.12732980978524874,0.8726534423558169
BANK_034,SCN_0378,Stressed,Stressed,0.0006430328200913094,0.7779941644489899,0.22136280273091874
BANK_035,SCN_0378,Healthy,Healthy,0.9994786484481925,0.000521330390418148,2.1161389384404352e-08
BANK_036,SCN_0378,Stressed,Stressed,0.4964217386001146,0.4984334459902303,0.005144815409654916
BANK_037,SCN_0378,Stressed,Stressed,0.017630668567188815,0.6357710265174649,0.34659830491534627
BANK_038,SCN_0378,Stressed,Stressed,0.05973005821360534,0.8694567864400673,0.07081315534632736
BANK_039,SCN_0378,Healthy,Healthy,0.6338030206589874,0.3661465076717228,5.0471669289847426e-05
BANK_040,SCN_0378,Healthy,Stressed,0.44045067831048845,0.5588743984167801,0.0006749232727315243
BANK_001,SCN_0382,Healthy,Healthy,0.9969119818848745,0.0030878961745103677,1.219406152135893e-07
BANK_002,SCN_0382,Healthy,Healthy,0.7887105219554147,0.2110340380606731,0.00025543998391231083
BANK_003,SCN_0382,Stressed,Healthy,0.7605772750816006,0.23895964162109484,0.0004630832973047023
BANK_004,SCN_0382,Stressed,Healthy,0.9846992764263137,0.015298180463784556,2.5431099017423855e-06
BANK_005,SCN_0382,Healthy,Healthy,0.9998661170712804,0.00013388291174095383,1.697853498297111e-11
BANK_006,SCN_0382,Stressed,Stressed,0.023538207846357982,0.9753019297654214,0.0011598623882205343
BANK_007,SCN_0382,Healthy,Healthy,0.9995358453337684,0.000464154114281579,5.519501809855175e-10
BANK_008,SCN_0382,Stressed,Stressed,0.092101176527203,0.906237683119172,0.001661140353625119
BANK_009,SCN_0382,Healthy,Healthy,0.7901247512103878,0.20975596266695648,0.00011928612265577965
BANK_010,SCN_0382,Healthy,Stressed,0.13799620974030202,0.837140180948943,0.024863609310754927
BANK_011,SCN_0382,Healthy,Healthy,0.9931394888491075,0.006860008979195014,5.021716973277176e-07
BANK_012,SCN_0382,Healthy,Healthy,0.9995014725098134,0.0004985273616689957,1.2851777744440104e-10
BANK_013,SCN_0382,Critical,Critical,2.3037676833649143e-09,0.002135796786291613,0.9978642009099408
BANK_014,SCN_0382,Stressed,Stressed,0.1433188398181771,0.8431086886270868,0.01357247155473607
BANK_015,SCN_0382,Stressed,Stressed,0.00017703630727486632,0.7657200396035626,0.2341029240891625
BANK_016,SCN_0382,Healthy,Healthy,0.99948120535494,0.0005187942876007548,3.5745932957918865e-10
BANK_017,SCN_0382,Stressed,Stressed,0.029638312740487976,0.8840033571206903,0.0863583301388218
BANK_018,SCN_0382,Stressed,Healthy,0.9135728706045889,0.08642625237512805,8.770202830007365e-07
BANK_019,SCN_0382,Critical,Critical,6.555035442922501e-08,0.0010048599819182642,0.9989950744677273
BANK_020,SCN_0382,Critical,Critical,0.00011339505247697274,0.11427367919608454,0.8856129257514386
BANK_021,SCN_0382,Stressed,Stressed,0.019985128748562543,0.7725777640240747,0.20743710722736278
BANK_022,SCN_0382,Critical,Critical,2.642629345871565e-05,0.10230579412121266,0.8976677795853286
BANK_023,SCN_0382,Healthy,Healthy,0.9949958213141982,0.005004148613566293,3.00722355905962e-08
BANK_024,SCN_0382,Stressed,Stressed,0.34842556856177487,0.6505171020317739,0.001057329406451199
BANK_025,SCN_0382,Stressed,Stressed,0.4525818316004691,0.544011964586094,0.003406203813436862
BANK_026,SCN_0382,Healthy,Healthy,0.7711646095764949,0.22872185574661266,0.00011353467689232905
BANK_027,SCN_0382,Healthy,Healthy,0.9274357134001884,0.07239249494194575,0.00017179165786595108
BANK_028,SCN_0382,Stressed,Stressed,0.033025683026028194,0.7622452193188752,0.2047290976550966
BANK_029,SCN_0382,Stressed,Stressed,0.004963124045086839,0.9310939335678453,0.06394294238706791
BANK_030,SCN_0382,Critical,Critical,1.5932710098895794e-09,0.0017425603347036684,0.9982574380720253
BANK_031,SCN_0382,Healthy,Healthy,0.9999477170504567,5.22829415699011e-05,7.973520314461625e-12
BANK_032,SCN_0382,Healthy,Healthy,0.5259843705732079,0.4739727836421738,4.2845784618240544e-05
BANK_033,SCN_0382,Stressed,Stressed,0.010957235709375646,0.8660937503559747,0.12294901393464974
BANK_034,SCN_0382,Healthy,Stressed,0.07314297315603085,0.9214251996326178,0.005431827211351272
BANK_035,SCN_0382,Healthy,Healthy,0.9999641434247036,3.5856534630230024e-05,4.066592700127704e-11
BANK_036,SCN_0382,Healthy,Healthy,0.9354151879076407,0.06456619126323582,1.862082912351613e-05
BANK_037,SCN_0382,Stressed,Stressed,0.2104527802740053,0.7768969108877527,0.01265030883824207
BANK_038,SCN_0382,Healthy,Healthy,0.5330548529312146,0.4659086956398661,0.0010364514289192917
BANK_039,SCN_0382,Healthy,Healthy,0.9954868126642213,0.004513175042905089,1.2292873738540038e-08
BANK_040,SCN_0382,Healthy,Healthy,0.8819532577341886,0.11804246300346719,4.279262344121359e-06
BANK_001,SCN_0385,Healthy,Healthy,0.9952182910230838,0.004781076057220157,6.329196960859419e-07
BANK_002,SCN_0385,Healthy,Stressed,0.42837070010216766,0.5688484581769041,0.002780841720928191
BANK_003,SCN_0385,Healthy,Stressed,0.4044234120391634,0.5910010196648966,0.004575568295939937
BANK_004,SCN_0385,Healthy,Healthy,0.9107216783834053,0.08921597160736991,6.235000922471405e-05
BANK_005,SCN_0385,Healthy,Healthy,0.9993293938290956,0.0006706058268754135,3.4402908310980664e-10
BANK_006,SCN_0385,Stressed,Stressed,0.00927343306482372,0.9864474199613841,0.00427914697379219
BANK_007,SCN_0385,Healthy,Healthy,0.9989661337797626,0.0010338618407521659,4.3794850718688826e-09
BANK_008,SCN_0385,Stressed,Stressed,0.0535495224803924,0.9405334291283493,0.0059170483912582995
BANK_009,SCN_0385,Healthy,Healthy,0.6594343226843327,0.3398928511892358,0.0006728261264316352
BANK_010,SCN_0385,Stressed,Stressed,0.055297128377036785,0.8525012681650446,0.09220160345791872
BANK_011,SCN_0385,Healthy,Healthy,0.9466497727041615,0.05333309071545162,1.7136580386852717e-05
BANK_012,SCN_0385,Healthy,Healthy,0.9980386371991339,0.0019613608362540314,1.964611964332389e-09
BANK_013,SCN_0385,Critical,Critical,4.3810160713333735e-10,0.0006369041151748812,0.9993630954467234
BANK_014,SCN_0385,Stressed,Stressed,0.0672807564111136,0.8821327382328181,0.050586505356068366
BANK_015,SCN_0385,Stressed,Critical,1.9662469353099157e-05,0.44525372746923964,0.5547266100614073
BANK_016,SCN_0385,Healthy,Healthy,0.9972944732475152,0.0027055191581434684,7.59434140914862e-09
BANK_017,SCN_0385,Stressed,Stressed,0.006971085122263319,0.7238957530775106,0.2691331618002262
BANK_018,SCN_0385,Stressed,Healthy,0.6848155914124748,0.31517153495472106,1.2873632804100887e-05
BANK_019,SCN_0385,Critical,Critical,9.180856579795308e-09,0.00028659182548853153,0.999713398993655
BANK_020,SCN_0385,Critical,Critical,1.3934135689902825e-05,0.03442158850990742,0.9655644773544027
BANK_021,SCN_0385,Critical,Stressed,0.008096367562994066,0.5192411377965337,0.47266249464047233
BANK_022,SCN_0385,Critical,Critical,5.001645943827218e-06,0.03246660515445107,0.967528393199605
BANK_023,SCN_0385,Healthy,Healthy,0.9707830385804473,0.029216229742500575,7.316770519971366e-07
BANK_024,SCN_0385,Stressed,Stressed,0.058152133842622564,0.9351152896350667,0.00673257652231082
BANK_025,SCN_0385,Healthy,Stressed,0.14331165159355871,0.8356378814569999,0.021050466949441272
BANK_026,SCN_0385,Healthy,Healthy,0.6372100065994959,0.3621655974499972,0.0006243959505069005
BANK_027,SCN_0385,Healthy,Healthy,0.7065579674447104,0.2906284885567108,0.00281354399857872
BANK_028,SCN_0385,Stressed,Stressed,0.009580031679064424,0.5051245519810634,0.48529541633987205
BANK_029,SCN_0385,Stressed,Stressed,0.0008447759370290353,0.7823557121374254,0.21679951192554564
BANK_030,SCN_0385,Critical,Critical,6.385697614603244e-11,0.00041858944793446033,0.9995814104882085
BANK_031,SCN_0385,Healthy,Healthy,0.9997457017372553,0.0002542981066373394,1.5610736470026453e-10
BANK_032,SCN_0385,Healthy,Stressed,0.3922497341361015,0.6075629539789935,0.00018731188490508547
BANK_033,SCN_0385,Stressed,Stressed,0.0016521774818090086,0.6353184379821519,0.36302938453603895
BANK_034,SCN_0385,Healthy,Stressed,0.015700406362077122,0.9614875015658731,0.022812092072049702
BANK_035,SCN_0385,Healthy,Healthy,0.99993216538528,6.783434808893097e-05,2.6663109369723635e-10
BANK_036,SCN_0385,Healthy,Healthy,0.8843951149571773,0.11548945072553589,0.00011543431728695476
BANK_037,SCN_0385,Stressed,Stressed,0.14213499510804725,0.8134648098824878,0.04440019500946496
BANK_038,SCN_0385,Stressed,Stressed,0.35930779429430637,0.6357348798060137,0.004957325899679894
BANK_039,SCN_0385,Healthy,Healthy,0.975242402824834,0.024757319267827947,2.779073381624916e-07
BANK_040,SCN_0385,Healthy,Healthy,0.8302584483036547,0.169720979278473,2.0572417872302508e-05
BANK_001,SCN_0389,Healthy,Healthy,0.9983401405738722,0.0016598190488937192,4.037723408195843e-08
BANK_002,SCN_0389,Healthy,Healthy,0.8743353934617594,0.12557097637748088,9.36301607596845e-05
BANK_003,SCN_0389,Healthy,Healthy,0.8555489916858913,0.14427877104858733,0.0001722372655212421
BANK_004,SCN_0389,Healthy,Healthy,0.9917291518190516,0.008270001302548891,8.468783995087871e-07
BANK_005,SCN_0389,Healthy,Healthy,0.9999281331753521,7.186681903363753e-05,5.614274155129231e-12
BANK_006,SCN_0389,Stressed,Stressed,0.04299842842382317,0.9563010006323983,0.0007005709437784397
BANK_007,SCN_0389,Healthy,Healthy,0.9997508090585063,0.00024919075895297874,1.8254071080640065e-10
BANK_008,SCN_0389,Stressed,Stressed,0.15904787956343175,0.8400036244439779,0.0009484959925903102
BANK_009,SCN_0389,Healthy,Healthy,0.8752402782761876,0.12471603112293803,4.369060087448103e-05
BANK_010,SCN_0389,Stressed,Stressed,0.231709589693075,0.7544863296099019,0.01380408069702298
BANK_011,SCN_0389,Healthy,Healthy,0.9963059473788296,0.00369388604948872,1.665716818166907e-07
BANK_012,SCN_0389,Healthy,Healthy,0.9997323509453915,0.00026764901210463756,4.2504017370206054e-11
BANK_013,SCN_0389,Critical,Critical,6.958159959626437e-09,0.0034625176258144593,0.9965374754160257
BANK_014,SCN_0389,Healthy,Stressed,0.2387256318657816,0.7537991964068845,0.007475171727333774
BANK_015,SCN_0389,Stressed,Stressed,0.00036234340216596437,0.841209882584499,0.15842777401333494
BANK_016,SCN_0389,Healthy,Healthy,0.9997214673613641,0.00027853252041403783,1.1822177862704402e-10
BANK_017,SCN_0389,Stressed,Stressed,0.05563936428316159,0.8907563658066179,0.053604269910220555
BANK_018,SCN_0389,Healthy,Healthy,0.9516751760435239,0.048324521876700034,3.0207977605108625e-07
BANK_019,SCN_0389,Critical,Critical,1.981237666606966e-07,0.0016302095025089035,0.9983695923737246
BANK_020,SCN_0389,Critical,Critical,0.0003200746237090586,0.17313293249552372,0.8265469928807673
BANK_021,SCN_0389,Stressed,Stressed,0.03971141148038778,0.8239994372394029,0.13628915128020933
BANK_022,SCN_0389,Critical,Critical,7.512761833080194e-05,0.15611331148956328,0.8438115608921058
BANK_023,SCN_0389,Healthy,Healthy,0.9973077456994116,0.002692244334147071,9.966441378376501e-09
BANK_024,SCN_0389,Healthy,Stressed,0.4992173187304262,0.5002817750740803,0.0005009061954935334
BANK_025,SCN_0389,Healthy,Healthy,0.6069144864675065,0.3915751987077406,0.001510314824752877
BANK_026,SCN_0389,Healthy,Healthy,0.8626293584540554,0.13732864900650504,4.199253943941139e-05
BANK_027,SCN_0389,Healthy,Healthy,0.9597310757917553,0.040210143572485174,5.878063575961296e-05
BANK_028,SCN_0389,Stressed,Stressed,0.06477425155883376,0.8024567638161971,0.13276898462496917
BANK_029,SCN_0389,Stressed,Stressed,0.009437833473224293,0.9503575185853346,0.04020464794144104
BANK_030,SCN_0389,Critical,Critical,4.813397269800236e-09,0.0028257010621711696,0.9971742941244316
BANK_031,SCN_0389,Healthy,Healthy,0.9999719361719271,2.8063825436326782e-05,2.6364958378191576e-12
BANK_032,SCN_0389,Healthy,Healthy,0.6739881699764406,0.3259936767897636,1.8153233795743657e-05
BANK_033,SCN_0389,Stressed,Stressed,0.02121478486325037,0.9000753543668822,0.07870986076986741
BANK_034,SCN_0389,Stressed,Stressed,0.12842941498462024,0.8684170017143209,0.003153583301058795
BANK_035,SCN_0389,Healthy,Healthy,0.9999807534820319,1.924650452184232e-05,1.3446348311591054e-11
BANK_036,SCN_0389,Healthy,Healthy,0.9642684231037317,0.03572523003494531,6.346861323001968e-06
BANK_037,SCN_0389,Stressed,Stressed,0.3331851606634015,0.6601926959862026,0.006622143350395999
BANK_038,SCN_0389,Healthy,Healthy,0.6803711965733382,0.31919139269000263,0.0004374107366591362
BANK_039,SCN_0389,Healthy,Healthy,0.9975724500234661,0.0024275459033987964,4.07313517080582e-09
BANK_040,SCN_0389,Healthy,Healthy,0.9329732845614654,0.06702521865492866,1.4967836059606522e-06
BANK_001,SCN_0392,Healthy,Healthy,0.9994558638023251,0.0005441338677863163,2.3298886048502646e-09
BANK_002,SCN_0392,Healthy,Healthy,0.9855142550688479,0.014484167074475727,1.577856676335853e-06
BANK_003,SCN_0392,Healthy,Healthy,0.9819158125972579,0.01808099942184178,3.187980900428819e-06
BANK_004,SCN_0392,Healthy,Healthy,0.99932877563093,0.0006712147219155066,9.647154462351974e-09
BANK_005,SCN_0392,Healthy,Healthy,0.9999927164606756,7.283539241467113e-06,8.29938156546153e-14
BANK_006,SCN_0392,Stressed,Stressed,0.1851732126327912,0.8147302386939133,9.654867329563441e-05
BANK_007,SCN_0392,Healthy,Healthy,0.9999432025287978,5.6797464310638825e-05,6.891674029565202e-12
BANK_008,SCN_0392,Stressed,Stressed,0.39952153878011865,0.6003619167564459,0.00011654446343546699
BANK_009,SCN_0392,Healthy,Healthy,0.9640634871420938,0.03593437892130052,2.1339366056764906e-06
BANK_010,SCN_0392,Healthy,Healthy,0.6050818805070806,0.3937507967439293,0.0011673227489900607
BANK_011,SCN_0392,Healthy,Healthy,0.9997691863315618,0.00023081226927763835,1.399160543057901e-09
BANK_012,SCN_0392,Healthy,Healthy,0.9999654916896802,3.4508309487658986e-05,8.32211639680765e-13
BANK_013,SCN_0392,Critical,Critical,1.2032595102782672e-07,0.019392789419282602,0.9806070902547663
BANK_014,SCN_0392,Healthy,Healthy,0.5811512953804535,0.41816183330979106,0.0006868713097553667
BANK_015,SCN_0392,Stressed,Stressed,0.004303865960344876,0.9692644121943141,0.026431721845341007
BANK_016,SCN_0392,Healthy,Healthy,0.9999729267827556,2.7073215579958625e-05,1.664348285564316e-12
BANK_017,SCN_0392,Stressed,Stressed,0.29786738726861356,0.6956421402290995,0.006490472502286845
BANK_018,SCN_0392,Healthy,Healthy,0.9947268085271986,0.00527318664079048,4.832010813703741e-09
BANK_019,SCN_0392,Critical,Critical,4.6859579227339195e-06,0.009616488040798905,0.9903788260012784
BANK_020,SCN_0392,Critical,Stressed,0.004992744735315495,0.559539036500594,0.43546821876409053
BANK_021,SCN_0392,Stressed,Stressed,0.13271162965616903,0.8430208324564732,0.024267537887357773
BANK_022,SCN_0392,Stressed,Stressed,0.0008186823146259901,0.5152964178251209,0.483884899860253
BANK_023,SCN_0392,Healthy,Healthy,0.9997709373281685,0.00022906255176792392,1.2006345496965496e-10
BANK_024,SCN_0392,Healthy,Healthy,0.9441971721031732,0.055795386297098945,7.4415997277405495e-06
BANK_025,SCN_0392,Healthy,Healthy,0.9366909675851123,0.0632732407585845,3.579165630311804e-05
BANK_026,SCN_0392,Healthy,Healthy,0.9595137099168999,0.0404841870057992,2.1030773009896725e-06
BANK_027,SCN_0392,Healthy,Healthy,0.9959773887714878,0.00402176087650123,8.503520109376602e-07
BANK_028,SCN_0392,Stressed,Stressed,0.26114119281740283,0.7192292576250303,0.019629549557566933
BANK_029,SCN_0392,Stressed,Stressed,0.08753581102244444,0.9068541918993631,0.0056099970781925525
BANK_030,SCN_0392,Critical,Critical,3.945272250620401e-07,0.019625967919240775,0.9803736375535342
BANK_031,SCN_0392,Healthy,Healthy,0.9999970701304254,2.9298695341314167e-06,4.034866510926438e-14
BANK_032,SCN_0392,Healthy,Healthy,0.8749565702537632,0.12504222506260718,1.2046836296662968e-06
BANK_033,SCN_0392,Stressed,Stressed,0.18228105253154844,0.8073693560463725,0.010349591422079089
BANK_034,SCN_0392,Healthy,Healthy,0.585883622714847,0.41389602250534263,0.00022035477981045658
BANK_035,SCN_0392,Healthy,Healthy,0.9999948331701615,5.166829223990356e-06,6.145661926621264e-13
BANK_036,SCN_0392,Healthy,Healthy,0.9901517714300863,0.009847930703849454,2.9786606427832166e-07
BANK_037,SCN_0392,Healthy,Healthy,0.6059670435458288,0.3933384492829749,0.0006945071711963292
BANK_038,SCN_0392,Healthy,Healthy,0.8946706330717088,0.10530507538415276,2.429154413843015e-05
BANK_039,SCN_0392,Healthy,Healthy,0.9997793295182482,0.00022067042874009978,5.301163521302562e-11
BANK_040,SCN_0392,Healthy,Healthy,0.9766681281267695,0.02333177992564382,9.194758671257216e-08
BANK_001,SCN_0395,Healthy,Healthy,0.9871744954615304,0.012821822318091407,3.68222037813997e-06
BANK_002,SCN_0395,Healthy,Stressed,0.21606062194617623,0.7757128283985611,0.008226549655262693
BANK_003,SCN_0395,Healthy,Stressed,0.19931044776493992,0.7874636774384854,0.013225874796574682
BANK_004,SCN_0395,Healthy,Healthy,0.790354581948204,0.2093280535031061,0.00031736454868997545
BANK_005,SCN_0395,Healthy,Healthy,0.9981889916826909,0.001811006301799309,2.015509555013497e-09
BANK_006,SCN_0395,Stressed,Stressed,0.003432865178601448,0.9872762088832183,0.009290925938180308
BANK_007,SCN_0395,Healthy,Healthy,0.9972097009515869,0.0027902734068573866,2.564155558494652e-08
BANK_008,SCN_0395,Stressed,Stressed,0.020352397131048975,0.9664574242697038,0.013190178599247116
BANK_009,SCN_0395,Healthy,Stressed,0.4167495021891789,0.5807565234860609,0.002493974324760298
BANK_010,SCN_0395,Healthy,Stressed,0.01906182197867941,0.7945210153486881,0.18641716267263256
BANK_011,SCN_0395,Healthy,Healthy,0.8677348042935061,0.13217306435673595,9.213134975787921e-05
BANK_012,SCN_0395,Healthy,Healthy,0.994714839143931,0.005285149371528569,1.148454029635344e-08
BANK_013,SCN_0395,Critical,Critical,7.47202615940135e-11,0.0002936879426001907,0.9997063119826795
BANK_014,SCN_0395,Stressed,Stressed,0.02447507363133295,0.8675921349969677,0.10793279137169927
BANK_015,SCN_0395,Critical,Critical,4.411169526780804e-06,0.27006716052836854,0.7299284283021048
BANK_016,SCN_0395,Healthy,Healthy,0.9927187724281402,0.007281183233611893,4.433824803751238e-08
BANK_017,SCN_0395,Stressed,Stressed,0.0019677584132419073,0.5524537748316038,0.4455784667551542
BANK_018,SCN_0395,Stressed,Stressed,0.44555317744403217,0.5543976964192747,4.912613669322353e-05
BANK_019,SCN_0395,Critical,Critical,1.5655419674005707e-09,0.0001321276876492091,0.9998678707468088
BANK_020,SCN_0395,Critical,Critical,2.4206579602499335e-06,0.01616712609516006,0.9838304532468798
BANK_021,SCN_0395,Critical,Critical,0.001934979281261178,0.33550864912866096,0.662556371590078
BANK_022,SCN_0395,Critical,Critical,8.67954560117863e-07,0.01523243899416126,0.9847666930512787
BANK_023,SCN_0395,Healthy,Healthy,0.9247512905473689,0.07524462148178775,4.087970843390453e-06
BANK_024,SCN_0395,Stressed,Stressed,0.022145993877937326,0.9628157870396514,0.01503821908241119
BANK_025,SCN_0395,Stressed,Stressed,0.05673372496343138,0.8943889847539721,0.048877290282596554
BANK_026,SCN_0395,Healthy,Stressed,0.39333055844202636,0.6044088569387873,0.002260584619186322
BANK_027,SCN_0395,Stressed,Stressed,0.4682869083828642,0.5207759579760689,0.010937133641066969
BANK_028,SCN_0395,Critical,Critical,0.0022692749424401185,0.3234947040940501,0.6742360209635098
BANK_029,SCN_0395,Stressed,Stressed,0.00024937063970134675,0.6243909029465163,0.3753597264137823
BANK_030,SCN_0395,Critical,Critical,1.088982157305996e-11,0.0001929964032629706,0.9998070035858471
BANK_031,SCN_0395,Healthy,Healthy,0.9993127668192184,0.0006872322655713151,9.152102420247621e-10
BANK_032,SCN_0395,Healthy,Stressed,0.1926590665659057,0.8068013262573129,0.000539607176781268
BANK_033,SCN_0395,Stressed,Critical,0.00042929571681601583,0.4463133122301333,0.5532573920530507
BANK_034,SCN_0395,Stressed,Stressed,0.0057112889629568776,0.9456172990385484,0.04867141199849463
BANK_035,SCN_0395,Healthy,Healthy,0.9998166201148222,0.0001833783215038784,1.5636739325043453e-09
BANK_036,SCN_0395,Healthy,Healthy,0.7386493836149974,0.26078514252651663,0.000565473858485881
BANK_037,SCN_0395,Stressed,Stressed,0.05462807949267113,0.8452831439858799,0.10008877652144905
BANK_038,SCN_0395,Stressed,Stressed,0.17051589916003143,0.815685619164987,0.013798481674981508
BANK_039,SCN_0395,Healthy,Healthy,0.9357725827215758,0.06422585325467152,1.5640237527984983e-06
BANK_040,SCN_0395,Healthy,Healthy,0.6439890165602074,0.3559173920097308,9.359143006188188e-05
BANK_001,SCN_0407,Healthy,Healthy,0.9939446330250382,0.006053071196496496,2.2957784651969083e-06
BANK_002,SCN_0407,Healthy,Stressed,0.15437803043172338,0.8315897586229247,0.014032210945351913
BANK_003,SCN_0407,Stressed,Stressed,0.14919995368503136,0.8288886905410247,0.021911355773944076
BANK_004,SCN_0407,Healthy,Healthy,0.6639483497881125,0.33520991923787735,0.0008417309740102741
BANK_005,SCN_0407,Healthy,Healthy,0.9972587571643439,0.0027412379735847325,4.8620712227981725e-09
BANK_006,SCN_0407,Stressed,Stressed,0.0044009318108579314,0.98231461391137,0.013284454277772185
BANK_007,SCN_0407,Healthy,Healthy,0.9981182924708163,0.0018816832617471375,2.4267436719441077e-08
BANK_008,SCN_0407,Stressed,Stressed,0.03690314202141894,0.9456458684086616,0.01745098956991952
BANK_009,SCN_0407,Stressed,Healthy,0.5486162673781521,0.4487411057214617,0.0026426269003862
BANK_010,SCN_0407,Critical,Stressed,0.02283019674384277,0.731085871405604,0.24608393185055336
BANK_011,SCN_0407,Healthy,Healthy,0.7267256281804154,0.27294537100194816,0.00032900081763648285
BANK_012,SCN_0407,Healthy,Healthy,0.9937110067395568,0.006288972341582968,2.0918860309031294e-08
BANK_013,SCN_0407,Critical,Critical,1.1913533563961306e-10,0.00022198448382585662,0.9997780153970388
BANK_014,SCN_0407,Stressed,Stressed,0.03441848989947993,0.8220581448488652,0.14352336525165477
BANK_015,SCN_0407,Critical,Critical,1.932834276916569e-06,0.18729699714241055,0.8127010700233125
BANK_016,SCN_0407,Healthy,Healthy,0.9885438448632192,0.011456043173357333,1.1196342345890104e-07
BANK_017,SCN_0407,Critical,Critical,0.0015294288202365293,0.4519443629604454,0.5465262082193181
BANK_018,SCN_0407,Stressed,Stressed,0.3533258509822878,0.6465832911052872,9.085791242503074e-05
BANK_019,SCN_0407,Critical,Critical,1.839769181762643e-09,9.558701083671307e-05,0.999904411149394
BANK_020,SCN_0407,Critical,Critical,2.3018198711516383e-06,0.011392678286871249,0.9886050198932577
BANK_021,SCN_0407,Stressed,Critical,0.003151254083742595,0.27403799239179577,0.7228107535244617
BANK_022,SCN_0407,Critical,Critical,1.284655530586434e-06,0.011428136977609915,0.9885705783668595
BANK_023,SCN_0407,Healthy,Healthy,0.871679648915085,0.1283089063487618,1.1444736153255114e-05
BANK_024,SCN_0407,Stressed,Stressed,0.008526035465547616,0.9651666235122834,0.02630734102216889
BANK_025,SCN_0407,Stressed,Stressed,0.03828272965079356,0.8850537646917924,0.07666350565741405
BANK_026,SCN_0407,Healthy,Healthy,0.5277691036480431,0.4698264431244059,0.00240445322755095
BANK_027,SCN_0407,Healthy,Stressed,0.35317711871243646,0.6257033168319237,0.021119564455639808
BANK_028,SCN_0407,Stressed,Critical,0.0025732100372110995,0.25333795371937773,0.7440888362434112
BANK_029,SCN_0407,Critical,Stressed,0.00013682186866300562,0.5112666361043617,0.4885965420269753
BANK_030,SCN_0407,Critical,Critical,3.6600193745130354e-12,0.00011753032156422958,0.9998824696747758
BANK_031,SCN_0407,Healthy,Healthy,0.9989896050104836,0.001010392855711616,2.1338047538878507e-09
BANK_032,SCN_0407,Stressed,Stressed,0.3146564724058244,0.6847282011371217,0.000615326457053802
BANK_033,SCN_0407,Stressed,Critical,0.00022047285485437103,0.33710531738116195,0.6626742097639836
BANK_034,SCN_0407,Stressed,Stressed,0.003785286862126927,0.9210467583639173,0.07516795477395578
BANK_035,SCN_0407,Healthy,Healthy,0.9998951088847502,0.00010488989404771124,1.2212020731030198e-09
BANK_036,SCN_0407,Healthy,Healthy,0.8315831188535433,0.16791973153784068,0.0004971496086159749
BANK_037,SCN_0407,Stressed,Stressed,0.10653882679319479,0.7726441880475539,0.12081698515925147
BANK_038,SCN_0407,Stressed,Stressed,0.2502581410179459,0.7326270658644176,0.017114793117636546
BANK_039,SCN_0407,Healthy,Healthy,0.8959072473446719,0.10408863719096843,4.115464359772839e-06
BANK_040,SCN_0407,Healthy,Healthy,0.7966386580126741,0.20329092443435998,7.041755296575818e-05
BANK_001,SCN_0409,Healthy,Healthy,0.9954751952562705,0.004524231145581839,5.735981476463866e-07
BANK_002,SCN_0409,Healthy,Stressed,0.4420565049031769,0.5553434472882065,0.002600047808616576
BANK_003,SCN_0409,Healthy,Stressed,0.4179324543038497,0.5777834231408747,0.004284122555275635
BANK_004,SCN_0409,Healthy,Healthy,0.915133013420491,0.08481022138817403,5.676519133499063e-05
BANK_005,SCN_0409,Healthy,Healthy,0.9993655603859727,0.0006344393023122206,3.1171515027154974e-10
BANK_006,SCN_0409,Stressed,Stressed,0.009799013557852796,0.9861041742451563,0.004096812196990939
BANK_007,SCN_0409,Healthy,Healthy,0.9990218723444918,0.0009781236873011017,3.968206985180878e-09
BANK_008,SCN_0409,Stressed,Stressed,0.05644588470978751,0.9379030693406538,0.005651045949558641
BANK_009,SCN_0409,Healthy,Healthy,0.6717992303441127,0.3275797321387768,0.0006210375171104654
BANK_010,SCN_0409,Stressed,Stressed,0.05849498267469465,0.8531356903329319,0.08836932699237339
BANK_011,SCN_0409,Healthy,Healthy,0.9493837601941173,0.050600668549274246,1.5571256608417617e-05
BANK_012,SCN_0409,Healthy,Healthy,0.9981442865072717,0.0018557117125241264,1.780204074847917e-09
BANK_013,SCN_0409,Critical,Critical,4.835212893599235e-10,0.0006650003109212063,0.9993349992055575
BANK_014,SCN_0409,Stressed,Stressed,0.07099805511074109,0.8806362646287129,0.04836568026054596
BANK_015,SCN_0409,Stressed,Critical,2.1283201732368267e-05,0.4559461004064621,0.5440326163918056
BANK_016,SCN_0409,Healthy,Healthy,0.9974401045178196,0.0025598886004039767,6.881776544096819e-09
BANK_017,SCN_0409,Stressed,Stressed,0.007450552263486809,0.7319326952225198,0.2606167525139933
BANK_018,SCN_0409,Stressed,Healthy,0.696665562505474,0.30332257164445114,1.18658500748011e-05
BANK_019,SCN_0409,Critical,Critical,1.0132828047018998e-08,0.00029923907769496176,0.999700750789477
BANK_020,SCN_0409,Critical,Critical,1.5355818659741598e-05,0.035886482085809086,0.9640981620955313
BANK_021,SCN_0409,Stressed,Stressed,0.008728604230118328,0.5295789545310462,0.4616924412388355
BANK_022,SCN_0409,Stressed,Critical,5.5124379089125524e-06,0.03385124790714624,0.9661432396549449
BANK_023,SCN_0409,Healthy,Healthy,0.9723161215870646,0.027683214437860214,6.639750750886868e-07
BANK_024,SCN_0409,Stressed,Stressed,0.06128350204596221,0.9322880482022882,0.00642844975174966
BANK_025,SCN_0409,Stressed,Stressed,0.15039107304947205,0.8295942158107513,0.020014711139776677
BANK_026,SCN_0409,Healthy,Healthy,0.6499510393248015,0.34947192167231556,0.0005770390028830638
BANK_027,SCN_0409,Healthy,Healthy,0.7180089416786093,0.2794005630648003,0.0025904952565902494
BANK_028,SCN_0409,Stressed,Stressed,0.010332862612422687,0.5154175794276308,0.47424955795994655
BANK_029,SCN_0409,Stressed,Stressed,0.0009011815589209136,0.7895544000348801,0.20954441840619892
BANK_030,SCN_0409,Critical,Critical,7.047795417790969e-11,0.00043705918826789195,0.9995629407412542
BANK_031,SCN_0409,Healthy,Healthy,0.9997594217391719,0.0002405781193868089,1.4144134839437705e-10
BANK_032,SCN_0409,Healthy,Stressed,0.405553911240058,0.5942706206063875,0.00017546815355438676
BANK_033,SCN_0409,Stressed,Stressed,0.0017734755541030816,0.6451593656325812,0.3530671588133157
BANK_034,SCN_0409,Healthy,Stressed,0.01659715845043103,0.9615536687981971,0.0218491727513718
BANK_035,SCN_0409,Healthy,Healthy,0.9999358258803983,6.417387802251438e-05,2.4157913370071725e-10
BANK_036,SCN_0409,Healthy,Healthy,0.8899513267440257,0.10994342815378336,0.00010524510219089717
BANK_037,SCN_0409,Stressed,Stressed,0.14931256891517625,0.8084276481653989,0.04225978291942484
BANK_038,SCN_0409,Healthy,Stressed,0.37225229272994387,0.6230943623018472,0.00465334496820896
BANK_039,SCN_0409,Healthy,Healthy,0.9765471320481774,0.023452615819988226,2.5213183418432517e-07
BANK_040,SCN_0409,Healthy,Healthy,0.8379347574568917,0.16204643078980993,1.881175329841705e-05
BANK_001,SCN_0410,Healthy,Healthy,0.9975541462836596,0.0024456619649074213,1.917514330553997e-07
BANK_002,SCN_0410,Healthy,Healthy,0.5953622590674872,0.403469561133963,0.0011681797985497952
BANK_003,SCN_0410,Stressed,Healthy,0.5716934801530582,0.42635153285878663,0.0019549869881552314
BANK_004,SCN_0410,Healthy,Healthy,0.9523684924885502,0.047611800183427,1.970732802273216e-05
BANK_005,SCN_0410,Healthy,Healthy,0.9996576559868164,0.000342343909165346,1.0401828074752739e-10
BANK_006,SCN_0410,Stressed,Stressed,0.01804231885397784,0.9794412740919305,0.002516407054091631
BANK_007,SCN_0410,Healthy,Healthy,0.9994721188404153,0.0005278798351978144,1.3243868112462356e-09
BANK_008,SCN_0410,Stressed,Stressed,0.10003233844733725,0.896626774305788,0.003340887246874808
BANK_009,SCN_0410,Healthy,Healthy,0.7915467865976319,0.2082091066638966,0.00024410673847163447
BANK_010,SCN_0410,Stressed,Stressed,0.1067050818564314,0.8395183755411674,0.05377654260240125
BANK_011,SCN_0410,Healthy,Healthy,0.9720469033323903,0.02794777810927116,5.318558338511544e-06
BANK_012,SCN_0410,Healthy,Healthy,0.9989980923114136,0.0010019070942040298,5.943824360504422e-10
BANK_013,SCN_0410,Critical,Critical,1.4488138500557264e-09,0.0010748910474286312,0.9989251075037574
BANK_014,SCN_0410,Healthy,Stressed,0.12628927971261625,0.8450107017142782,0.028700018573105557
BANK_015,SCN_0410,Stressed,Stressed,4.978910801831809e-05,0.5753823016273409,0.4245679092646408
BANK_016,SCN_0410,Healthy,Healthy,0.998617453574556,0.0013825441269798354,2.2984641585102447e-09
BANK_017,SCN_0410,Stressed,Stressed,0.01522920020083654,0.8070591894627732,0.17771161033639035
BANK_018,SCN_0410,Healthy,Healthy,0.8097986659154153,0.19019673282840557,4.601256178954866e-06
BANK_019,SCN_0410,Critical,Critical,3.036866068496038e-08,0.00048379222325793626,0.9995161774080813
BANK_020,SCN_0410,Critical,Critical,4.503221113319348e-05,0.05677103254176302,0.9431839352471039
BANK_021,SCN_0410,Critical,Stressed,0.019464962137320244,0.6370669688769272,0.34346806898575255
BANK_022,SCN_0410,Critical,Critical,1.618587810070258e-05,0.0536182761457021,0.9463655379761973
BANK_023,SCN_0410,Healthy,Healthy,0.9848733943028933,0.015126381334984952,2.2436212181848772e-07
BANK_024,SCN_0410,Healthy,Stressed,0.10820890643339034,0.888004483984288,0.0037866095823215875
BANK_025,SCN_0410,Stressed,Stressed,0.24875017480627837,0.7402061021657562,0.011043723027965476
BANK_026,SCN_0410,Healthy,Healthy,0.7749840696366099,0.22478639894280458,0.00022953142058540333
BANK_027,SCN_0410,Stressed,Healthy,0.8256831210386545,0.17332309679636865,0.0009937821649768598
BANK_028,SCN_0410,Stressed,Stressed,0.023137737295387366,0.622594194914042,0.3542680677905707
BANK_029,SCN_0410,Stressed,Stressed,0.0018142477209418157,0.8574562245372637,0.14072952774179454
BANK_030,SCN_0410,Critical,Critical,2.1120847450766682e-10,0.0007065516497667129,0.9992934481390249
BANK_031,SCN_0410,Healthy,Healthy,0.9998702073752227,0.00012979257758734104,4.718993221092615e-11
BANK_032,SCN_0410,Healthy,Healthy,0.5584698864194593,0.4414495062915358,8.060728900493412e-05
BANK_033,SCN_0410,Stressed,Stressed,0.0037928564332254783,0.7443099299805881,0.2518972135861865
BANK_034,SCN_0410,Stressed,Stressed,0.030588795452089194,0.9559777262914061,0.013433478256504728
BANK_035,SCN_0410,Healthy,Healthy,0.9999653807431603,3.4619176246654087e-05,8.059295851941133e-11
BANK_036,SCN_0410,Healthy,Healthy,0.9374869241252586,0.062476090868073236,3.698500666831319e-05
BANK_037,SCN_0410,Stressed,Stressed,0.24905723128689494,0.7274272321222249,0.0235155365908801
BANK_038,SCN_0410,Healthy,Healthy,0.524351754401916,0.4734616149213016,0.0021866306767823257
BANK_039,SCN_0410,Healthy,Healthy,0.9872104192780096,0.012789495692603427,8.502938691435995e-08
BANK_040,SCN_0410,Healthy,Healthy,0.9055270495654787,0.09446616862886235,6.7818056587422025e-06
BANK_001,SCN_0411,Healthy,Healthy,0.9984594686596919,0.001540495983947535,3.5356360474412974e-08
BANK_002,SCN_0411,Healthy,Healthy,0.8823228666470688,0.11759440691484993,8.272643808130742e-05
BANK_003,SCN_0411,Healthy,Healthy,0.8645485308923168,0.1352990811333348,0.00015238797434858462
BANK_004,SCN_0411,Healthy,Healthy,0.9923201245910697,0.00767913348589324,7.419230371008479e-07
BANK_005,SCN_0411,Healthy,Healthy,0.999933307250649,6.66927444355293e-05,4.915581989280016e-12
BANK_006,SCN_0411,Stressed,Stressed,0.046182279913233426,0.9531589194830222,0.0006588006037443722
BANK_007,SCN_0411,Healthy,Healthy,0.9997687466970208,0.00023125314315363467,1.5982569818324844e-10
BANK_008,SCN_0411,Stressed,Stressed,0.16930765363869849,0.8298083239222301,0.0008840224390712447
BANK_009,SCN_0411,Healthy,Healthy,0.8831756172383259,0.11678578280000243,3.85999616716478e-05
BANK_010,SCN_0411,Stressed,Stressed,0.2454657550318092,0.7417306043854887,0.012803640582702232
BANK_011,SCN_0411,Healthy,Healthy,0.9965710163088479,0.0034288378111433154,1.4588000885027135e-07
BANK_012,SCN_0411,Healthy,Healthy,0.9997516169255105,0.00024838303727448067,3.721494920237711e-11
BANK_013,SCN_0411,Critical,Critical,7.945573459782171e-09,0.003669194645314967,0.9963307974091116
BANK_014,SCN_0411,Healthy,Stressed,0.25267424763301066,0.7403984812578147,0.0069272711091744816
BANK_015,SCN_0411,Stressed,Stressed,0.00039397320523664467,0.8487867933614671,0.15081923343329626
BANK_016,SCN_0411,Healthy,Healthy,0.999741516567631,0.0002584833288583774,1.0351070807288437e-10
BANK_017,SCN_0411,Stressed,Stressed,0.0598791571095536,0.8896114689751593,0.05050937391528709
BANK_018,SCN_0411,Healthy,Healthy,0.9549980047307859,0.04500172986094191,2.6540827212159134e-07
BANK_019,SCN_0411,Critical,Critical,2.2626379630271763e-07,0.0017277059671423718,0.9982720677690614
BANK_020,SCN_0411,Critical,Critical,0.0003618021662456625,0.1816132472671238,0.8180249505666304
BANK_021,SCN_0411,Stressed,Stressed,0.042991199729693945,0.8278260253704461,0.1291827748998599
BANK_022,SCN_0411,Critical,Critical,8.50105841305322e-05,0.16393105530667282,0.8359839341091968
BANK_023,SCN_0411,Healthy,Healthy,0.9975011044648404,0.002498886807387631,8.727771964567339e-09
BANK_024,SCN_0411,Healthy,Healthy,0.5179047130076919,0.4816403034328387,0.0004549835594693641
BANK_025,SCN_0411,Stressed,Healthy,0.6246427382565546,0.3739962848311964,0.001360976912248981
BANK_026,SCN_0411,Healthy,Healthy,0.8712485379320065,0.12871432829764215,3.7133770351279544e-05
BANK_027,SCN_0411,Healthy,Healthy,0.9625247564354693,0.03742362859075321,5.1614973777571013e-05
BANK_028,SCN_0411,Stressed,Stressed,0.06997330941620479,0.8044509564629668,0.12557573412082845
BANK_029,SCN_0411,Stressed,Stressed,0.010185769174849976,0.951823568556423,0.037990662268726966
BANK_030,SCN_0411,Critical,Critical,5.4966630107165124e-09,0.002994480842920542,0.9970055136604165
BANK_031,SCN_0411,Healthy,Healthy,0.9999739567184706,2.6043279221244414e-05,2.308378647670579e-12
BANK_032,SCN_0411,Healthy,Healthy,0.6901895720025619,0.30979415194046517,1.6276056972948377e-05
BANK_033,SCN_0411,Stressed,Stressed,0.022925020604997903,0.9026053268179546,0.07446965257704745
BANK_034,SCN_0411,Healthy,Stressed,0.13705257158413417,0.8600009309448602,0.0029464974710055464
BANK_035,SCN_0411,Healthy,Healthy,0.9999821392096166,1.7860778610533403e-05,1.1772915845787129e-11
BANK_036,SCN_0411,Healthy,Healthy,0.9667558964566831,0.03323853223780286,5.5713055139905495e-06
BANK_037,SCN_0411,Healthy,Stressed,0.350116112380233,0.6437912674276897,0.006092620192077252
BANK_038,SCN_0411,Healthy,Healthy,0.696413967310723,0.3031940290733145,0.00039200361596256446
BANK_039,SCN_0411,Healthy,Healthy,0.997746840313607,0.002253156119551403,3.566841558166224e-09
BANK_040,SCN_0411,Healthy,Healthy,0.9374976577826933,0.0625010253588958,1.3168584109378871e-06
BANK_001,SCN_0415,Healthy,Healthy,0.9969716609802138,0.003028058516652792,2.8050313332124464e-07
BANK_002,SCN_0415,Healthy,Healthy,0.5427613146076111,0.45567988667509846,0.0015587987172905073
BANK_003,SCN_0415,Healthy,Healthy,0.5184281178517146,0.4789769742792648,0.0025949078690206493
BANK_004,SCN_0415,Healthy,Healthy,0.9416510035623697,0.05832047539072604,2.8521046904218953e-05
BANK_005,SCN_0415,Healthy,Healthy,0.9995759190652341,0.00042408078252648493,1.5223935061989611e-10
BANK_006,SCN_0415,Stressed,Stressed,0.014607814747406411,0.9824100553613897,0.002982129891203892
BANK_007,SCN_0415,Healthy,Healthy,0.9993461123993479,0.0006538856623885276,1.9382636626126633e-09
BANK_008,SCN_0415,Stressed,Stressed,0.08228268226388297,0.9136949423290575,0.004022375407059526
BANK_009,SCN_0415,Healthy,Healthy,0.7539649618426995,0.24569470277282002,0.0003403353844805315
BANK_010,SCN_0415,Stressed,Stressed,0.08707335631361242,0.8486954753298029,0.0642311683565846
BANK_011,SCN_0415,Healthy,Healthy,0.9655986220849604,0.03439364477087468,7.733144164919852e-06
BANK_012,SCN_0415,Healthy,Healthy,0.998759075570086,0.0012409235601231377,8.697908013065259e-10
BANK_013,SCN_0415,Critical,Critical,9.899916734431929e-10,0.0009099235331162021,0.999090075476892
BANK_014,SCN_0415,Stressed,Stressed,0.10392932618740039,0.8615001017558193,0.0345705720567804
BANK_015,SCN_0415,Stressed,Stressed,3.731456129288597e-05,0.5342222742731711,0.46574041116553605
BANK_016,SCN_0415,Healthy,Healthy,0.9982877863350463,0.0017122103017967532,3.363156710788999e-09
BANK_017,SCN_0415,Stressed,Stressed,0.011942805689698485,0.7840723808379021,0.20398481347239936
BANK_018,SCN_0415,Healthy,Healthy,0.774606638009132,0.22538691980376518,6.44218710271498e-06
BANK_019,SCN_0415,Critical,Critical,2.0749381560570158e-08,0.0004095056512390929,0.9995904735993792
BANK_020,SCN_0415,Critical,Critical,3.103707345074451e-05,0.04847365682977119,0.951495306096778
BANK_021,SCN_0415,Stressed,Stressed,0.014842486118829426,0.6018103808819196,0.38334713299925105
BANK_022,SCN_0415,Critical,Critical,1.115007073798145e-05,0.04575891339478261,0.9542299365344794
BANK_023,SCN_0415,Healthy,Healthy,0.9813277004167945,0.01867197236613346,3.2721707196881056e-07
BANK_024,SCN_0415,Stressed,Stressed,0.08914426766587248,0.9062897554757917,0.004565976858335836
BANK_025,SCN_0415,Stressed,Stressed,0.21046187973514163,0.775861514778192,0.0136766054866665
BANK_026,SCN_0415,Stressed,Healthy,0.7354196374426283,0.2642615485791343,0.0003188139782373691
BANK_027,SCN_0415,Healthy,Healthy,0.7925083931862543,0.20609544927705029,0.0013961575366954345
BANK_028,SCN_0415,Stressed,Stressed,0.017622220576111704,0.5874437840752715,0.39493399534861684
BANK_029,SCN_0415,Stressed,Stressed,0.001428466363679881,0.8363862571597303,0.16218527647658984
BANK_030,SCN_0415,Critical,Critical,1.4431308672111776e-10,0.000598080702103116,0.9994019191535838
BANK_031,SCN_0415,Healthy,Healthy,0.9998392103541439,0.00016078957678613962,6.906987223560578e-11
BANK_032,SCN_0415,Healthy,Healthy,0.5051826703077935,0.49471060233338987,0.0001067273588166468
BANK_033,SCN_0415,Stressed,Stressed,0.002929775056506134,0.7122675922929838,0.2848026326505101
BANK_034,SCN_0415,Stressed,Stressed,0.02477684249530819,0.9592964932697294,0.015926664234962265
BANK_035,SCN_0415,Healthy,Healthy,0.9999571119963019,4.288788573516308e-05,1.1796312539379033e-10
BANK_036,SCN_0415,Healthy,Healthy,0.9236869864100475,0.07625967542497646,5.333816497602182e-05
BANK_037,SCN_0415,Healthy,Stressed,0.21023591661848465,0.7607094491128368,0.02905463426867853
BANK_038,SCN_0415,Healthy,Stressed,0.4706488400083994,0.5264783793419984,0.00287278064960226
BANK_039,SCN_0415,Healthy,Healthy,0.9842037637269773,0.01579611219436061,1.2407866205246427e-07
BANK_040,SCN_0415,Healthy,Healthy,0.8855428824811324,0.1144474100440594,9.707474808241515e-06
BANK_001,SCN_0416,Healthy,Healthy,0.9950151896609544,0.004984128712555376,6.816264902762612e-07
BANK_002,SCN_0416,Healthy,Stressed,0.41812876426780865,0.5789473994880353,0.0029238362441561263
BANK_003,SCN_0416,Healthy,Stressed,0.3943367753623932,0.6008574597288557,0.004805764908751141
BANK_004,SCN_0416,Healthy,Healthy,0.9072624636087586,0.09267062958821563,6.690680302595885e-05
BANK_005,SCN_0416,Healthy,Healthy,0.9993007904402771,0.0006992091891536879,3.7056911060434147e-10
BANK_006,SCN_0416,Stressed,Stressed,0.008895937133176197,0.9866823060424691,0.0044217568243548454
BANK_007,SCN_0416,Healthy,Healthy,0.9989220528276197,0.0010779424551141524,4.717266084434232e-09
BANK_008,SCN_0416,Stressed,Stressed,0.051460172075045246,0.9424148117387049,0.0061250161862499665
BANK_009,SCN_0416,Healthy,Healthy,0.6499710526214014,0.34931459613938726,0.0007143512392112923
BANK_010,SCN_0416,Stressed,Stressed,0.05299182990307441,0.8518313260651945,0.09517684403173095
BANK_011,SCN_0416,Healthy,Healthy,0.9444984588308933,0.05548312401300271,1.8417156103861774e-05
BANK_012,SCN_0416,Healthy,Healthy,0.997955091746294,0.0020449061376513586,2.1160548284205372e-09
BANK_013,SCN_0416,Critical,Critical,4.0672157973871885e-10,0.0006165221151488772,0.9993834774781296
BANK_014,SCN_0416,Stressed,Stressed,0.06459638940268843,0.8830871271022458,0.052316483495065846
BANK_015,SCN_0416,Stressed,Critical,1.8517773973028665e-05,0.4372305702981243,0.5627509119279026
BANK_016,SCN_0416,Healthy,Healthy,0.9971793190922256,0.0028206727282802557,8.179494333503836e-09
BANK_017,SCN_0416,Critical,Stressed,0.006628595893451045,0.7177107012450765,0.27566070286147254
BANK_018,SCN_0416,Stressed,Healthy,0.6757247843209303,0.32426153260070073,1.36830783689794e-05
BANK_019,SCN_0416,Critical,Critical,8.5231611706584e-09,0.0002774172945276323,0.9997225741823113
BANK_020,SCN_0416,Critical,Critical,1.295009448294678e-05,0.03335615978758292,0.9666308901179341
BANK_021,SCN_0416,Stressed,Stressed,0.00764789003799815,0.5114141581583084,0.4809379518036934
BANK_022,SCN_0416,Critical,Critical,4.648130925828638e-06,0.03145969599220642,0.9685356558768679
BANK_023,SCN_0416,Healthy,Healthy,0.9695738938633687,0.03042531897366085,7.871629703753338e-07
BANK_024,SCN_0416,Stressed,Stressed,0.05589224347456365,0.9371374211731126,0.006970335352323691
BANK_025,SCN_0416,Stressed,Stressed,0.13815941112937566,0.8399807380224736,0.021859850848150654
BANK_026,SCN_0416,Healthy,Healthy,0.627480017605013,0.3718576684813849,0.0006623139136021801
BANK_027,SCN_0416,Healthy,Healthy,0.6977509600546727,0.29925613555199926,0.0029929043933280323
BANK_028,SCN_0416,Stressed,Stressed,0.009046188049244189,0.4973354077770339,0.49361840417372205
BANK_029,SCN_0416,Stressed,Stressed,0.0008044528941826659,0.7768113759144076,0.22238417119140957
BANK_030,SCN_0416,Critical,Critical,5.928266006270017e-11,0.00040519105080414285,0.999594808889913
BANK_031,SCN_0416,Healthy,Healthy,0.9997348504321745,0.00026514939967222707,1.681532115993637e-10
BANK_032,SCN_0416,Healthy,Stressed,0.3823294391845286,0.6174738958935501,0.00019666492192137462
BANK_033,SCN_0416,Stressed,Stressed,0.0015658458212661746,0.6278212247349001,0.3706129294438338
BANK_034,SCN_0416,Stressed,Stressed,0.015056015316904457,0.9613798900281355,0.023564094654959948
BANK_035,SCN_0416,Healthy,Healthy,0.9999292702053681,7.072950742415171e-05,2.8720766399600516e-10
BANK_036,SCN_0416,Healthy,Healthy,0.8800491427495469,0.11982712525529333,0.0001237319951596355
BANK_037,SCN_0416,Stressed,Stressed,0.13691212399536984,0.8170185079840453,0.04606936802058486
BANK_038,SCN_0416,Healthy,Stressed,0.34968530494007727,0.6451177909616078,0.005196904098314927
BANK_039,SCN_0416,Healthy,Healthy,0.974212918237083,0.025786782723931412,2.990389855604828e-07
BANK_040,SCN_0416,Healthy,Healthy,0.8242858667523922,0.17569213255388014,2.2000693727518867e-05
BANK_001,SCN_0432,Healthy,Healthy,0.9679143565278018,0.03204023372337742,4.5409748820773514e-05
BANK_002,SCN_0432,Healthy,Stressed,0.031127365236110743,0.9114044666197981,0.057468168144091225
BANK_003,SCN_0432,Critical,Stressed,0.02925639561286352,0.8834734457263721,0.0872701586607644
BANK_004,SCN_0432,Stressed,Stressed,0.26525016422111214,0.7279195471275511,0.006830288651336799
BANK_005,SCN_0432,Healthy,Healthy,0.9852787051762748,0.014721197253583201,9.75701421085258e-08
BANK_006,SCN_0432,Critical,Stressed,0.000783966931447588,0.9511496762362547,0.048066356832297596
BANK_007,SCN_0432,Healthy,Healthy,0.9898561532875787,0.010143357881847106,4.888305742214964e-07
BANK_008,SCN_0432,Stressed,Stressed,0.006671469951091231,0.9292485110390213,0.06408001900988759
BANK_009,SCN_0432,Stressed,Stressed,0.18037946631578147,0.8019724054206118,0.01764812826360683
BANK_010,SCN_0432,Critical,Critical,0.0025380815287995716,0.44178346809057356,0.5556784503806269
BANK_011,SCN_0432,Healthy,Stressed,0.3277935956484775,0.6691922093260002,0.003014195025522182
BANK_012,SCN_0432,Healthy,Healthy,0.966743140433884,0.03325644620140113,4.133647147720936e-07
BANK_013,SCN_0432,Critical,Critical,5.866334494482202e-12,5.941471305280418e-05,0.9999405852810809
BANK_014,SCN_0432,Critical,Stressed,0.0046398832985487075,0.6023694486691124,0.39299066803233895
BANK_015,SCN_0432,Critical,Critical,1.1028799802689913e-07,0.058091100491904156,0.9419087892200979
BANK_016,SCN_0432,Healthy,Healthy,0.9407390136384786,0.05925882217956754,2.1641819539516322e-06
BANK_017,SCN_0432,Critical,Critical,0.00011279861125294897,0.18117764560850275,0.8187095557802443
BANK_018,SCN_0432,Stressed,Stressed,0.09130526233147519,0.9082178374379624,0.00047690023056259174
BANK_019,SCN_0432,Critical,Critical,9.058355522069313e-11,2.5581738647379008e-05,0.999974418170769
BANK_020,SCN_0432,Critical,Critical,1.1427910225169133e-07,0.0030744431975846683,0.996925442523313
BANK_021,SCN_0432,Critical,Critical,0.0001948326820065009,0.09209463255165053,0.9077105347663429
BANK_022,SCN_0432,Critical,Critical,6.378126462851544e-08,0.003084089885722056,0.9969158463330132
BANK_023,SCN_0432,Stressed,Healthy,0.5554419613368744,0.4444099124407191,0.00014812622240656257
BANK_024,SCN_0432,Stressed,Stressed,0.00147277340050473,0.9062254341409344,0.09230179245856092
BANK_025,SCN_0432,Stressed,Stressed,0.005975873881819619,0.7509540008051259,0.24307012531305452
BANK_026,SCN_0432,Healthy,Stressed,0.16859573432001743,0.8158028741296234,0.015601391550359145
BANK_027,SCN_0432,Critical,Stressed,0.08442741599589837,0.8130262169497553,0.10254636705434629
BANK_028,SCN_0432,Critical,Critical,0.0001560159195739426,0.0834908901840394,0.9163530938963866
BANK_029,SCN_0432,Stressed,Critical,1.0770537833359707e-05,0.2187633073434148,0.7812259221187517
BANK_030,SCN_0432,Critical,Critical,1.8020896232745204e-13,3.1454883480387854e-05,0.9999685451163393
BANK_031,SCN_0432,Healthy,Healthy,0.9945323989865125,0.005467557865849342,4.3147638176273116e-08
BANK_032,SCN_0432,Stressed,Stressed,0.07771131248211664,0.9192019653106618,0.0030867222072214606
BANK_033,SCN_0432,Critical,Critical,1.441699976803929e-05,0.11982033335592246,0.8801652496443094
BANK_034,SCN_0432,Critical,Stressed,0.0005790572183834925,0.7658602259643439,0.23356071681727267
BANK_035,SCN_0432,Healthy,Healthy,0.9994301039085679,0.0005698712983852057,2.4793046727787e-08
BANK_036,SCN_0432,Stressed,Stressed,0.4739930165063375,0.5202512886059776,0.005755694887684897
BANK_037,SCN_0432,Stressed,Stressed,0.015759508504415407,0.6212400640458873,0.3630004274496974
BANK_038,SCN_0432,Stressed,Stressed,0.054639923573080465,0.8694607527323176,0.075899323694602
BANK_039,SCN_0432,Healthy,Healthy,0.6128912385250959,0.38705157628185616,5.718519304792009e-05
BANK_040,SCN_0432,Stressed,Stressed,0.41860686823177967,0.5806415602998803,0.000751571468339954
BANK_001,SCN_0439,Healthy,Healthy,0.9980619378730039,0.0019379354139945223,1.2671300159619662e-07
BANK_002,SCN_0439,Healthy,Healthy,0.650186458531082,0.34897092904936633,0.0008426124195516912
BANK_003,SCN_0439,Healthy,Healthy,0.6277844221763679,0.37079765461356884,0.0014179232100632305
BANK_004,SCN_0439,Healthy,Healthy,0.9619011583653178,0.038085694996251064,1.314663843131577e-05
BANK_005,SCN_0439,Healthy,Healthy,0.999728846323842,0.00027115360745077794,6.870718305806278e-11
BANK_006,SCN_0439,Stressed,Stressed,0.022682874034707104,0.9752275981049843,0.002089527860308685
BANK_007,SCN_0439,Healthy,Healthy,0.9995818755878186,0.0004181235373505897,8.748308333737488e-10
BANK_008,SCN_0439,Stressed,Stressed,0.12313765360539927,0.874146070897908,0.002716275496692825
BANK_009,SCN_0439,Healthy,Healthy,0.8274512500768618,0.1723802083127739,0.00016854161036433202
BANK_010,SCN_0439,Stressed,Stressed,0.13220521750211592,0.8237881725813402,0.044006609916543885
BANK_011,SCN_0439,Healthy,Healthy,0.9777325286433464,0.022263937993179723,3.533363473904864e-06
BANK_012,SCN_0439,Healthy,Healthy,0.9992063298652321,0.0007936697421067724,3.9266123667919023e-10
BANK_013,SCN_0439,Critical,Critical,2.1930983280176902e-09,0.0012886406135052392,0.9987113571933964
BANK_014,SCN_0439,Healthy,Stressed,0.15505348452626913,0.8216731726468749,0.023273342826856058
BANK_015,SCN_0439,Stressed,Stressed,6.763272371022028e-05,0.6190145897275564,0.3809177775487334
BANK_016,SCN_0439,Healthy,Healthy,0.9989047169429925,0.0010952815384744604,1.518532853518598e-09
BANK_017,SCN_0439,Stressed,Stressed,0.019732294200342643,0.8281856995186841,0.15208200628097313
BANK_018,SCN_0439,Healthy,Healthy,0.8431570241481717,0.15683981161221017,3.1642396181449596e-06
BANK_019,SCN_0439,Critical,Critical,4.597505465280565e-08,0.0005800659221537706,0.9994198881027916
BANK_020,SCN_0439,Critical,Critical,6.74171069883807e-05,0.0673124638742381,0.9326201190187736
BANK_021,SCN_0439,Stressed,Stressed,0.02592311164632137,0.6719554940997484,0.30212139425393025
BANK_022,SCN_0439,Critical,Critical,2.4247062875141142e-05,0.06361471334901514,0.9363610395881099
BANK_023,SCN_0439,Healthy,Healthy,0.9879820355954643,0.01201781574946571,1.4865507001604634e-07
BANK_024,SCN_0439,Healthy,Stressed,0.1329341114543465,0.8639934337398897,0.0030724548057638385
BANK_025,SCN_0439,Stressed,Stressed,0.29532846272683044,0.6960115159548097,0.00866002131835992
BANK_026,SCN_0439,Healthy,Healthy,0.8130638029623719,0.18677714635367665,0.00015905068395144346
BANK_027,SCN_0439,Healthy,Healthy,0.8568641165835691,0.1424547200353838,0.0006811633810470899
BANK_028,SCN_0439,Stressed,Stressed,0.030841411674287535,0.6572646631416363,0.31189392518407616
BANK_029,SCN_0439,Stressed,Stressed,0.002344401803388356,0.877544749509431,0.12011084868718076
BANK_030,SCN_0439,Critical,Critical,3.197339117055819e-10,0.0008471164788800408,0.9991528832013862
BANK_031,SCN_0439,Healthy,Healthy,0.9998972022596724,0.00010279770915868711,3.116898237293035e-11
BANK_032,SCN_0439,Healthy,Healthy,0.6149543970330934,0.3849869784859215,5.862448098506923e-05
BANK_033,SCN_0439,Stressed,Stressed,0.004992863166005036,0.7759950072512456,0.2190121295827494
BANK_034,SCN_0439,Stressed,Stressed,0.03839967601825268,0.9504621189954015,0.011138204986345934
BANK_035,SCN_0439,Healthy,Healthy,0.9999725815718126,2.741837495683474e-05,5.323065018899158e-11
BANK_036,SCN_0439,Healthy,Healthy,0.9498424394840368,0.05013281060748368,2.474990847947646e-05
BANK_037,SCN_0439,Stressed,Stressed,0.2962474350888641,0.6852780994655285,0.018474465445607463
BANK_038,SCN_0439,Stressed,Healthy,0.5821119833088988,0.4162846945288903,0.0016033221622109093
BANK_039,SCN_0439,Healthy,Healthy,0.9898437218925014,0.010156221797243447,5.6310255127460126e-08
BANK_040,SCN_0439,Healthy,Healthy,0.9236790412232302,0.07631638972007933,4.569056690384447e-06
BANK_001,SCN_0441,Healthy,Healthy,0.9927501408139259,0.007248529853380488,1.329332693574662e-06
BANK_002,SCN_0441,Stressed,Stressed,0.32982187825905274,0.6656699605088625,0.004508161232084754
BANK_003,SCN_0441,Stressed,Stressed,0.30818040554184034,0.6844782222651973,0.007341372192962514
BANK_004,SCN_0441,Healthy,Healthy,0.8702976908423893,0.1295768558414126,0.00012545331619809107
BANK_005,SCN_0441,Healthy,Healthy,0.998981129646438,0.001018869629447368,7.24114506319684e-10
BANK_006,SCN_0441,Stressed,Stressed,0.006110823975244945,0.9879520003081131,0.005937175716642002
BANK_007,SCN_0441,Healthy,Healthy,0.9984295129100403,0.0015704778737326882,9.21622697571541e-09
BANK_008,SCN_0441,Stressed,Stressed,0.03580748047774957,0.9558617187342452,0.008330800788005136
BANK_009,SCN_0441,Stressed,Healthy,0.5600579499791927,0.4387388779761204,0.001203172044687002
BANK_010,SCN_0441,Stressed,Stressed,0.03578844737940615,0.8385674178859535,0.12564413473464037
BANK_011,SCN_0441,Healthy,Healthy,0.9210944536977405,0.07887043859553203,3.510770672747103e-05
BANK_012,SCN_0441,Healthy,Healthy,0.9970220446655749,0.002977951202069718,4.132355326577786e-09
BANK_013,SCN_0441,Critical,Critical,2.0810778520044871e-10,0.00045982248823747544,0.9995401773036549
BANK_014,SCN_0441,Stressed,Stressed,0.04442416407800954,0.8852481148884807,0.07032772103350975
BANK_015,SCN_0441,Critical,Critical,1.065866378200428e-05,0.3668385258070001,0.6331508155292179
BANK_016,SCN_0441,Healthy,Healthy,0.9958937577080875,0.004106226324182353,1.5967730061848924e-08
BANK_017,SCN_0441,Critical,Stressed,0.004164677404561118,0.6572940196504379,0.338541302945001
BANK_018,SCN_0441,Stressed,Healthy,0.5884011759351537,0.41157553433359795,2.32897312484422e-05
BANK_019,SCN_0441,Critical,Critical,4.3606814374925505e-09,0.00020688910851523033,0.9997931065308033
BANK_020,SCN_0441,Critical,Critical,6.681871177864327e-06,0.02508716828191368,0.9749061498469085
BANK_021,SCN_0441,Stressed,Critical,0.004516856759073805,0.4402687556715872,0.555214387569339
BANK_022,SCN_0441,Critical,Critical,2.3971243464224097e-06,0.02364923886703889,0.9763483640086148
BANK_023,SCN_0441,Healthy,Healthy,0.9562583684045649,0.04374011407003072,1.5175254044210155e-06
BANK_024,SCN_0441,Stressed,Stressed,0.03893501205438603,0.9515738251343417,0.009491162811272286
BANK_025,SCN_0441,Stressed,Stressed,0.09831461086124814,0.8712792159768288,0.030406173161923063
BANK_026,SCN_0441,Stressed,Healthy,0.5359369292848926,0.4629573265887101,0.001105744126397296
BANK_027,SCN_0441,Stressed,Healthy,0.6121647990434217,0.38270259725258104,0.005132603703997333
BANK_028,SCN_0441,Stressed,Critical,0.00532488493026919,0.4267214082619678,0.5679537068077629
BANK_029,SCN_0441,Stressed,Stressed,0.000513106962549086,0.7222263048614601,0.2772605881759907
BANK_030,SCN_0441,Critical,Critical,3.0331609272008094e-11,0.00030218858218347835,0.9996978113874848
BANK_031,SCN_0441,Healthy,Healthy,0.9996135540519916,0.0003864456193614722,3.2864683173754167e-10
BANK_032,SCN_0441,Healthy,Stressed,0.2980501464202844,0.701650175151121,0.0002996784285945665
BANK_033,SCN_0441,Stressed,Stressed,0.0009541234958070291,0.5576247259778776,0.44142115052631525
BANK_034,SCN_0441,Stressed,Stressed,0.01029497380287823,0.9582099302664636,0.03149509593065808
BANK_035,SCN_0441,Healthy,Healthy,0.9998969045788775,0.00010309485974006722,5.613825982179758e-10
BANK_036,SCN_0441,Healthy,Healthy,0.834204694253805,0.16556604764026517,0.00022925810593003675
BANK_037,SCN_0441,Stressed,Stressed,0.0965609760857119,0.8399280207051197,0.06351100320916828
BANK_038,SCN_0441,Stressed,Stressed,0.26894867241801546,0.723238401699265,0.007812925882719571
BANK_039,SCN_0441,Healthy,Healthy,0.9628499766803729,0.03714944561009961,5.777095274433029e-07
BANK_040,SCN_0441,Healthy,Healthy,0.7629275379762328,0.23703265875016857,3.980327359867467e-05
BANK_001,SCN_0451,Healthy,Healthy,0.9962703006702818,0.0037292928148848084,4.065148333279544e-07
BANK_002,SCN_0451,Stressed,Stressed,0.4904664301207165,0.5074907280043789,0.002042841874904666
BANK_003,SCN_0451,Stressed,Stressed,0.4660008821230078,0.5306164103979886,0.0033827074790036154
BANK_004,SCN_0451,Healthy,Healthy,0.9290446161558059,0.07091457480497174,4.0809039222358476e-05
BANK_005,SCN_0451,Healthy,Healthy,0.9994773946904874,0.0005226050887485403,2.2076408618266435e-10
BANK_006,SCN_0451,Stressed,Stressed,0.011879170775078253,0.9846038343206085,0.0035169949043132457
BANK_007,SCN_0451,Healthy,Healthy,0.9991942409815133,0.0008057562079375373,2.810548984091405e-09
BANK_008,SCN_0451,Stressed,Stressed,0.0677672324088195,0.9274283779729345,0.004804389618245897
BANK_009,SCN_0451,Healthy,Healthy,0.7131284092181168,0.2864047508587071,0.0004668399231760949
BANK_010,SCN_0451,Stressed,Stressed,0.07101095277510433,0.8530211357981117,0.07596791142678398
BANK_011,SCN_0451,Healthy,Healthy,0.9579369064452001,0.04205196751305996,1.112604173986775e-05
BANK_012,SCN_0451,Healthy,Healthy,0.9984710686506036,0.0015289300883418386,1.2610545315211858e-09
BANK_013,SCN_0451,Critical,Critical,6.827262260573967e-10,0.0007733708381496214,0.9992266284791242
BANK_014,SCN_0451,Stressed,Stressed,0.08548101110934574,0.8732824301945341,0.04123655869612014
BANK_015,SCN_0451,Critical,Critical,2.7974459632054643e-05,0.4935977923799263,0.5063742331604417
BANK_016,SCN_0451,Healthy,Healthy,0.997890628148704,0.002109366975802134,4.875493710266205e-09
BANK_017,SCN_0451,Stressed,Stressed,0.009373526561161128,0.7584389957479194,0.23218747769091952
BANK_018,SCN_0451,Stressed,Healthy,0.7360430203516884,0.2639481019654122,8.877682899387837e-06
BANK_019,SCN_0451,Critical,Critical,1.4308284296729776e-08,0.0003480247688567457,0.999651960922859
BANK_020,SCN_0451,Critical,Critical,2.155827166785244e-05,0.0414960550236508,0.9584823867046814
BANK_021,SCN_0451,Stressed,Stressed,0.011308627914470555,0.5651071323754658,0.4235842397100636
BANK_022,SCN_0451,Critical,Critical,7.741582843597457e-06,0.03915576347995755,0.9608364949371987
BANK_023,SCN_0451,Healthy,Healthy,0.9770867822422176,0.022912745260468124,4.724973143978723e-07
BANK_024,SCN_0451,Stressed,Stressed,0.07350775922363402,0.9210319247555045,0.005460316020861443
BANK_025,SCN_0451,Stressed,Stressed,0.17737986828263622,0.8059033176283737,0.016716814088990017
BANK_026,SCN_0451,Healthy,Healthy,0.6927659997680174,0.3067984552575094,0.00043554497447309494
BANK_027,SCN_0451,Stressed,Healthy,0.7558246979160209,0.2422442413019105,0.0019310607820687323
BANK_028,SCN_0451,Critical,Stressed,0.0134073535182542,0.5508287389805423,0.4357639075012035
BANK_029,SCN_0451,Critical,Stressed,0.0011270492021526796,0.8132940521645131,0.1855788986333342
BANK_030,SCN_0451,Critical,Critical,9.95177200228798e-11,0.000508302612427663,0.9994916972880545
BANK_031,SCN_0451,Healthy,Healthy,0.9998018428575873,0.00019815704224741354,1.0016516972490375e-10
BANK_032,SCN_0451,Healthy,Stressed,0.4530617708315546,0.5467994165181774,0.00013881265026787287
BANK_033,SCN_0451,Stressed,Stressed,0.0022644774571673305,0.6784920442638203,0.31924347827901245
BANK_034,SCN_0451,Stressed,Stressed,0.020141227160717014,0.9610825123404666,0.018776260498816342
BANK_035,SCN_0451,Healthy,Healthy,0.9999471433586129,5.285647031196746e-05,1.710748827424721e-10
BANK_036,SCN_0451,Healthy,Healthy,0.9075772527047293,0.09234674247127904,7.600482399151226e-05
BANK_037,SCN_0451,Stressed,Stressed,0.17668283092261694,0.7879054378332956,0.03541173124408748
BANK_038,SCN_0451,Healthy,Stressed,0.41884924935309825,0.5774430255583877,0.0037077250885140635
BANK_039,SCN_0451,Healthy,Healthy,0.980603188116891,0.019396632595741092,1.792873678019693e-07
BANK_040,SCN_0451,Healthy,Healthy,0.8625917338017272,0.13739455276248175,1.3713435791008798e-05
BANK_001,SCN_0452,Stressed,Healthy,0.9705864414400426,0.02937473252861117,3.882603134621861e-05
BANK_002,SCN_0452,Healthy,Stressed,0.03407817894525948,0.9122757421707863,0.053646078883954056
BANK_003,SCN_0452,Stressed,Stressed,0.032100019996795674,0.886255493666868,0.08164448633633631
BANK_004,SCN_0452,Healthy,Stressed,0.2832056779474514,0.7105761610192445,0.006218161033304142
BANK_005,SCN_0452,Healthy,Healthy,0.9865235613447848,0.01347635535580718,8.329940814033972e-08
BANK_006,SCN_0452,Stressed,Stressed,0.0008601892474515659,0.954170722308296,0.04496908844425228
BANK_007,SCN_0452,Healthy,Healthy,0.9907176055935351,0.009281977236754986,4.1716970994152844e-07
BANK_008,SCN_0452,Stressed,Stressed,0.0073239877747193986,0.9326934075019496,0.05998260472333103
BANK_009,SCN_0452,Healthy,Stressed,0.19423678301700573,0.7895593136751492,0.01620390330784503
BANK_010,SCN_0452,Stressed,Critical,0.002883334733363292,0.4588596949505189,0.5382569703161177
BANK_011,SCN_0452,Healthy,Stressed,0.3479041299138649,0.6493681042776008,0.0027277658085343424
BANK_012,SCN_0452,Healthy,Healthy,0.9695068961491499,0.03049275038308168,3.534677683991854e-07
BANK_013,SCN_0452,Critical,Critical,6.879998525212744e-12,6.37083684918763e-05,0.999936291624628
BANK_014,SCN_0452,Critical,Stressed,0.00521063308699751,0.6184823767048527,0.37630699020814967
BANK_015,SCN_0452,Critical,Critical,1.2880483432143942e-07,0.062028955851158106,0.9379709153440076
BANK_016,SCN_0452,Healthy,Healthy,0.9455421487602882,0.054455996503626564,1.854736085492171e-06
BANK_017,SCN_0452,Stressed,Critical,0.00013057773473327524,0.1917568760496081,0.8081125462156586
BANK_018,SCN_0452,Stressed,Stressed,0.09902090999225639,0.90053809339926,0.0004409966084835973
BANK_019,SCN_0452,Critical,Critical,1.0623605775274969e-10,2.743049210594605e-05,0.9999725694016579
BANK_020,SCN_0452,Critical,Critical,1.339965797176267e-07,0.0032959022537395796,0.9967039637496808
BANK_021,SCN_0452,Critical,Critical,0.00022698110477059177,0.098094164554985,0.9016788543402443
BANK_022,SCN_0452,Critical,Critical,7.478589925392749e-08,0.0033062415388545076,0.9966936836752464
BANK_023,SCN_0452,Stressed,Healthy,0.5774515365742743,0.4224171571705721,0.00013130625515366025
BANK_024,SCN_0452,Stressed,Stressed,0.0016207083263816125,0.9117717564886189,0.08660753518499946
BANK_025,SCN_0452,Stressed,Stressed,0.006641207576634487,0.7630270309804819,0.23033176144288373
BANK_026,SCN_0452,Healthy,Stressed,0.18172075692251957,0.8039409351175835,0.014338307959896983
BANK_027,SCN_0452,Stressed,Stressed,0.09225010197533205,0.8122109952705193,0.09553890275414875
BANK_028,SCN_0452,Stressed,Critical,0.00018187291956121891,0.08898548494513643,0.9108326421353025
BANK_029,SCN_0452,Stressed,Critical,1.2435047384975379e-05,0.23092209625260676,0.7690654687000082
BANK_030,SCN_0452,Critical,Critical,2.1134831324514636e-13,3.372806589420408e-05,0.9999662719338943
BANK_031,SCN_0452,Healthy,Healthy,0.9949987204822709,0.005001242710152393,3.680757683076431e-08
BANK_032,SCN_0452,Stressed,Stressed,0.08439959411914974,0.9127419580313564,0.0028584478494937623
BANK_033,SCN_0452,Stressed,Critical,1.676303436560054e-05,0.12737647442871286,0.8726067625369217
BANK_034,SCN_0452,Stressed,Stressed,0.0006434392636303719,0.7780662029739935,0.22129035776237602
BANK_035,SCN_0452,Healthy,Healthy,0.9994789293904129,0.0005210494684799355,2.1141107166178893e-08
BANK_036,SCN_0452,Stressed,Stressed,0.4965576247361366,0.4983010854213647,0.0051412898424986735
BANK_037,SCN_0452,Stressed,Stressed,0.017642578426516276,0.6358575031001844,0.34649991847329925
BANK_038,SCN_0452,Stressed,Stressed,0.0597621293923229,0.8694546206667162,0.070783249940961
BANK_039,SCN_0452,Healthy,Healthy,0.6339281906969321,0.3660213760646088,5.04332384591553e-05
BANK_040,SCN_0452,Healthy,Stressed,0.4405837155717811,0.5587418045641264,0.0006744798640924448
BANK_001,SCN_0456,Healthy,Healthy,0.9865256718979798,0.013464755027472238,9.573074547958799e-06
BANK_002,SCN_0456,Healthy,Stressed,0.07432484687015782,0.8972927021170578,0.028382451012784332
BANK_003,SCN_0456,Healthy,Stressed,0.07108341015655109,0.8850590686811521,0.04385752116229665
BANK_004,SCN_0456,Stressed,Stressed,0.46798122926545455,0.5295262274342412,0.002492543300304318
BANK_005,SCN_0456,Healthy,Healthy,0.9938772076354996,0.006122772007140578,2.0357359859717957e-08
BANK_006,SCN_0456,Stressed,Stressed,0.0019458044961432252,0.9733782645518297,0.024675930952027098
BANK_007,SCN_0456,Healthy,Healthy,0.9957925365787739,0.004207361705987487,1.0171523872043687e-07
BANK_008,SCN_0456,Stressed,Stressed,0.016551612341614223,0.9505653230822761,0.03288306457610959
BANK_009,SCN_0456,Healthy,Stressed,0.35045779235520846,0.642450053661934,0.0070921539828575795
BANK_010,SCN_0456,Stressed,Stressed,0.008470760973937015,0.607935689888283,0.3835935491377801
BANK_011,SCN_0456,Healthy,Healthy,0.5424025161656,0.4565658550251934,0.0010316288092066313
BANK_012,SCN_0456,Healthy,Healthy,0.9860143706862438,0.01398554210975158,8.720400458719449e-08
BANK_013,SCN_0456,Critical,Critical,2.836026651374053e-11,0.00011843193105903608,0.9998815680405807
BANK_014,SCN_0456,Stressed,Stressed,0.01387970687031576,0.7429635285026532,0.24315676462703098
BANK_015,SCN_0456,Stressed,Critical,5.041164590960411e-07,0.10948220837480173,0.8905172875087393
BANK_016,SCN_0456,Healthy,Healthy,0.9746844608998692,0.025315075312096143,4.637880347606567e-07
BANK_017,SCN_0456,Stressed,Critical,0.0004619942102380959,0.3059628610026662,0.6935751447870957
BANK_018,SCN_0456,Stressed,Stressed,0.19598550587482652,0.8038027620960039,0.00021173202916959974
BANK_019,SCN_0456,Critical,Critical,4.379327690868204e-10,5.099404471528875e-05,0.999949005517352
BANK_020,SCN_0456,Critical,Critical,5.508220690013052e-07,0.0061100154313318885,0.9938894337465989
BANK_021,SCN_0456,Critical,Critical,0.0008624109394361364,0.1680807930907709,0.831056795969793
BANK_022,SCN_0456,Critical,Critical,3.074210295984413e-07,0.006129129467021395,0.9938705631119489
BANK_023,SCN_0456,Stressed,Healthy,0.7519076013950595,0.24805092339256593,4.147521237457732e-05
BANK_024,SCN_0456,Stressed,Stressed,0.00373595032754612,0.9478349742368295,0.04842907543562425
BANK_025,SCN_0456,Healthy,Stressed,0.01633273493827789,0.8462567532596142,0.1374105118021079
BANK_026,SCN_0456,Healthy,Stressed,0.3317558777048751,0.661894231419737,0.006349890875387809
BANK_027,SCN_0456,Stressed,Stressed,0.1915050883125608,0.7603835131992663,0.048111398488172766
BANK_028,SCN_0456,Critical,Critical,0.000696134115507,0.1536011316894245,0.8457027341950684
BANK_029,SCN_0456,Stressed,Critical,4.277451184954211e-05,0.3582230055040303,0.6417342199841201
BANK_030,SCN_0456,Critical,Critical,8.712282188203998e-13,6.270106965734948e-05,0.9999372989294715
BANK_031,SCN_0456,Healthy,Healthy,0.9977383564346327,0.0022616346120155166,8.953351655448096e-09
BANK_032,SCN_0456,Stressed,Stressed,0.169915599352486,0.8286884263059349,0.0013959743415791204
BANK_033,SCN_0456,Stressed,Critical,6.228446434159781e-05,0.21343551541186456,0.7865022001237939
BANK_034,SCN_0456,Stressed,Stressed,0.0015879129256102637,0.8659364901258331,0.1324755969485567
BANK_035,SCN_0456,Healthy,Healthy,0.9997649484801837,0.00023504638994747311,5.129868827960348e-09
BANK_036,SCN_0456,Healthy,Healthy,0.6872531700988775,0.3110207000864901,0.0017261298146323298
BANK_037,SCN_0456,Critical,Stressed,0.045417789600938764,0.7382001044731585,0.21638210592590262
BANK_038,SCN_0456,Stressed,Stressed,0.12741559027140958,0.8359759653139147,0.036608444414675784
BANK_039,SCN_0456,Healthy,Healthy,0.793395918083779,0.20658877030046768,1.531161575323238e-05
BANK_040,SCN_0456,Healthy,Healthy,0.6360156034978922,0.36374820591424273,0.00023619058786500255
BANK_001,SCN_0462,Healthy,Healthy,0.9979599016305207,0.002040040079582144,5.8289897156888804e-08
BANK_002,SCN_0462,Healthy,Healthy,0.8498054100296669,0.15006316455242957,0.0001314254179035037
BANK_003,SCN_0462,Healthy,Healthy,0.828061847776085,0.17169740173448805,0.00024075048942689877
BANK_004,SCN_0462,Healthy,Healthy,0.989849734540887,0.010149044729689659,1.2207294233889187e-06
BANK_005,SCN_0462,Healthy,Healthy,0.9999116381712962,8.836182059593735e-05,8.107904359524442e-12
BANK_006,SCN_0462,Stressed,Stressed,0.03524974190603757,0.963920832093921,0.0008294260000415231
BANK_007,SCN_0462,Healthy,Healthy,0.9996936267364697,0.0003063729999231631,2.6360707467429017e-10
BANK_008,SCN_0462,Stressed,Stressed,0.1332910518198331,0.865560977550036,0.0011479706301309094
BANK_009,SCN_0462,Healthy,Healthy,0.8508655466000664,0.14907311339229656,6.134000763708727e-05
BANK_010,SCN_0462,Stressed,Stressed,0.19647763353946085,0.7866180052091613,0.016904361251377897
BANK_011,SCN_0462,Healthy,Healthy,0.9954618193680839,0.004537940275776364,2.403561398186361e-07
BANK_012,SCN_0462,Healthy,Healthy,0.9996709344319193,0.0003290655067008373,6.137979940319354e-11
BANK_013,SCN_0462,Critical,Critical,4.8205411650444135e-09,0.002949421063242982,0.9970505741162158
BANK_014,SCN_0462,Stressed,Stressed,0.20293776431238647,0.7878850998628438,0.00917713582476966
BANK_015,SCN_0462,Stressed,Stressed,0.00028678570520246095,0.8186248158468876,0.18108839844790994
BANK_016,SCN_0462,Healthy,Healthy,0.999657554268661,0.0003424455606160653,1.7072294288678372e-10
BANK_017,SCN_0462,Stressed,Stressed,0.045298741357787525,0.8916744196415584,0.06302683900065398
BANK_018,SCN_0462,Healthy,Healthy,0.9412343965412604,0.05876517198649461,4.314722450154816e-07
BANK_019,SCN_0462,Critical,Critical,1.372207140001691e-07,0.0013882571412470405,0.998611605638039
BANK_020,SCN_0462,Critical,Critical,0.00022750682075789978,0.15130952230915923,0.8484629708700828
BANK_021,SCN_0462,Stressed,Stressed,0.031777268200528716,0.8107212340573637,0.15750149774210762
BANK_022,SCN_0462,Critical,Critical,5.3257781728296416e-05,0.136071378799587,0.8638753634186849
BANK_023,SCN_0462,Healthy,Healthy,0.9966918023303583,0.0033081832851681175,1.4384473683613205e-08
BANK_024,SCN_0462,Healthy,Stressed,0.44770516242624975,0.5516460821116562,0.0006487554620939693
BANK_025,SCN_0462,Stressed,Healthy,0.5565195069836301,0.4414804352540223,0.002000057762347692
BANK_026,SCN_0462,Healthy,Healthy,0.8362528106120679,0.1636883988194464,5.879056848574879e-05
BANK_027,SCN_0462,Healthy,Healthy,0.9509292467332758,0.04898664182219793,8.411144452634914e-05
BANK_028,SCN_0462,Stressed,Stressed,0.05210404381620847,0.7936592202127002,0.15423673597109133
BANK_029,SCN_0462,Stressed,Stressed,0.007635755132258769,0.9453880201610446,0.046976224706696636
BANK_030,SCN_0462,Critical,Critical,3.334356033934237e-09,0.0024067438766189864,0.9975932527890251
BANK_031,SCN_0462,Healthy,Healthy,0.9999654945641336,3.4505432058988836e-05,3.807557386345195e-12
BANK_032,SCN_0462,Healthy,Healthy,0.6270606266621558,0.3729149821233949,2.4391214449233074e-05
BANK_033,SCN_0462,Stressed,Stressed,0.017087107968322236,0.8913580661578887,0.09155482587378916
BANK_034,SCN_0462,Stressed,Stressed,0.10695864258956407,0.8892484010076984,0.003792956402737548
BANK_035,SCN_0462,Healthy,Healthy,0.9999763356978992,2.3664282681984902e-05,1.9418899024809942e-11
BANK_036,SCN_0462,Healthy,Healthy,0.9564226368420768,0.04356827170957228,9.091448350744514e-06
BANK_037,SCN_0462,Stressed,Stressed,0.2886010720631749,0.7031150625622513,0.008283865374573736
BANK_038,SCN_0462,Healthy,Healthy,0.6338101427341234,0.3656013865315392,0.0005884707343373836
BANK_039,SCN_0462,Healthy,Healthy,0.9970168865426832,0.0029831075782410055,5.879075741247789e-09
BANK_040,SCN_0462,Healthy,Healthy,0.9188362781277533,0.08116159299750689,2.1288747399959126e-06
BANK_001,SCN_0466,Healthy,Healthy,0.996935170847744,0.0030645426014942567,2.8655076190371114e-07
BANK_002,SCN_0466,Stressed,Healthy,0.5397705091451025,0.45864580129615107,0.0015836895587465075
BANK_003,SCN_0466,Healthy,Healthy,0.5154156050866283,0.48194884828127765,0.0026355466320940246
BANK_004,SCN_0466,Healthy,Healthy,0.9409871741293595,0.05898370938598509,2.9116484655418114e-05
BANK_005,SCN_0466,Healthy,Healthy,0.9995707959420078,0.0004292039024657016,1.5552651604978943e-10
BANK_006,SCN_0466,Stressed,Stressed,0.014435490579146703,0.9825539126083317,0.003010596812521603
BANK_007,SCN_0466,Healthy,Healthy,0.9993382149112079,0.000661783108682785,1.9801093223375474e-09
BANK_008,SCN_0466,Stressed,Stressed,0.08137699457746286,0.9145589880734903,0.004064017349046854
BANK_009,SCN_0466,Healthy,Healthy,0.7517272602416543,0.2479260859409476,0.0003466538173982066
BANK_010,SCN_0466,Healthy,Stressed,0.08607111723896027,0.8490657793741995,0.06486310338684019
BANK_011,SCN_0466,Healthy,Healthy,0.9651972555914395,0.034794847533004256,7.89687555613911e-06
BANK_012,SCN_0466,Healthy,Healthy,0.998744096937383,0.0012559021740544533,8.885626287085986e-10
BANK_013,SCN_0466,Critical,Critical,9.690707263309022e-10,0.0009014593037044769,0.9990985397272248
BANK_014,SCN_0466,Healthy,Stressed,0.10278243078750507,0.8622901026520158,0.03492746656047918
BANK_015,SCN_0466,Stressed,Stressed,3.670831593103818e-05,0.5318943879298064,0.4680689037542626
BANK_016,SCN_0466,Healthy,Healthy,0.9982671288345065,0.0017328677297728202,3.435720798724769e-09
BANK_017,SCN_0466,Stressed,Stressed,0.011779290271364248,0.7826835551430075,0.20553715458562827
BANK_018,SCN_0466,Healthy,Healthy,0.7725022635449448,0.2274911730134317,6.5634416234520696e-06
BANK_019,SCN_0466,Critical,Critical,2.0310801719620215e-08,0.0004056944853084961,0.9995942852038896
BANK_020,SCN_0466,Critical,Critical,3.0394664256255165e-05,0.04804405613847894,0.9519255491972647
BANK_021,SCN_0466,Critical,Stressed,0.014615182307742601,0.5997559370447667,0.38562888064749073
BANK_022,SCN_0466,Critical,Critical,1.0919004488518391e-05,0.04535220637757766,0.9546368746179337
BANK_023,SCN_0466,Healthy,Healthy,0.9811062929670769,0.01889337282425931,3.342086637562512e-07
BANK_024,SCN_0466,Healthy,Stressed,0.08816983465399791,0.9072165640815122,0.004613601264489884
BANK_025,SCN_0466,Stressed,Stressed,0.20844574667268775,0.7777161152750076,0.013838138052304667
BANK_026,SCN_0466,Healthy,Healthy,0.7330733076958655,0.2666020319296641,0.00032466037447020056
BANK_027,SCN_0466,Healthy,Healthy,0.7905155317820844,0.20806174405157402,0.0014227241663415703
BANK_028,SCN_0466,Stressed,Stressed,0.01735103780687209,0.5853942216284029,0.39725474056472493
BANK_029,SCN_0466,Stressed,Stressed,0.00140928445984935,0.8351275832543581,0.1634631322857926
BANK_030,SCN_0466,Critical,Critical,1.412629878335668e-10,0.0005925155557261502,0.9994074843030109
BANK_031,SCN_0466,Healthy,Healthy,0.9998372674117801,0.00016273251765839487,7.056145951334158e-11
BANK_032,SCN_0466,Healthy,Healthy,0.5021790187352858,0.4977125971516029,0.00010838411311138825
BANK_033,SCN_0466,Stressed,Stressed,0.0028871627338069245,0.7103910254696482,0.2867218117965449
BANK_034,SCN_0466,Healthy,Stressed,0.024484551841634887,0.9594367541558768,0.016078694002488257
BANK_035,SCN_0466,Healthy,Healthy,0.9999565936854613,4.340619402786972e-05,1.2051075074703373e-10
BANK_036,SCN_0466,Healthy,Healthy,0.9228353895623681,0.07711017054842119,5.4439889210599106e-05
BANK_037,SCN_0466,Stressed,Stressed,0.20819122470804483,0.7624153182989637,0.029393456992991552
BANK_038,SCN_0466,Stressed,Stressed,0.4676442665801527,0.529439644015149,0.0029160894046984377
BANK_039,SCN_0466,Healthy,Healthy,0.9840159052504717,0.015983968015294128,1.267342342633319e-07
BANK_040,SCN_0466,Healthy,Healthy,0.8843195250114996,0.11567057155850642,9.903429993894154e-06
BANK_001,SCN_0473,Healthy,Healthy,0.9995942491301931,0.00040574948750394,1.3823029847603817e-09
BANK_002,SCN_0473,Healthy,Healthy,0.9891600589375835,0.010839001600514321,9.394619021612979e-07
BANK_003,SCN_0473,Healthy,Healthy,0.9864550165712723,0.013543083546401984,1.8998823257205283e-06
BANK_004,SCN_0473,Healthy,Healthy,0.9994994670100213,0.0005005272662194511,5.7237593484219874e-09
BANK_005,SCN_0473,Healthy,Healthy,0.9999945695556612,5.430444289523237e-06,4.92327955304173e-14
BANK_006,SCN_0473,Stressed,Stressed,0.23360574825343647,0.7663219981226763,7.225362388731077e-05
BANK_007,SCN_0473,Healthy,Healthy,0.9999576525407696,4.234745514197693e-05,4.08826428858494e-12
BANK_008,SCN_0473,Healthy,Stressed,0.47157527474611644,0.5283431214439986,8.160380988491385e-05
BANK_009,SCN_0473,Healthy,Healthy,0.9729596716754911,0.027039050772238293,1.2775522703663345e-06
BANK_010,SCN_0473,Healthy,Healthy,0.6728023961351083,0.326427636548368,0.0007699673165237308
BANK_011,SCN_0473,Healthy,Healthy,0.9998279009062053,0.00017209826375108928,8.300438073875857e-10
BANK_012,SCN_0473,Healthy,Healthy,0.9999742711959653,2.572880354117932e-05,4.936800287136461e-13
BANK_013,SCN_0473,Critical,Critical,2.0183357985374808e-07,0.02425305744060049,0.9757467407258197
BANK_014,SCN_0473,Healthy,Healthy,0.6505446996779018,0.3489991885629523,0.00045611175914585293
BANK_015,SCN_0473,Stressed,Stressed,0.005795328669537806,0.9730915351386608,0.021113136191801486
BANK_016,SCN_0473,Healthy,Healthy,0.999979814712119,2.0185286893428618e-05,9.8731370233588e-13
BANK_017,SCN_0473,Stressed,Stressed,0.3630882428740005,0.6322185091179526,0.00469324800804695
BANK_018,SCN_0473,Healthy,Healthy,0.9960631523819348,0.003936844747820667,2.87024460480826e-09
BANK_019,SCN_0473,Critical,Critical,7.8798443993644e-06,0.012056683112816989,0.9879354370427837
BANK_020,SCN_0473,Stressed,Stressed,0.0073369244451265605,0.6130517952060971,0.3796112803487765
BANK_021,SCN_0473,Stressed,Stressed,0.17109869881079975,0.8103415820069644,0.01855971918223572
BANK_022,SCN_0473,Critical,Stressed,0.0012181748208869537,0.571667399889441,0.4271144252896721
BANK_023,SCN_0473,Healthy,Healthy,0.9998292063656651,0.0001707935631079856,7.122691056895568e-11
BANK_024,SCN_0473,Healthy,Healthy,0.9577966352532348,0.04219888673863386,4.478008131420082e-06
BANK_025,SCN_0473,Healthy,Healthy,0.9520308230244076,0.047947597323770026,2.157965182242646e-05
BANK_026,SCN_0473,Healthy,Healthy,0.9695005273154496,0.03049821213459613,1.2605499543960465e-06
BANK_027,SCN_0473,Healthy,Healthy,0.9969978930880273,0.003001601958382231,5.049535904752584e-07
BANK_028,SCN_0473,Stressed,Stressed,0.3227847080779523,0.6628221415683462,0.014393150353701615
BANK_029,SCN_0473,Stressed,Stressed,0.11412860962911213,0.8815324931610338,0.004338897209854024
BANK_030,SCN_0473,Critical,Critical,6.617365694502385e-07,0.02454320844605729,0.9754561298173733
BANK_031,SCN_0473,Healthy,Healthy,0.9999978155570658,2.18444291017098e-06,2.3935221717481043e-14
BANK_032,SCN_0473,Healthy,Healthy,0.9037072909732032,0.09629197091481025,7.381119865870578e-07
BANK_033,SCN_0473,Stressed,Stressed,0.23062574849254205,0.761606462322058,0.007767789185400007
BANK_034,SCN_0473,Healthy,Healthy,0.6549073148624301,0.34494656875280677,0.00014611638476313044
BANK_035,SCN_0473,Healthy,Healthy,0.9999961477291645,3.852270470943432e-06,3.6456686766400434e-13
BANK_036,SCN_0473,Healthy,Healthy,0.992638995347836,0.007360827511384923,1.7714077911104285e-07
BANK_037,SCN_0473,Healthy,Healthy,0.6735640027063955,0.32597805098941185,0.0004579463041927393
BANK_038,SCN_0473,Healthy,Healthy,0.9193099684190287,0.08067522475849385,1.4806822477441387e-05
BANK_039,SCN_0473,Healthy,Healthy,0.999835464089471,0.00016453587908022774,3.1448761313717244e-11
BANK_040,SCN_0473,Healthy,Healthy,0.9825004425563707,0.01749950257374624,5.486988300443046e-08
BANK_001,SCN_0476,Healthy,Healthy,0.9946230543905715,0.005376165477945849,7.801314825052253e-07
BANK_002,SCN_0476,Stressed,Stressed,0.39966108630562464,0.597139080066809,0.0031998336275662195
BANK_003,SCN_0476,Stressed,Stressed,0.3761987801264093,0.6185518743807019,0.005249345492888952
BANK_004,SCN_0476,Healthy,Healthy,0.9006531953660684,0.09927075669240176,7.604794152976114e-05
BANK_005,SCN_0476,Healthy,Healthy,0.9992455370360249,0.0007544625397093901,4.2426551664591204e-10
BANK_006,SCN_0476,Stressed,Stressed,0.008247134204873961,0.9870593450177858,0.004693520777340312
BANK_007,SCN_0476,Healthy,Healthy,0.9988369051287318,0.0011630894706199408,5.400648180652415e-09
BANK_008,SCN_0476,Stressed,Stressed,0.04785139917981716,0.945627465970761,0.006521134849421858
BANK_009,SCN_0476,Healthy,Healthy,0.6324348010894718,0.3667693583298649,0.0007958405806633883
BANK_010,SCN_0476,Healthy,Stressed,0.04901376628056812,0.850192625595421,0.10079360812401089
BANK_011,SCN_0476,Healthy,Healthy,0.9403698564348757,0.05960914872614227,2.099483898212037e-05
BANK_012,SCN_0476,Healthy,Healthy,0.9977937323545158,0.0022062652230654357,2.422418769545057e-09
BANK_013,SCN_0476,Critical,Critical,3.552385508381361e-10,0.0005810668524780099,0.9994189327922836
BANK_014,SCN_0476,Stressed,Stressed,0.05995465995180043,0.8844490543230965,0.055596285725103
BANK_015,SCN_0476,Stressed,Critical,1.6590655497537623e-05,0.4227074027449432,0.5772760065995592
BANK_016,SCN_0476,Healthy,Healthy,0.9969569314350184,0.0030430592018286335,9.363153071227312e-09
BANK_017,SCN_0476,Stressed,Stressed,0.006044020642696724,0.7061685711904008,0.2877874081669025
BANK_018,SCN_0476,Stressed,Healthy,0.6588288995440612,0.34115582552903906,1.5274926899718172e-05
BANK_019,SCN_0476,Critical,Critical,7.444149747620665e-09,0.0002614583400869421,0.9997385342157633
BANK_020,SCN_0476,Critical,Critical,1.1332232950563556e-05,0.03149728859864794,0.9684913791684016
BANK_021,SCN_0476,Stressed,Stressed,0.006888977011708646,0.49709616793179945,0.4960148550564919
BANK_022,SCN_0476,Critical,Critical,4.066988741264375e-06,0.029703231965942684,0.970292701045316
BANK_023,SCN_0476,Healthy,Healthy,0.9672464877428202,0.03275261314591881,8.991112610423255e-07
BANK_024,SCN_0476,Stressed,Stressed,0.051986911784013615,0.9405899305729793,0.007423157643006953
BANK_025,SCN_0476,Stressed,Stressed,0.12916965064121516,0.8474301402094007,0.02340020914938415
BANK_026,SCN_0476,Healthy,Healthy,0.6094977782715708,0.3897656269452915,0.0007365947831377271
BANK_027,SCN_0476,Stressed,Healthy,0.681331064360006,0.3153228032122931,0.003346132427700852
BANK_028,SCN_0476,Stressed,Critical,0.008143202658384783,0.48309615313510973,0.5087606442065055
BANK_029,SCN_0476,Stressed,Stressed,0.0007355534965927739,0.766449932710698,0.23281451379270926
BANK_030,SCN_0476,Critical,Critical,5.177800048225743e-11,0.0003818844768078062,0.9996181154714143
BANK_031,SCN_0476,Healthy,Healthy,0.9997138877836508,0.0002861120238233769,1.9252564773437e-10
BANK_032,SCN_0476,Healthy,Stressed,0.3645191210904533,0.6352661937560398,0.00021468515350703762
BANK_033,SCN_0476,Critical,Stressed,0.001419141034642231,0.6139982335928609,0.3845826253724968
BANK_034,SCN_0476,Stressed,Stressed,0.013947933991319005,0.961057642323873,0.02499442368480797
BANK_035,SCN_0476,Healthy,Healthy,0.9999236771387423,7.6322532416454e-05,3.288411275713334e-10
BANK_036,SCN_0476,Healthy,Healthy,0.8717724123692671,0.12808725109667574,0.00014033653405724696
BANK_037,SCN_0476,Stressed,Stressed,0.12780115591616104,0.8229611549771558,0.04923768910668308
BANK_038,SCN_0476,Stressed,Stressed,0.33247292549588486,0.6618696842408874,0.005657390263227684
BANK_039,SCN_0476,Healthy,Healthy,0.972230228368916,0.027769429938478914,3.4169260505899374e-07
BANK_040,SCN_0476,Healthy,Healthy,0.8129875136482995,0.18698764158456735,2.4844767133270933e-05
BANK_001,SCN_0478,Healthy,Healthy,0.9987057552687391,0.0012942187999711837,2.5931289781061298e-08
BANK_002,SCN_0478,Healthy,Healthy,0.8992706133467805,0.10066756271804857,6.182393517085908e-05
BANK_003,SCN_0478,Healthy,Healthy,0.8837242676176886,0.11616151622287488,0.00011421615943644986
BANK_004,SCN_0478,Healthy,Healthy,0.9935416268309237,0.00645782848763573,5.446814407150212e-07
BANK_005,SCN_0478,Healthy,Healthy,0.9999439825578146,5.601743858093109e-05,3.6043672372571477e-12
BANK_006,SCN_0478,Stressed,Stressed,0.05450867325334021,0.94492117076727,0.0005701559793898815
BANK_007,SCN_0478,Healthy,Healthy,0.9998057576139048,0.00019424226889923796,1.1719582482550365e-10
BANK_008,SCN_0478,Stressed,Stressed,0.19529523199758847,0.8039570672963227,0.0007477007060889991
BANK_009,SCN_0478,Healthy,Healthy,0.9000102100319756,0.09996094721628963,2.8842751734797328e-05
BANK_010,SCN_0478,Stressed,Stressed,0.2796210951441448,0.7096843688476645,0.010694536008190722
BANK_011,SCN_0478,Healthy,Healthy,0.9971183478883063,0.0028815450870749025,1.0702461866375673e-07
BANK_012,SCN_0478,Healthy,Healthy,0.9997913687889015,0.00020863118380976656,2.7288781947753397e-11
BANK_013,SCN_0478,Critical,Critical,1.0830388070721459e-08,0.004200776184787605,0.9957992129848243
BANK_014,SCN_0478,Healthy,Stressed,0.28724990533241124,0.7069756456628629,0.005774449004725801
BANK_015,SCN_0478,Stressed,Stressed,0.0004781820392504498,0.8652970209947914,0.13422479696595815
BANK_016,SCN_0478,Healthy,Healthy,0.9997828845740238,0.00021711535007439356,7.590190957187017e-11
BANK_017,SCN_0478,Stressed,Stressed,0.07093669817072631,0.8851883422462854,0.043874959582988336
BANK_018,SCN_0478,Healthy,Healthy,0.961927504515468,0.038072299462996964,1.9602153501400025e-07
BANK_019,SCN_0478,Critical,Critical,3.085008964746399e-07,0.0019785690669967687,0.9980211224321067
BANK_020,SCN_0478,Critical,Critical,0.0004806620485899032,0.20265448280241408,0.7968648551489959
BANK_021,SCN_0478,Stressed,Stressed,0.051608541479836734,0.8346821332786567,0.11370932524150655
BANK_022,SCN_0478,Critical,Critical,0.00011323328056975301,0.18340127268038992,0.8164854940390402
BANK_023,SCN_0478,Healthy,Healthy,0.997900278534751,0.002099715063087767,6.402161153603421e-09
BANK_024,SCN_0478,Healthy,Healthy,0.5612442123037876,0.43839425534225257,0.0003615323539598144
BANK_025,SCN_0478,Healthy,Healthy,0.6646767890378885,0.33426132219159266,0.0010618887705187597
BANK_026,SCN_0478,Healthy,Healthy,0.8895864489280052,0.11038574980451092,2.7801267483774463e-05
BANK_027,SCN_0478,Healthy,Healthy,0.9683390427880294,0.031622882143079414,3.8075068891248924e-05
BANK_028,SCN_0478,Stressed,Stressed,0.08352739373522049,0.806558940005925,0.10991366625885454
BANK_029,SCN_0478,Stressed,Stressed,0.01216208676598406,0.9545765087023361,0.033261404531679827
BANK_030,SCN_0478,Critical,Critical,7.493082159385335e-09,0.0034286483286807773,0.996571344178237
BANK_031,SCN_0478,Healthy,Healthy,0.9999781255303483,2.1874467959132603e-05,1.692615492309772e-12
BANK_032,SCN_0478,Healthy,Healthy,0.7262056943320105,0.27378174855185955,1.2557116129926585e-05
BANK_033,SCN_0478,Stressed,Stressed,0.027433775523594075,0.9072223884338964,0.0653438360425096
BANK_034,SCN_0478,Healthy,Stressed,0.15907701504000854,0.8384152838647465,0.002507701095244919
BANK_035,SCN_0478,Healthy,Healthy,0.999984998250827,1.5001740540467233e-05,8.632463166077188e-12
BANK_036,SCN_0478,Healthy,Healthy,0.971928671448512,0.02806722155821642,4.106993271407109e-06
BANK_037,SCN_0478,Stressed,Stressed,0.3910516872908061,0.6039585990400963,0.0049897136690977084
BANK_038,SCN_0478,Healthy,Healthy,0.7320183428777072,0.267679527006822,0.00030213011547097345
BANK_039,SCN_0478,Healthy,Healthy,0.9981068345321178,0.0018931628515677602,2.6163144448191906e-09
BANK_040,SCN_0478,Healthy,Healthy,0.9469723641937675,0.053026660467102235,9.753391301199882e-07
BANK_001,SCN_0484,Healthy,Healthy,0.9994497771716586,0.0005502204518850316,2.376456273022888e-09
BANK_002,SCN_0484,Healthy,Healthy,0.9853544916197223,0.014643899237957066,1.6091423207490335e-06
BANK_003,SCN_0484,Healthy,Healthy,0.9817170876246895,0.018279661314279307,3.2510610311195836e-06
BANK_004,SCN_0484,Healthy,Healthy,0.9993212683157577,0.000678721844283381,9.839958906468098e-09
BANK_005,SCN_0484,Healthy,Healthy,0.9999926349440545,7.365055860791997e-06,8.46531282569877e-14
BANK_006,SCN_0484,Stressed,Stressed,0.1834996273634721,0.816402783685271,9.758895125681675e-05
BANK_007,SCN_0484,Healthy,Healthy,0.9999425668891295,5.743310384104527e-05,7.029456805081616e-12
BANK_008,SCN_0484,Stressed,Stressed,0.3968540571721377,0.6030278619457626,0.00011808088209968844
BANK_009,SCN_0484,Healthy,Healthy,0.9636758779258795,0.036321946348218594,2.175725901739341e-06
BANK_010,SCN_0484,Healthy,Healthy,0.6024130765105729,0.3964015137068846,0.0011854097825426397
BANK_011,SCN_0484,Healthy,Healthy,0.9997666036603973,0.00023339491247181403,1.4271306802050154e-09
BANK_012,SCN_0484,Healthy,Healthy,0.9999651054868584,3.4894512292894305e-05,8.488499612814469e-13
BANK_013,SCN_0484,Critical,Critical,1.1798713840473518e-07,0.01922867074046738,0.9807712112723942
BANK_014,SCN_0484,Healthy,Healthy,0.5784362363723202,0.4208664326262156,0.0006973310014642494
BANK_015,SCN_0484,Stressed,Stressed,0.004255454024884781,0.9690876279662562,0.02665691800885892
BANK_016,SCN_0484,Healthy,Healthy,0.9999726237881518,2.737621015057613e-05,1.69762357068739e-12
BANK_017,SCN_0484,Stressed,Stressed,0.295528170013445,0.697903581748533,0.006568248238022075
BANK_018,SCN_0484,Healthy,Healthy,0.9946681057104093,0.005331889361263075,4.9283277542110505e-09
BANK_019,SCN_0484,Critical,Critical,4.594488279231252e-06,0.009534301368395457,0.9904611041433252
BANK_020,SCN_0484,Stressed,Stressed,0.004919111577027503,0.5574569289114792,0.43762395951149335
BANK_021,SCN_0484,Stressed,Stressed,0.13140802790987957,0.8440823876963591,0.024509584393761386
BANK_022,SCN_0484,Stressed,Stressed,0.0008062327598991714,0.5131398840886274,0.48605388315147335
BANK_023,SCN_0484,Healthy,Healthy,0.9997683742562639,0.00023162562127248824,1.2246360460104065e-10
BANK_024,SCN_0484,Healthy,Healthy,0.9436077856357421,0.05638462872052756,7.5856437304145065e-06
BANK_025,SCN_0484,Healthy,Healthy,0.9360274473178022,0.06393607129340001,3.6481388797754095e-05
BANK_026,SCN_0484,Healthy,Healthy,0.95907911259069,0.04091874325617475,2.1441531353120826e-06
BANK_027,SCN_0484,Healthy,Healthy,0.9959325434573957,0.004066589228311992,8.67314292266816e-07
BANK_028,SCN_0484,Stressed,Stressed,0.2589550789726681,0.7211905241480713,0.019854396879260564
BANK_029,SCN_0484,Stressed,Stressed,0.08664667271180176,0.9076892903028313,0.0056640369853668895
BANK_030,SCN_0484,Critical,Critical,3.8685945829189873e-07,0.01945991514628559,0.9805396979942561
BANK_031,SCN_0484,Healthy,Healthy,0.9999970373394831,2.962660475871799e-06,4.1155366360529344e-14
BANK_032,SCN_0484,Healthy,Healthy,0.8737337850048126,0.12626498794321944,1.227051968021372e-06
BANK_033,SCN_0484,Stressed,Stressed,0.18061166193245212,0.8089285043230154,0.010459833744532385
BANK_034,SCN_0484,Healthy,Healthy,0.5831795815316991,0.41659669541272193,0.0002237230555789718
BANK_035,SCN_0484,Healthy,Healthy,0.9999947753434061,5.2246559670764525e-06,6.268533571082033e-13
BANK_036,SCN_0484,Healthy,Healthy,0.9900426451765444,0.009957051035553024,3.037879025099749e-07
BANK_037,SCN_0484,Healthy,Healthy,0.6033027853090386,0.39599193662924714,0.0007052780617141973
BANK_038,SCN_0484,Healthy,Healthy,0.8936170068967554,0.10635824507055978,2.4748032684918507e-05
BANK_039,SCN_0484,Healthy,Healthy,0.9997768603294366,0.00022313961649212836,5.407137871709441e-11
BANK_040,SCN_0484,Healthy,Healthy,0.9764131567401073,0.02358674949845509,9.376143758181335e-08
BANK_001,SCN_0486,Healthy,Healthy,0.9994128010580811,0.000587196273935718,2.6679833110522484e-09
BANK_002,SCN_0486,Healthy,Healthy,0.984384997890978,0.01561319727906257,1.8048299592906708e-06
BANK_003,SCN_0486,Healthy,Healthy,0.9805115022293932,0.01948485223945762,3.6455311493019815e-06
BANK_004,SCN_0486,Healthy,Healthy,0.9992756620168494,0.000724326936189996,1.1046960799493015e-08
BANK_005,SCN_0486,Healthy,Healthy,0.9999921397118914,7.860288013492812e-06,9.504125121301096e-14
BANK_006,SCN_0486,Stressed,Stressed,0.17394846952964071,0.8259476687708319,0.000103861699527322
BANK_007,SCN_0486,Healthy,Healthy,0.9999387052475195,6.12947445883067e-05,7.89204291268191e-12
BANK_008,SCN_0486,Stressed,Stressed,0.3813840239163867,0.6184885728035049,0.00012740328010829832
BANK_009,SCN_0486,Healthy,Healthy,0.9613277364415107,0.03866982679142882,2.436767060233986e-06
BANK_010,SCN_0486,Healthy,Healthy,0.5866897751075724,0.41201408468084355,0.0012961402115842066
BANK_011,SCN_0486,Healthy,Healthy,0.9997509136134543,0.0002490847843103967,1.6022352253047008e-09
BANK_012,SCN_0486,Healthy,Healthy,0.999962759221221,3.72407778259748e-05,9.530139610135844e-13
BANK_013,SCN_0486,Critical,Critical,1.0519089221384012e-07,0.01829596678082258,0.9817039280282852
BANK_014,SCN_0486,Healthy,Healthy,0.562470409587848,0.43676829623126345,0.0007612941808884782
BANK_015,SCN_0486,Stressed,Stressed,0.003982889302739878,0.9680059169074798,0.028011193789780252
BANK_016,SCN_0486,Healthy,Healthy,0.9999707830293404,2.9216968753727668e-05,1.9059431643962712e-12
BANK_017,SCN_0486,Stressed,Stressed,0.2820641280954256,0.7108975701946408,0.007038301709933686
BANK_018,SCN_0486,Healthy,Healthy,0.9943116212699532,0.0056883731989245305,5.531122207481631e-09
BANK_019,SCN_0486,Critical,Critical,4.094233967736153e-06,0.009067488511703739,0.9909284172543283
BANK_020,SCN_0486,Stressed,Stressed,0.00450803734732457,0.5452237673098252,0.4502681953428502
BANK_021,SCN_0486,Stressed,Stressed,0.12399734018173589,0.850037214978556,0.025965444839708116
BANK_022,SCN_0486,Critical,Stressed,0.0007368575605456773,0.5005200787792944,0.4987430636601599
BANK_023,SCN_0486,Healthy,Healthy,0.9997528032797854,0.00024719658272496006,1.3748952860861405e-10
BANK_024,SCN_0486,Healthy,Healthy,0.9400428540863565,0.05994866157631855,8.484337325068764e-06
BANK_025,SCN_0486,Healthy,Healthy,0.9320164007109486,0.0679428166164872,4.0782672564072635e-05
BANK_026,SCN_0486,Healthy,Healthy,0.956447263115478,0.04355033621850908,2.400666012910034e-06
BANK_027,SCN_0486,Healthy,Healthy,0.9956601813697786,0.0043388451501458584,9.734800753250221e-07
BANK_028,SCN_0486,Stressed,Stressed,0.24640558748211397,0.7323838510064431,0.021210561511442995
BANK_029,SCN_0486,Stressed,Stressed,0.08160900730775006,0.9124016159178928,0.005989376774357024
BANK_030,SCN_0486,Critical,Critical,3.4490673081039113e-07,0.01851620677658031,0.9814834483166888
BANK_031,SCN_0486,Healthy,Healthy,0.9999968381269199,3.1618730339990636e-06,4.620571916776528e-14
BANK_032,SCN_0486,Healthy,Healthy,0.8663779120916002,0.13362072187742363,1.3660309760847089e-06
BANK_033,SCN_0486,Stressed,Stressed,0.17108610261106438,0.8177898437468664,0.011124053642069346
BANK_034,SCN_0486,Healthy,Healthy,0.5672732597840779,0.43248241398628573,0.00024432622963632624
BANK_035,SCN_0486,Healthy,Healthy,0.9999944240325473,5.5759667488462746e-06,7.037771336728308e-13
BANK_036,SCN_0486,Healthy,Healthy,0.9893801933106358,0.01061946585048085,3.408388834776786e-07
BANK_037,SCN_0486,Healthy,Healthy,0.5876057402020914,0.4116230359988876,0.0007712237990210546
BANK_038,SCN_0486,Healthy,Healthy,0.8872688597148134,0.11270355269007035,2.7587595116280523e-05
BANK_039,SCN_0486,Healthy,Healthy,0.9997618596945368,0.0002381402447572781,6.070581245184189e-11
BANK_040,SCN_0486,Healthy,Healthy,0.9748670024931139,0.02513289240624759,1.0510063838105554e-07
BANK_001,SCN_0491,Healthy,Healthy,0.9808365501928955,0.01914546503029147,1.7984776812991766e-05
BANK_002,SCN_0491,Critical,Stressed,0.0526673894834628,0.9093291601595714,0.03800345035696577
BANK_003,SCN_0491,Stressed,Stressed,0.05006875265511426,0.891558792073324,0.058372455271561714
BANK_004,SCN_0491,Stressed,Stressed,0.3804759842423881,0.6156948259988044,0.0038291897588074494
BANK_005,SCN_0491,Healthy,Healthy,0.991266528254664,0.008733433379512393,3.836582365178904e-08
BANK_006,SCN_0491,Stressed,Stressed,0.001350650710201983,0.9662838167792082,0.032365532510589885
BANK_007,SCN_0491,Healthy,Healthy,0.993993553187775,0.006006254960333497,1.918518914675988e-07
BANK_008,SCN_0491,Stressed,Stressed,0.011509118229592644,0.9452853462422529,0.043205535528154516
BANK_009,SCN_0491,Healthy,Stressed,0.2732286487036763,0.7163233304244494,0.0104480208718743
BANK_010,SCN_0491,Critical,Stressed,0.005285187746838378,0.542468900842901,0.45224591141026066
BANK_011,SCN_0491,Healthy,Stressed,0.45301914556185446,0.545352744659881,0.0016281097782645706
BANK_012,SCN_0491,Healthy,Healthy,0.9801181280004955,0.019881708205889633,1.6379361502199458e-07
BANK_013,SCN_0491,Critical,Critical,1.5009196798257622e-11,8.9638621257573e-05,0.9999103613637333
BANK_014,SCN_0491,Stressed,Stressed,0.009036929831913813,0.6918107786297937,0.2991522915382924
BANK_015,SCN_0491,Critical,Critical,2.740836481548756e-07,0.08512850593594062,0.9148712199804112
BANK_016,SCN_0491,Healthy,Healthy,0.9641849743678043,0.035814158707810795,8.669243847250656e-07
BANK_017,SCN_0491,Critical,Critical,0.00026420830839979874,0.25024065256832134,0.7494951391232789
BANK_018,SCN_0491,Stressed,Stressed,0.14561260055158623,0.8540901459836602,0.000297253464753714
BANK_019,SCN_0491,Critical,Critical,2.3176479439177236e-10,3.859567996747326e-05,0.9999614040882678
BANK_020,SCN_0491,Critical,Critical,2.919387565596006e-07,0.004631289633548329,0.9953684184276952
BANK_021,SCN_0491,Critical,Critical,0.0004760518313673907,0.132689722302557,0.8668342258660756
BANK_022,SCN_0491,Critical,Critical,1.6293559316954368e-07,0.004645798843382092,0.9953540382210246
BANK_023,SCN_0491,Stressed,Healthy,0.6793932071863676,0.32053598018675855,7.081262687369271e-05
BANK_024,SCN_0491,Stressed,Stressed,0.002575122732230516,0.9343482622335348,0.06307661503423476
BANK_025,SCN_0491,Stressed,Stressed,0.010989236293433815,0.814310356688899,0.17470040701766712
BANK_026,SCN_0491,Stressed,Stressed,0.25710387524000006,0.733597437950995,0.009298686809004884
BANK_027,SCN_0491,Healthy,Stressed,0.1397978004865584,0.7938380758959,0.06636412361754156
BANK_028,SCN_0491,Stressed,Critical,0.00038282975043064135,0.12080541206710356,0.8788117581824658
BANK_029,SCN_0491,Critical,Critical,2.4797379569181926e-05,0.2969979243744548,0.702977278245976
BANK_030,SCN_0491,Critical,Critical,4.610767176728072e-13,4.745646907767295e-05,0.9999525435304611
BANK_031,SCN_0491,Healthy,Healthy,0.9967686675918371,0.0032313155065279487,1.6901634812026946e-08
BANK_032,SCN_0491,Stressed,Stressed,0.1251499898350212,0.8729071552755044,0.0019428548894743197
BANK_033,SCN_0491,Critical,Critical,3.476734479393121e-05,0.17038748441838716,0.829577748236819
BANK_034,SCN_0491,Stressed,Stressed,0.0010654820497415706,0.8309687806627952,0.16796573728746314
BANK_035,SCN_0491,Healthy,Healthy,0.999663874537154,0.0003361157705265631,9.692319316367447e-09
BANK_036,SCN_0491,Stressed,Healthy,0.6053394523547218,0.39178764411140404,0.002872903533874336
BANK_037,SCN_0491,Stressed,Stressed,0.0300776027342623,0.6991502869001545,0.27077211036558324
BANK_038,SCN_0491,Stressed,Stressed,0.09152401889863934,0.8587871078868448,0.049688873214515844
BANK_039,SCN_0491,Healthy,Healthy,0.7286374198754373,0.2713360091249507,2.657099961203542e-05
BANK_040,SCN_0491,Healthy,Healthy,0.5498661238516875,0.4497480273580116,0.0003858487903009588
BANK_001,SCN_0492,Healthy,Healthy,0.9979954678515939,0.002004475655221761,5.6493184432670816e-08
BANK_002,SCN_0492,Healthy,Healthy,0.8520423545448289,0.1478299403237753,0.00012770513139595262
BANK_003,SCN_0492,Healthy,Healthy,0.8305590700588108,0.16920690496058025,0.00023402498060911216
BANK_004,SCN_0492,Healthy,Healthy,0.990025289158852,0.009973527571514446,1.183269633527377e-06
BANK_005,SCN_0492,Healthy,Healthy,0.9999131815608399,8.6818431302375e-05,7.857720499408605e-12
BANK_006,SCN_0492,Stressed,Stressed,0.03585437470729606,0.9633280059713467,0.0008176193213571882
BANK_007,SCN_0492,Healthy,Healthy,0.9996989769230915,0.00030102282143455625,2.554739808120105e-10
BANK_008,SCN_0492,Stressed,Stressed,0.1353421938759228,0.8635281395371222,0.0011296665869549637
BANK_009,SCN_0492,Healthy,Healthy,0.8530886393553762,0.14685175816402593,5.960248059791108e-05
BANK_010,SCN_0492,Stressed,Stressed,0.1993204316564207,0.7840598080816029,0.0166197602619764
BANK_011,SCN_0492,Healthy,Healthy,0.9955407429853596,0.004459024057009683,2.3295763079925097e-07
BANK_012,SCN_0492,Healthy,Healthy,0.9996766807624075,0.0003233191781063543,5.948606626046427e-11
BANK_013,SCN_0492,Critical,Critical,4.973828530172263e-09,0.0029900496463434872,0.997009945379828
BANK_014,SCN_0492,Stressed,Stressed,0.20582886477239049,0.7851504847425106,0.00902065048509897
BANK_015,SCN_0492,Stressed,Stressed,0.00029260503146534886,0.8206458997287035,0.1790614952398311
BANK_016,SCN_0492,Healthy,Healthy,0.9996635341739739,0.0003364656605703272,1.6545571613415094e-10
BANK_017,SCN_0492,Stressed,Stressed,0.04610656810866594,0.8917221992832315,0.062171232608102624
BANK_018,SCN_0492,Healthy,Healthy,0.9422016003905939,0.057797981021957635,4.185874484397277e-07
BANK_019,SCN_0492,Critical,Critical,1.4158721962453508e-07,0.0014074108785654391,0.998592447534215
BANK_020,SCN_0492,Critical,Critical,0.00023425939847880974,0.15307894874413566,0.8466867918573856
BANK_021,SCN_0492,Critical,Stressed,0.03239345912065784,0.8120054116828019,0.1556011291965402
BANK_022,SCN_0492,Critical,Critical,5.4850341233632196e-05,0.137692300010464,0.8622528496483023
BANK_023,SCN_0492,Healthy,Healthy,0.9967494029847376,0.003250583073863445,1.394139920939419e-08
BANK_024,SCN_0492,Healthy,Stressed,0.4520704870394884,0.5472946465208766,0.0006348664396349903
BANK_025,SCN_0492,Stressed,Healthy,0.5608795567186746,0.43716691795082807,0.0019535253304973532
BANK_026,SCN_0492,Healthy,Healthy,0.8386523277275785,0.16129053239355925,5.713987886222558e-05
BANK_027,SCN_0492,Healthy,Healthy,0.9517461349493941,0.048172279115050745,8.158593555523388e-05
BANK_028,SCN_0492,Stressed,Stressed,0.05309280658024524,0.7945933530359262,0.15231384038382859
BANK_029,SCN_0492,Stressed,Stressed,0.007775431798957496,0.9458651556315741,0.04635941256946834
BANK_030,SCN_0492,Critical,Critical,3.4404103083940545e-09,0.002439915318310538,0.997560081241279
BANK_031,SCN_0492,Healthy,Healthy,0.9999660972921298,3.390270418014749e-05,3.690064935880431e-12
BANK_032,SCN_0492,Healthy,Healthy,0.6311726609033523,0.36880354554021844,2.3793556429393722e-05
BANK_033,SCN_0492,Stressed,Stressed,0.017407327225091182,0.8922002431004011,0.09039242967450763
BANK_034,SCN_0492,Healthy,Stressed,0.1086592275839536,0.8876064150947867,0.0037343573212597595
BANK_035,SCN_0492,Healthy,Healthy,0.99997674906167,2.3250919510258505e-05,1.8819672967183604e-11
BANK_036,SCN_0492,Healthy,Healthy,0.9571513549271595,0.04283982745774754,8.817615092908612e-06
BANK_037,SCN_0492,Stressed,Stressed,0.2922654350286288,0.6996043910173747,0.008130173953996438
BANK_038,SCN_0492,Healthy,Healthy,0.6378955851338002,0.3615304271867742,0.0005739876794254931
BANK_039,SCN_0492,Healthy,Healthy,0.9970688435474979,0.0029311507545477004,5.697954490676441e-09
BANK_040,SCN_0492,Healthy,Healthy,0.9201408666088622,0.07985706728045167,2.0661106860569507e-06
BANK_001,SCN_0495,Healthy,Healthy,0.999597674878655,0.00040232375973547706,1.361609469511282e-09
BANK_002,SCN_0495,Healthy,Healthy,0.9892506388669897,0.010748435653582264,9.254794280546888e-07
BANK_003,SCN_0495,Healthy,Healthy,0.9865678979128885,0.013430230438891404,1.8716482201397943e-06
BANK_004,SCN_0495,Healthy,Healthy,0.9995036926313807,0.0004963017305419124,5.638077364658728e-09
BANK_005,SCN_0495,Healthy,Healthy,0.999994615422907,5.3845770444948394e-06,4.849560094869284e-14
BANK_006,SCN_0495,Stressed,Stressed,0.23512789903022907,0.7648004655019928,7.163546777814299e-05
BANK_007,SCN_0495,Healthy,Healthy,0.9999580102076988,4.198978827406737e-05,4.027049311281837e-12
BANK_008,SCN_0495,Healthy,Stressed,0.4736897302834321,0.5262295273997086,8.074231685924664e-05
BANK_009,SCN_0495,Healthy,Healthy,0.9731819471225336,0.02681679416738223,1.2587100841089355e-06
BANK_010,SCN_0495,Stressed,Healthy,0.6746703254119166,0.32456913084327055,0.0007605437448128945
BANK_011,SCN_0495,Healthy,Healthy,0.9998293542746167,0.00017064490776729416,8.176161740602392e-10
BANK_012,SCN_0495,Healthy,Healthy,0.9999744885051873,2.551149432644422e-05,4.862879207969759e-13
BANK_013,SCN_0495,Critical,Critical,2.048687894369963e-07,0.024409848622590956,0.9755899465086196
BANK_014,SCN_0495,Stressed,Healthy,0.6524724967163742,0.3470768898185214,0.0004506134651043284
BANK_015,SCN_0495,Stressed,Stressed,0.005845218921636054,0.9731787514142394,0.020976029664124513
BANK_016,SCN_0495,Healthy,Healthy,0.9999799852009386,2.0014798088981063e-05,9.725301350632305e-13
BANK_017,SCN_0495,Stressed,Stressed,0.36506331606300474,0.6302885638310073,0.004648120105988026
BANK_018,SCN_0495,Healthy,Healthy,0.9960962746293467,0.0039037225432928986,2.827360456455386e-09
BANK_019,SCN_0495,Critical,Critical,7.998988353759309e-06,0.012135606391428277,0.9878563946202179
BANK_020,SCN_0495,Stressed,Stressed,0.0074174950548271685,0.6145491183965532,0.37803338654861957
BANK_021,SCN_0495,Stressed,Stressed,0.17232606448765578,0.8092609804649206,0.0184129550474236
BANK_022,SCN_0495,Stressed,Stressed,0.0012320028077997616,0.573273304453244,0.42549469273895624
BANK_023,SCN_0495,Healthy,Healthy,0.9998306487064916,0.00016935122334792342,7.01604818309338e-11
BANK_024,SCN_0495,Healthy,Healthy,0.9581382058484493,0.04185738162270155,4.412528849142662e-06
BANK_025,SCN_0495,Healthy,Healthy,0.9524168431288854,0.04756189172750439,2.1265143610130593e-05
BANK_026,SCN_0495,Healthy,Healthy,0.9697503522481897,0.030248405756985047,1.241994825285581e-06
BANK_027,SCN_0495,Healthy,Healthy,0.997023177769564,0.002976324825251846,4.974051843011355e-07
BANK_028,SCN_0495,Stressed,Stressed,0.3246723379890456,0.6610671201549456,0.014260541856008746
BANK_029,SCN_0495,Stressed,Stressed,0.11499228341987448,0.880701445531916,0.0043062710482095375
BANK_030,SCN_0495,Critical,Critical,6.716865867578586e-07,0.02470182773717018,0.975297500576243
BANK_031,SCN_0495,Healthy,Healthy,0.9999978340076194,2.165992357075262e-06,2.3576823471014404e-14
BANK_032,SCN_0495,Healthy,Healthy,0.9044428995131998,0.09555637283525739,7.276515429137631e-07
BANK_033,SCN_0495,Stressed,Stressed,0.23214610011455758,0.760151982450112,0.007701917435330516
BANK_034,SCN_0495,Healthy,Healthy,0.6568224324514018,0.34303321818190563,0.000144349366692577
BANK_035,SCN_0495,Healthy,Healthy,0.9999961802667122,3.819732928767415e-06,3.5910796669580965e-13
BANK_036,SCN_0495,Healthy,Healthy,0.9927007163736288,0.007299109127194367,1.744991767833696e-07
BANK_037,SCN_0495,Stressed,Healthy,0.6754283100619811,0.32411935224567917,0.0004523376923396785
BANK_038,SCN_0495,Healthy,Healthy,0.9199370285659982,0.0800483763758661,1.4595058135773398e-05
BANK_039,SCN_0495,Healthy,Healthy,0.9998368535926188,0.0001631463764033403,3.0977900241751375e-11
BANK_040,SCN_0495,Healthy,Healthy,0.9826456853858762,0.01735426055785572,5.405626812183086e-08
BANK_001,SCN_0496,Healthy,Healthy,0.9891399308722189,0.010853558423109354,6.510704671809466e-06
BANK_002,SCN_0496,Stressed,Stressed,0.09120199728589694,0.8851743290286024,0.02362367368550076
BANK_003,SCN_0496,Critical,Stressed,0.08750150160051556,0.8758784811099593,0.03662001728952512
BANK_004,SCN_0496,Healthy,Healthy,0.5226621690039183,0.47544956767985375,0.0018882633162280768
BANK_005,SCN_0496,Healthy,Healthy,0.9950717207529896,0.0049282654218455275,1.3825164855051501e-08
BANK_006,SCN_0496,Stressed,Stressed,0.002428543894785582,0.9766810196676022,0.02089043643761215
BANK_007,SCN_0496,Healthy,Healthy,0.9966146664587616,0.0033852644899730134,6.90512654201612e-08
BANK_008,SCN_0496,Stressed,Stressed,0.020610802529694786,0.9516141958101381,0.027775001660167192
BANK_009,SCN_0496,Stressed,Stressed,0.40201150580367023,0.5924701583213292,0.005518335875000641
BANK_010,SCN_0496,Stressed,Stressed,0.011183849793376832,0.6452839859268023,0.343532164279821
BANK_011,SCN_0496,Healthy,Healthy,0.5959455849990274,0.40328557568291956,0.000768839318053057
BANK_012,SCN_0496,Healthy,Healthy,0.9887254707840422,0.01127446990210734,5.931385056173674e-08
BANK_013,SCN_0496,Critical,Critical,4.1809364806836484e-11,0.00014036422142755142,0.9998596357367632
BANK_014,SCN_0496,Stressed,Stressed,0.017883591434825246,0.7696021797612657,0.2125142288039091
BANK_015,SCN_0496,Critical,Critical,7.284255141182111e-07,0.12718098076756623,0.8728182908069195
BANK_016,SCN_0496,Healthy,Healthy,0.9795463309068726,0.020453352932567448,3.1616055986897455e-07
BANK_017,SCN_0496,Stressed,Critical,0.0006444368244626651,0.34311276684126707,0.6562427963342704
BANK_018,SCN_0496,Stressed,Stressed,0.23266810431888135,0.7671613947838775,0.00017050089724127585
BANK_019,SCN_0496,Critical,Critical,6.456187422063179e-10,6.043833551864581e-05,0.9999395610188627
BANK_020,SCN_0496,Critical,Critical,8.111343779703594e-07,0.00723349410586399,0.9927656947597582
BANK_021,SCN_0496,Critical,Critical,0.0012325397525995076,0.19312082847482073,0.8056466317725797
BANK_022,SCN_0496,Critical,Critical,4.527031987637656e-07,0.007256097911192686,0.9927434493856085
BANK_023,SCN_0496,Stressed,Healthy,0.790355121557056,0.20961530692438612,2.9571518557975472e-05
BANK_024,SCN_0496,Stressed,Stressed,0.004678186152132822,0.9541869754334097,0.04113483841445753
BANK_025,SCN_0496,Stressed,Stressed,0.02067748337717147,0.8613214493124149,0.11800106731041358
BANK_026,SCN_0496,Stressed,Stressed,0.3821248281252248,0.6129140476216104,0.004961124253164852
BANK_027,SCN_0496,Stressed,Stressed,0.22922574911441174,0.7317119090751306,0.039062341810457694
BANK_028,SCN_0496,Critical,Critical,0.000997570173518963,0.1769576336168746,0.8220447962096065
BANK_029,SCN_0496,Stressed,Critical,5.913580577982464e-05,0.39814684522034555,0.6017940189738746
BANK_030,SCN_0496,Critical,Critical,1.284398170238963e-12,7.431338483596258e-05,0.9999256866138796
BANK_031,SCN_0496,Healthy,Healthy,0.9981809658305252,0.0018190280936467536,6.075827988060317e-09
BANK_032,SCN_0496,Stressed,Stressed,0.20298624773946286,0.7958825558674453,0.0011311963930919547
BANK_033,SCN_0496,Stressed,Critical,8.832884369791451e-05,0.24334019250197178,0.7565714786543304
BANK_034,SCN_0496,Critical,Stressed,0.002016117417427164,0.8838926597929392,0.11409122278963374
BANK_035,SCN_0496,Healthy,Healthy,0.9998110243073277,0.00018897221287880167,3.4797936149420602e-09
BANK_036,SCN_0496,Stressed,Healthy,0.7323151506249188,0.26643723050917384,0.0012476188659072626
BANK_037,SCN_0496,Stressed,Stressed,0.05780836824156796,0.7553759746825335,0.18681565707589862
BANK_038,SCN_0496,Stressed,Stressed,0.15456997614882584,0.8153061336234573,0.03012389022771691
BANK_039,SCN_0496,Healthy,Healthy,0.8268920308688584,0.17309714465023937,1.0824480902166245e-05
BANK_040,SCN_0496,Healthy,Healthy,0.6849128871345536,0.3149145857479146,0.000172527117531966
BANK_001,SCN_0498,Healthy,Healthy,0.9830264875601273,0.016959042093309878,1.4470346562634442e-05
BANK_002,SCN_0498,Stressed,Stressed,0.059386010671021096,0.9062130193181249,0.03440097001085402
BANK_003,SCN_0498,Healthy,Stressed,0.05658043269908911,0.890463862282357,0.05295570501855398
BANK_004,SCN_0498,Healthy,Stressed,0.41012065488731797,0.5865657718081182,0.00331357330456379
BANK_005,SCN_0498,Healthy,Healthy,0.9922732933321826,0.007726675836598837,3.0831218429229185e-08
BANK_006,SCN_0498,Stressed,Stressed,0.0015324612566106062,0.968987061476607,0.02948047726678243
BANK_007,SCN_0498,Healthy,Healthy,0.9946876541206986,0.005312191753784463,1.5412551691431863e-07
BANK_008,SCN_0498,Stressed,Stressed,0.01305388623628439,0.9476053791221146,0.03934073464160092
BANK_009,SCN_0498,Stressed,Stressed,0.29870145096303763,0.6921289482060141,0.009169600830948298
BANK_010,SCN_0498,Critical,Stressed,0.0062340423365796135,0.5655239384706989,0.4282420191927214
BANK_011,SCN_0498,Healthy,Stressed,0.4838277626247784,0.5147763087467754,0.001395928628446253
BANK_012,SCN_0498,Healthy,Healthy,0.9823872145431364,0.017612653659552863,1.3179731077652758e-07
BANK_013,SCN_0498,Critical,Critical,1.8695979437708563e-11,9.868536628716234e-05,0.9999013146150166
BANK_014,SCN_0498,Stressed,Stressed,0.010500296669579615,0.710452101620417,0.27904760171000326
BANK_015,SCN_0498,Critical,Critical,3.3850267120218356e-07,0.09292248273253619,0.9070771787647924
BANK_016,SCN_0498,Healthy,Healthy,0.9682135576641829,0.03178574346433316,6.988714839055357e-07
BANK_017,SCN_0498,Critical,Critical,0.00032098189557626465,0.2686944838140517,0.7309845342903721
BANK_018,SCN_0498,Stressed,Stressed,0.16166273693288968,0.8380723257126718,0.00026493735443853676
BANK_019,SCN_0498,Critical,Critical,2.886958051271811e-10,4.249115374665382e-05,0.9999575085575574
BANK_020,SCN_0498,Critical,Critical,3.63482457040231e-07,0.005096364276927025,0.994903272240616
BANK_021,SCN_0498,Critical,Critical,0.0005850876536569807,0.1441354467541693,0.8552794655921736
BANK_022,SCN_0498,Critical,Critical,2.0286496259105168e-07,0.005112323181825796,0.9948874739532115
BANK_023,SCN_0498,Stressed,Healthy,0.7056811578337506,0.29425979441977995,5.904774646947769e-05
BANK_024,SCN_0498,Stressed,Stressed,0.0029295577214280134,0.939463104325433,0.057607337953139055
BANK_025,SCN_0498,Stressed,Stressed,0.012617574694605069,0.8263521296240627,0.1610302956813322
BANK_026,SCN_0498,Stressed,Stressed,0.2816214487835687,0.710201738944638,0.008176812271793269
BANK_027,SCN_0498,Stressed,Stressed,0.1562528730199548,0.7841992424458061,0.059547884534239204
BANK_028,SCN_0498,Critical,Critical,0.00047108200109762525,0.1313844725014683,0.868144445497434
BANK_029,SCN_0498,Critical,Critical,2.9989570059176262e-05,0.3174568362411777,0.6825131741887631
BANK_030,SCN_0498,Critical,Critical,5.743356990103318e-13,5.224621828701709e-05,0.9999477537811386
BANK_031,SCN_0498,Healthy,Healthy,0.9971429929527763,0.002856993473560152,1.3573663502735356e-08
BANK_032,SCN_0498,Stressed,Stressed,0.13933299833113935,0.8589305254906602,0.0017364761782004857
BANK_033,SCN_0498,Critical,Critical,4.257523788338835e-05,0.18441237856957893,0.8155450461925379
BANK_034,SCN_0498,Stressed,Stressed,0.00122421410680092,0.8438451712850062,0.15493061460819282
BANK_035,SCN_0498,Healthy,Healthy,0.9997029127290772,0.00029707948966200697,7.781260845349195e-09
BANK_036,SCN_0498,Healthy,Healthy,0.6345823047529584,0.36299992336431236,0.0024177718827292703
BANK_037,SCN_0498,Stressed,Stressed,0.03475653883703798,0.7140533526829799,0.25119010847998224
BANK_038,SCN_0498,Stressed,Stressed,0.10278602546667595,0.8524154778614018,0.04479849667192215
BANK_039,SCN_0498,Healthy,Healthy,0.7523572920083131,0.24762068248755575,2.202550413103939e-05
BANK_040,SCN_0498,Healthy,Healthy,0.5802265204425461,0.41944661859532867,0.0003268609621251935
