bank_id,scenario_id,actual_condition,predicted_condition,prob_healthy,prob_stressed,prob_critical
BANK_001,SCN_0001,Healthy,Healthy,0.9731102,0.02681387,7.590842e-05
BANK_002,SCN_0001,Healthy,Healthy,0.64088136,0.35855737,0.0005612601
BANK_003,SCN_0001,Healthy,Stressed,0.42709008,0.5710789,0.0018310258
BANK_004,SCN_0001,Stressed,Healthy,0.769031,0.23084307,0.00012595103
BANK_005,SCN_0001,Healthy,Healthy,0.9995757,0.00041401433,1.0302491e-05
BANK_006,SCN_0001,Stressed,Stressed,0.00015363809,0.9997689,7.748266e-05
BANK_007,SCN_0001,Healthy,Healthy,0.99964726,0.00034232595,1.0418479e-05
BANK_008,SCN_0001,Stressed,Stressed,0.00094301894,0.99850935,0.00054759835
BANK_009,SCN_0001,Healthy,Healthy,0.5470913,0.45271772,0.00019094323
BANK_010,SCN_0001,Stressed,Stressed,0.04652247,0.8756363,0.077841215
BANK_011,SCN_0001,Healthy,Healthy,0.89683175,0.103077136,9.1105285e-05
BANK_012,SCN_0001,Healthy,Healthy,0.9997404,0.00025131358,8.281861e-06
BANK_013,SCN_0001,Critical,Critical,1.2557878e-05,0.00047786676,0.9995096
BANK_014,SCN_0001,Stressed,Stressed,0.10954731,0.8758565,0.014596153
BANK_015,SCN_0001,Stressed,Critical,0.00018327213,0.2964372,0.7033796
BANK_016,SCN_0001,Healthy,Healthy,0.9997595,0.00023486472,5.6608524e-06
BANK_017,SCN_0001,Stressed,Stressed,0.0067492635,0.67441845,0.31883228
BANK_018,SCN_0001,Stressed,Stressed,0.008035208,0.9918828,8.191258e-05
BANK_019,SCN_0001,Critical,Critical,3.3947963e-05,0.00050368113,0.9994624
BANK_020,SCN_0001,Critical,Critical,0.0001484383,0.06875851,0.93109304
BANK_021,SCN_0001,Critical,Critical,0.0010355724,0.31839204,0.6805724
BANK_022,SCN_0001,Critical,Critical,0.0002883096,0.11847275,0.88123894
BANK_023,SCN_0001,Healthy,Healthy,0.9695469,0.030411793,4.1272477e-05
BANK_024,SCN_0001,Stressed,Stressed,0.002478851,0.99718374,0.00033733324
BANK_025,SCN_0001,Stressed,Stressed,0.2789252,0.7185437,0.0025311243
BANK_026,SCN_0001,Healthy,Healthy,0.6136466,0.38617578,0.00017757705
BANK_027,SCN_0001,Healthy,Stressed,0.40381214,0.5954921,0.0006957447
BANK_028,SCN_0001,Critical,Critical,0.00030658997,0.22676699,0.77292645
BANK_029,SCN_0001,Stressed,Stressed,0.0013404023,0.71998465,0.27867496
BANK_030,SCN_0001,Critical,Critical,2.3394945e-05,0.0003695213,0.99960715
BANK_031,SCN_0001,Healthy,Healthy,0.99964654,0.0003435405,9.854091e-06
BANK_032,SCN_0001,Healthy,Healthy,0.9202868,0.07966131,5.1947773e-05
BANK_033,SCN_0001,Critical,Stressed,0.003793786,0.67425025,0.32195598
BANK_034,SCN_0001,Stressed,Stressed,0.17716478,0.8147455,0.008089781
BANK_035,SCN_0001,Healthy,Healthy,0.99957496,0.00041392856,1.1115722e-05
BANK_036,SCN_0001,Stressed,Healthy,0.7497355,0.25007784,0.0001866571
BANK_037,SCN_0001,Stressed,Stressed,0.07720326,0.9046942,0.01810254
BANK_038,SCN_0001,Stressed,Stressed,0.03631945,0.9625353,0.0011452173
BANK_039,SCN_0001,Healthy,Healthy,0.99735343,0.002615564,3.1009266e-05
BANK_040,SCN_0001,Healthy,Healthy,0.9067288,0.09318891,8.2259234e-05
BANK_001,SCN_0003,Healthy,Healthy,0.9999218,7.6511154e-05,1.731023e-06
BANK_002,SCN_0003,Healthy,Healthy,0.99774134,0.0022536656,4.9635732e-06
BANK_003,SCN_0003,Healthy,Healthy,0.9967693,0.0032255955,5.10512e-06
BANK_004,SCN_0003,Healthy,Healthy,0.99939966,0.00059921667,1.080323e-06
BANK_005,SCN_0003,Healthy,Healthy,0.99998116,1.8306673e-05,5.133553e-07
BANK_006,SCN_0003,Stressed,Stressed,0.0023194912,0.9976603,2.0240339e-05
BANK_007,SCN_0003,Healthy,Healthy,0.99997854,2.0660966e-05,8.508011e-07
BANK_008,SCN_0003,Stressed,Stressed,0.3517952,0.64797205,0.00023273317
BANK_009,SCN_0003,Healthy,Healthy,0.99916935,0.0008274072,3.2458652e-06
BANK_010,SCN_0003,Stressed,Healthy,0.54590714,0.45335022,0.0007426786
BANK_011,SCN_0003,Healthy,Healthy,0.99991107,8.813687e-05,7.527488e-07
BANK_012,SCN_0003,Healthy,Healthy,0.99998677,1.2824363e-05,4.268587e-07
BANK_013,SCN_0003,Critical,Critical,8.4193554e-05,0.0003022803,0.9996136
BANK_014,SCN_0003,Healthy,Healthy,0.9440934,0.055768564,0.0001380054
BANK_015,SCN_0003,Stressed,Stressed,0.0010716687,0.9964831,0.0024452026
BANK_016,SCN_0003,Healthy,Healthy,0.9999862,1.3545697e-05,2.5362576e-07
BANK_017,SCN_0003,Healthy,Stressed,0.15943275,0.8394268,0.0011404277
BANK_018,SCN_0003,Healthy,Healthy,0.9995172,0.00048176263,1.0265244e-06
BANK_019,SCN_0003,Critical,Critical,0.00014662316,0.00025427958,0.99959916
BANK_020,SCN_0003,Stressed,Critical,0.0019318317,0.36535725,0.6327109
BANK_021,SCN_0003,Stressed,Stressed,0.0319036,0.9660357,0.0020606774
BANK_022,SCN_0003,Stressed,Critical,0.0014169053,0.3372484,0.6613347
BANK_023,SCN_0003,Healthy,Healthy,0.9999263,7.260417e-05,1.0130877e-06
BANK_024,SCN_0003,Healthy,Healthy,0.9980653,0.0019248873,9.83115e-06
BANK_025,SCN_0003,Healthy,Healthy,0.9672318,0.032732513,3.564989e-05
BANK_026,SCN_0003,Healthy,Healthy,0.9993542,0.0006428625,2.99476e-06
BANK_027,SCN_0003,Healthy,Healthy,0.9988937,0.0011032629,3.118696e-06
BANK_028,SCN_0003,Stressed,Stressed,0.01034512,0.98744154,0.002213357
BANK_029,SCN_0003,Stressed,Stressed,0.038348105,0.96086425,0.00078763056
BANK_030,SCN_0003,Critical,Critical,0.00010179775,0.00026011083,0.9996381
BANK_031,SCN_0003,Healthy,Healthy,0.999979,2.0540308e-05,4.2203771e-07
BANK_032,SCN_0003,Healthy,Healthy,0.9998703,0.0001286349,1.0967129e-06
BANK_033,SCN_0003,Stressed,Stressed,0.056544345,0.9408908,0.0025647993
BANK_034,SCN_0003,Healthy,Healthy,0.99152815,0.008450656,2.122349e-05
BANK_035,SCN_0003,Healthy,Healthy,0.9999764,2.3067836e-05,4.786526e-07
BANK_036,SCN_0003,Healthy,Healthy,0.9995509,0.00044737116,1.7458694e-06
BANK_037,SCN_0003,Healthy,Healthy,0.8269481,0.17263332,0.0004185798
BANK_038,SCN_0003,Healthy,Healthy,0.9946308,0.0053600967,9.095845e-06
BANK_039,SCN_0003,Healthy,Healthy,0.9999664,3.2733627e-05,8.741921e-07
BANK_040,SCN_0003,Healthy,Healthy,0.99981457,0.00018371889,1.7612152e-06
BANK_001,SCN_0010,Healthy,Healthy,0.970111,0.029768849,0.000120173514
BANK_002,SCN_0010,Stressed,Healthy,0.6037611,0.39499268,0.0012462896
BANK_003,SCN_0010,Healthy,Stressed,0.3503527,0.6445494,0.005097857
BANK_004,SCN_0010,Healthy,Healthy,0.7093553,0.29035437,0.00029034744
BANK_005,SCN_0010,Healthy,Healthy,0.99946827,0.00051013014,2.1649053e-05
BANK_006,SCN_0010,Stressed,Stressed,0.00011709734,0.99973637,0.00014649848
BANK_007,SCN_0010,Healthy,Healthy,0.99948716,0.0004847359,2.8128663e-05
BANK_008,SCN_0010,Stressed,Stressed,0.00078468805,0.99796546,0.0012499319
BANK_009,SCN_0010,Healthy,Healthy,0.5123664,0.48732314,0.00031046063
BANK_010,SCN_0010,Stressed,Stressed,0.03609916,0.787877,0.17602378
BANK_011,SCN_0010,Healthy,Healthy,0.8436326,0.15614766,0.00021974782
BANK_012,SCN_0010,Healthy,Healthy,0.9996656,0.00032127576,1.3158581e-05
BANK_013,SCN_0010,Critical,Critical,8.113337e-06,0.00034972953,0.99964213
BANK_014,SCN_0010,Stressed,Stressed,0.099308245,0.8275636,0.07312818
BANK_015,SCN_0010,Stressed,Critical,8.551149e-05,0.14155906,0.8583554
BANK_016,SCN_0010,Healthy,Healthy,0.9996735,0.0003154265,1.11446825e-05
BANK_017,SCN_0010,Stressed,Critical,0.0043956046,0.43172324,0.56388116
BANK_018,SCN_0010,Stressed,Stressed,0.007821692,0.9920358,0.00014252559
BANK_019,SCN_0010,Critical,Critical,1.2183317e-05,0.00019375634,0.99979407
BANK_020,SCN_0010,Critical,Critical,7.0461065e-05,0.034169894,0.9657597
BANK_021,SCN_0010,Critical,Critical,0.00059934723,0.18137632,0.81802434
BANK_022,SCN_0010,Critical,Critical,0.00013729717,0.06460357,0.93525916
BANK_023,SCN_0010,Healthy,Healthy,0.95746875,0.04239931,0.00013187587
BANK_024,SCN_0010,Stressed,Stressed,0.0020181367,0.9974794,0.00050246535
BANK_025,SCN_0010,Stressed,Stressed,0.24540554,0.74781954,0.006774887
BANK_026,SCN_0010,Healthy,Healthy,0.5783671,0.42129958,0.00033329212
BANK_027,SCN_0010,Healthy,Stressed,0.34235138,0.65537316,0.0022754504
BANK_028,SCN_0010,Stressed,Critical,0.00018035606,0.15116769,0.84865195
BANK_029,SCN_0010,Critical,Critical,0.0007395378,0.33706933,0.66219115
BANK_030,SCN_0010,Critical,Critical,7.2095468e-06,0.0001314155,0.99986136
BANK_031,SCN_0010,Healthy,Healthy,0.9995622,0.00041737786,2.0404712e-05
BANK_032,SCN_0010,Healthy,Healthy,0.8592322,0.14062619,0.00014162208
BANK_033,SCN_0010,Critical,Critical,0.001653255,0.2821212,0.7162255
BANK_034,SCN_0010,Stressed,Stressed,0.17253186,0.81138057,0.016087541
BANK_035,SCN_0010,Healthy,Healthy,0.99949646,0.0004782179,2.5323867e-05
BANK_036,SCN_0010,Healthy,Healthy,0.72944826,0.2701866,0.00036519568
BANK_037,SCN_0010,Healthy,Stressed,0.08912047,0.87811327,0.03276627
BANK_038,SCN_0010,Stressed,Stressed,0.028016685,0.9694689,0.0025144177
BANK_039,SCN_0010,Healthy,Healthy,0.99674547,0.0031981762,5.633126e-05
BANK_040,SCN_0010,Healthy,Healthy,0.87544286,0.1243563,0.00020085079
BANK_001,SCN_0012,Healthy,Healthy,0.99993014,6.85317e-05,1.3674788e-06
BANK_002,SCN_0012,Healthy,Healthy,0.99858886,0.0014084958,2.593046e-06
BANK_003,SCN_0012,Healthy,Healthy,0.9977405,0.0022568037,2.6406833e-06
BANK_004,SCN_0012,Healthy,Healthy,0.99955314,0.00044629662,5.76848e-07
BANK_005,SCN_0012,Healthy,Healthy,0.99998343,1.6231787e-05,3.5484024e-07
BANK_006,SCN_0012,Stressed,Stressed,0.0028844234,0.9971011,1.4423148e-05
BANK_007,SCN_0012,Healthy,Healthy,0.99998546,1.3939002e-05,5.745894e-07
BANK_008,SCN_0012,Healthy,Healthy,0.98117673,0.018808192,1.5073459e-05
BANK_009,SCN_0012,Healthy,Healthy,0.99947435,0.00052361365,2.056332e-06
BANK_010,SCN_0012,Healthy,Healthy,0.8392477,0.16056406,0.000188295
BANK_011,SCN_0012,Healthy,Healthy,0.9999471,5.2552277e-05,4.119926e-07
BANK_012,SCN_0012,Healthy,Healthy,0.9999813,1.8307393e-05,4.3170354e-07
BANK_013,SCN_0012,Critical,Critical,3.3712335e-05,0.00037085038,0.99959546
BANK_014,SCN_0012,Healthy,Healthy,0.9902418,0.009724404,3.3797412e-05
BANK_015,SCN_0012,Stressed,Stressed,0.00043672108,0.99816376,0.0013995648
BANK_016,SCN_0012,Healthy,Healthy,0.9999907,9.076282e-06,1.7587752e-07
BANK_017,SCN_0012,Stressed,Stressed,0.06500809,0.9344982,0.0004937657
BANK_018,SCN_0012,Healthy,Healthy,0.9998054,0.00019405367,5.600654e-07
BANK_019,SCN_0012,Critical,Critical,6.7651934e-05,0.00029975752,0.9996326
BANK_020,SCN_0012,Stressed,Stressed,0.00056853105,0.9481426,0.05128886
BANK_021,SCN_0012,Stressed,Stressed,0.0038701573,0.9953022,0.00082763156
BANK_022,SCN_0012,Stressed,Stressed,0.0006507647,0.58840686,0.41094238
BANK_023,SCN_0012,Healthy,Healthy,0.9999455,5.372717e-05,7.199788e-07
BANK_024,SCN_0012,Healthy,Healthy,0.99886656,0.0011292305,4.259207e-06
BANK_025,SCN_0012,Healthy,Healthy,0.9845946,0.015391151,1.426056e-05
BANK_026,SCN_0012,Healthy,Healthy,0.9995951,0.00040316232,1.7384052e-06
BANK_027,SCN_0012,Healthy,Healthy,0.99940145,0.0005967869,1.7697882e-06
BANK_028,SCN_0012,Stressed,Stressed,0.0045832773,0.994494,0.0009226601
BANK_029,SCN_0012,Stressed,Stressed,0.110011175,0.8894606,0.00052816374
BANK_030,SCN_0012,Critical,Critical,7.441725e-05,0.00041335446,0.9995122
BANK_031,SCN_0012,Healthy,Healthy,0.99998283,1.6881904e-05,2.6987598e-07
BANK_032,SCN_0012,Healthy,Healthy,0.999879,0.00012005689,9.09194e-07
BANK_033,SCN_0012,Stressed,Stressed,0.0741281,0.9242602,0.001611627
BANK_034,SCN_0012,Healthy,Healthy,0.9970439,0.0029483354,7.705317e-06
BANK_035,SCN_0012,Healthy,Healthy,0.9999838,1.5893813e-05,2.7864385e-07
BANK_036,SCN_0012,Healthy,Healthy,0.9997588,0.00024026803,9.2315855e-07
BANK_037,SCN_0012,Healthy,Healthy,0.9302549,0.06958004,0.00016507514
BANK_038,SCN_0012,Healthy,Healthy,0.9990847,0.00091262563,2.696083e-06
BANK_039,SCN_0012,Healthy,Healthy,0.99995744,4.1858188e-05,7.5703707e-07
BANK_040,SCN_0012,Healthy,Healthy,0.99983513,0.00016359486,1.2660934e-06
BANK_001,SCN_0016,Healthy,Healthy,0.94691133,0.052771397,0.00031726554
BANK_002,SCN_0016,Stressed,Stressed,0.2630144,0.7326857,0.0042998493
BANK_003,SCN_0016,Stressed,Stressed,0.18580581,0.77196914,0.042225078
BANK_004,SCN_0016,Healthy,Stressed,0.4355529,0.56393796,0.00050910754
BANK_005,SCN_0016,Healthy,Healthy,0.9991793,0.0007857579,3.488238e-05
BANK_006,SCN_0016,Stressed,Stressed,0.00018867773,0.9989513,0.0008599282
BANK_007,SCN_0016,Healthy,Healthy,0.9990508,0.0009039794,4.5203455e-05
BANK_008,SCN_0016,Stressed,Stressed,0.00076258305,0.98644805,0.012789377
BANK_009,SCN_0016,Stressed,Stressed,0.46208823,0.5373947,0.00051705044
BANK_010,SCN_0016,Critical,Critical,0.003289536,0.26619688,0.7305136
BANK_011,SCN_0016,Stressed,Healthy,0.7562204,0.24344064,0.00033891088
BANK_012,SCN_0016,Healthy,Healthy,0.9995448,0.00043180044,2.3379569e-05
BANK_013,SCN_0016,Critical,Critical,7.6219776e-06,0.00028729744,0.999705
BANK_014,SCN_0016,Stressed,Critical,0.009395746,0.42958832,0.5610159
BANK_015,SCN_0016,Critical,Critical,0.00011596933,0.36508232,0.63480175
BANK_016,SCN_0016,Healthy,Healthy,0.9994018,0.00058017136,1.7983353e-05
BANK_017,SCN_0016,Critical,Critical,0.00181665,0.3453356,0.65284777
BANK_018,SCN_0016,Stressed,Stressed,0.002760911,0.99708325,0.00015579231
BANK_019,SCN_0016,Critical,Critical,1.9578849e-05,0.00033421596,0.9996462
BANK_020,SCN_0016,Critical,Critical,2.543753e-05,0.00538089,0.9945937
BANK_021,SCN_0016,Stressed,Critical,0.0003602463,0.13056538,0.86907434
BANK_022,SCN_0016,Critical,Critical,8.6804735e-05,0.015505818,0.9844074
BANK_023,SCN_0016,Stressed,Stressed,0.2158208,0.7838748,0.0003043753
BANK_024,SCN_0016,Stressed,Stressed,0.0014913068,0.9963702,0.0021384936
BANK_025,SCN_0016,Stressed,Stressed,0.12062413,0.80715567,0.07222026
BANK_026,SCN_0016,Stressed,Healthy,0.58585477,0.41364664,0.00049856433
BANK_027,SCN_0016,Stressed,Stressed,0.22000599,0.7756928,0.0043012025
BANK_028,SCN_0016,Stressed,Critical,0.000163184,0.13515934,0.8646775
BANK_029,SCN_0016,Critical,Critical,0.00056823384,0.25867862,0.7407532
BANK_030,SCN_0016,Critical,Critical,1.1381567e-05,0.00017845583,0.99981016
BANK_031,SCN_0016,Healthy,Healthy,0.9992908,0.00067527784,3.384839e-05
BANK_032,SCN_0016,Stressed,Stressed,0.4433644,0.55622303,0.00041255765
BANK_033,SCN_0016,Critical,Critical,0.0009163415,0.23431088,0.7647728
BANK_034,SCN_0016,Stressed,Stressed,0.019600581,0.6786923,0.30170712
BANK_035,SCN_0016,Healthy,Healthy,0.999313,0.00064859155,3.8371545e-05
BANK_036,SCN_0016,Healthy,Healthy,0.54687524,0.4524929,0.0006318733
BANK_037,SCN_0016,Stressed,Critical,0.013982447,0.29129672,0.6947208
BANK_038,SCN_0016,Stressed,Stressed,0.004223366,0.98644197,0.0093346005
BANK_039,SCN_0016,Healthy,Healthy,0.9632758,0.036512777,0.00021141992
BANK_040,SCN_0016,Healthy,Healthy,0.64450765,0.35506585,0.00042646972
BANK_001,SCN_0019,Healthy,Healthy,0.9993401,0.0006505314,9.380408e-06
BANK_002,SCN_0019,Healthy,Healthy,0.9395596,0.060327552,0.00011284901
BANK_003,SCN_0019,Healthy,Healthy,0.681969,0.31742802,0.0006030003
BANK_004,SCN_0019,Healthy,Healthy,0.9592798,0.040676888,4.340342e-05
BANK_005,SCN_0019,Healthy,Healthy,0.9999299,6.7006484e-05,3.0247372e-06
BANK_006,SCN_0019,Stressed,Stressed,0.0003274524,0.9996493,2.3227149e-05
BANK_007,SCN_0019,Healthy,Healthy,0.9999391,5.8107064e-05,2.7748176e-06
BANK_008,SCN_0019,Stressed,Stressed,0.0015164983,0.9983608,0.00012264118
BANK_009,SCN_0019,Healthy,Healthy,0.9856258,0.0143374065,3.682512e-05
BANK_010,SCN_0019,Stressed,Stressed,0.045096397,0.9511257,0.0037779368
BANK_011,SCN_0019,Healthy,Healthy,0.99894065,0.001052597,6.726493e-06
BANK_012,SCN_0019,Healthy,Healthy,0.99990857,8.797642e-05,3.4607076e-06
BANK_013,SCN_0019,Critical,Critical,1.1008437e-05,0.00024688695,0.9997421
BANK_014,SCN_0019,Stressed,Stressed,0.2392537,0.75904983,0.0016964477
BANK_015,SCN_0019,Stressed,Stressed,0.00021205444,0.9469916,0.052796297
BANK_016,SCN_0019,Healthy,Healthy,0.99991584,8.214688e-05,2.0142393e-06
BANK_017,SCN_0019,Stressed,Stressed,0.003980225,0.95536923,0.040650573
BANK_018,SCN_0019,Healthy,Healthy,0.9920359,0.007950176,1.3905343e-05
BANK_019,SCN_0019,Critical,Critical,2.5889063e-05,0.00029598613,0.99967813
BANK_020,SCN_0019,Critical,Critical,0.0001585433,0.09191912,0.9079224
BANK_021,SCN_0019,Stressed,Stressed,0.0018149981,0.7819417,0.21624327
BANK_022,SCN_0019,Stressed,Critical,0.00015108405,0.064349055,0.9354999
BANK_023,SCN_0019,Healthy,Healthy,0.99903595,0.00095791667,6.1117694e-06
BANK_024,SCN_0019,Healthy,Healthy,0.8776807,0.12192227,0.00039703542
BANK_025,SCN_0019,Healthy,Stressed,0.4565996,0.542591,0.00080944406
BANK_026,SCN_0019,Healthy,Healthy,0.98431754,0.015649315,3.310207e-05
BANK_027,SCN_0019,Healthy,Healthy,0.9640043,0.035901375,9.4322066e-05
BANK_028,SCN_0019,Critical,Stressed,0.00039311894,0.9792269,0.020380016
BANK_029,SCN_0019,Critical,Stressed,0.00089369697,0.99374604,0.0053602057
BANK_030,SCN_0019,Critical,Critical,1.7819126e-05,0.00033912147,0.9996431
BANK_031,SCN_0019,Healthy,Healthy,0.99989295,0.00010348037,3.537127e-06
BANK_032,SCN_0019,Healthy,Healthy,0.9983758,0.0016174812,6.72664e-06
BANK_033,SCN_0019,Stressed,Stressed,0.0066991574,0.9574632,0.035837628
BANK_034,SCN_0019,Healthy,Stressed,0.35338104,0.64531505,0.0013039116
BANK_035,SCN_0019,Healthy,Healthy,0.99989986,9.698692e-05,3.1446395e-06
BANK_036,SCN_0019,Healthy,Healthy,0.992922,0.007055605,2.2393931e-05
BANK_037,SCN_0019,Healthy,Stressed,0.09745879,0.89941984,0.0031214177
BANK_038,SCN_0019,Healthy,Healthy,0.79487735,0.20490989,0.00021272484
BANK_039,SCN_0019,Healthy,Healthy,0.99957484,0.00041732265,7.809871e-06
BANK_040,SCN_0019,Healthy,Healthy,0.9986627,0.0013236409,1.3690664e-05
BANK_001,SCN_0023,Healthy,Healthy,0.8744268,0.1253461,0.00022713393
BANK_002,SCN_0023,Stressed,Healthy,0.7403704,0.22012922,0.03950039
BANK_003,SCN_0023,Healthy,Stressed,0.2762744,0.46945575,0.25426987
BANK_004,SCN_0023,Stressed,Stressed,0.41905093,0.58001184,0.0009372564
BANK_005,SCN_0023,Healthy,Healthy,0.9993493,0.0005988612,5.1785857e-05
BANK_006,SCN_0023,Stressed,Stressed,0.0002386131,0.9936341,0.006127226
BANK_007,SCN_0023,Healthy,Healthy,0.9993363,0.0006059717,5.7672016e-05
BANK_008,SCN_0023,Stressed,Critical,0.0008075215,0.31324416,0.6859483
BANK_009,SCN_0023,Healthy,Healthy,0.8155039,0.18414035,0.0003557549
BANK_010,SCN_0023,Critical,Critical,0.0020513935,0.18412997,0.81381863
BANK_011,SCN_0023,Healthy,Stressed,0.16903466,0.8306237,0.0003417192
BANK_012,SCN_0023,Healthy,Healthy,0.9989411,0.0009981359,6.0774597e-05
BANK_013,SCN_0023,Critical,Critical,9.396265e-06,9.6587704e-05,0.999894
BANK_014,SCN_0023,Critical,Critical,0.001539704,0.29018763,0.7082727
BANK_015,SCN_0023,Critical,Critical,2.1581312e-05,0.004665162,0.9953133
BANK_016,SCN_0023,Healthy,Healthy,0.99955577,0.0004184008,2.5866078e-05
BANK_017,SCN_0023,Critical,Critical,0.004383239,0.26897213,0.72664464
BANK_018,SCN_0023,Stressed,Stressed,0.0010211406,0.9987238,0.00025501646
BANK_019,SCN_0023,Critical,Critical,2.4080615e-05,7.089819e-05,0.999905
BANK_020,SCN_0023,Critical,Critical,7.631444e-05,0.0031337207,0.99679
BANK_021,SCN_0023,Critical,Critical,0.00028619292,0.07988973,0.91982406
BANK_022,SCN_0023,Critical,Critical,6.0586608e-05,0.0035772005,0.99636227
BANK_023,SCN_0023,Stressed,Stressed,0.0046132547,0.9950434,0.00034339257
BANK_024,SCN_0023,Stressed,Stressed,0.00095500617,0.99196327,0.0070816465
BANK_025,SCN_0023,Stressed,Critical,0.12519987,0.38086674,0.49393338
BANK_026,SCN_0023,Stressed,Healthy,0.7977448,0.20168424,0.00057094375
BANK_027,SCN_0023,Healthy,Healthy,0.5542061,0.2612644,0.1845295
BANK_028,SCN_0023,Critical,Critical,0.0007512167,0.43726984,0.561979
BANK_029,SCN_0023,Critical,Critical,0.00060677156,0.12771241,0.8716808
BANK_030,SCN_0023,Critical,Critical,4.107349e-06,8.2576866e-05,0.99991333
BANK_031,SCN_0023,Healthy,Healthy,0.99948263,0.00048443908,3.293951e-05
BANK_032,SCN_0023,Stressed,Stressed,0.0032774457,0.9963905,0.0003319753
BANK_033,SCN_0023,Critical,Critical,0.0018892748,0.12668477,0.871426
BANK_034,SCN_0023,Critical,Stressed,0.005454041,0.55172503,0.44282088
BANK_035,SCN_0023,Healthy,Healthy,0.99946064,0.0004914406,4.7887e-05
BANK_036,SCN_0023,Stressed,Healthy,0.7222737,0.27707532,0.0006509759
BANK_037,SCN_0023,Stressed,Stressed,0.030887408,0.8095377,0.15957482
BANK_038,SCN_0023,Stressed,Stressed,0.0016714267,0.9314259,0.06690263
BANK_039,SCN_0023,Healthy,Healthy,0.97699285,0.022859322,0.00014786588
BANK_040,SCN_0023,Stressed,Stressed,0.23253182,0.7667818,0.000686401
BANK_001,SCN_0031,Healthy,Healthy,0.99452424,0.0054461085,2.9664727e-05
BANK_002,SCN_0031,Healthy,Healthy,0.7742846,0.22529624,0.00041913148
BANK_003,SCN_0031,Healthy,Healthy,0.5568339,0.44152164,0.0016444608
BANK_004,SCN_0031,Healthy,Healthy,0.8781843,0.1216913,0.0001243698
BANK_005,SCN_0031,Healthy,Healthy,0.99986553,0.00012840865,6.0981597e-06
BANK_006,SCN_0031,Stressed,Stressed,0.00044737183,0.99942136,0.00013126498
BANK_007,SCN_0031,Healthy,Healthy,0.9998615,0.00013154266,6.9139683e-06
BANK_008,SCN_0031,Stressed,Stressed,0.0016635769,0.9980063,0.00033015196
BANK_009,SCN_0031,Healthy,Healthy,0.88445693,0.11543086,0.00011215921
BANK_010,SCN_0031,Stressed,Stressed,0.10892112,0.73911405,0.15196487
BANK_011,SCN_0031,Healthy,Healthy,0.98780113,0.012154681,4.415041e-05
BANK_012,SCN_0031,Healthy,Healthy,0.99982905,0.00016581391,5.074713e-06
BANK_013,SCN_0031,Critical,Critical,1.1207971e-05,0.00019056976,0.99979824
BANK_014,SCN_0031,Stressed,Stressed,0.17823604,0.80713624,0.014627759
BANK_015,SCN_0031,Stressed,Critical,0.00021256239,0.23555973,0.7642277
BANK_016,SCN_0031,Healthy,Healthy,0.9998272,0.00016876387,4.0803816e-06
BANK_017,SCN_0031,Stressed,Critical,0.016784418,0.40808266,0.5751329
BANK_018,SCN_0031,Stressed,Stressed,0.11840612,0.88144064,0.00015319294
BANK_019,SCN_0031,Critical,Critical,2.6992564e-05,0.00019254848,0.9997805
BANK_020,SCN_0031,Critical,Critical,0.0002052837,0.05845188,0.94134283
BANK_021,SCN_0031,Critical,Stressed,0.0011827659,0.58778507,0.4110322
BANK_022,SCN_0031,Critical,Critical,0.00011112624,0.017502246,0.9823866
BANK_023,SCN_0031,Healthy,Healthy,0.9933119,0.006654727,3.338588e-05
BANK_024,SCN_0031,Stressed,Stressed,0.014725798,0.9847232,0.0005510106
BANK_025,SCN_0031,Stressed,Stressed,0.296189,0.7013114,0.0024995583
BANK_026,SCN_0031,Healthy,Healthy,0.88278025,0.11706608,0.00015363106
BANK_027,SCN_0031,Healthy,Healthy,0.8780402,0.1215461,0.00041371168
BANK_028,SCN_0031,Stressed,Critical,0.00061773806,0.38092297,0.6184593
BANK_029,SCN_0031,Stressed,Stressed,0.0018813787,0.66061664,0.33750194
BANK_030,SCN_0031,Critical,Critical,1.3976205e-05,0.00015800449,0.999828
BANK_031,SCN_0031,Healthy,Healthy,0.99984455,0.0001480302,7.338086e-06
BANK_032,SCN_0031,Healthy,Healthy,0.9878593,0.0121122915,2.8347833e-05
BANK_033,SCN_0031,Stressed,Critical,0.005787919,0.32607597,0.6681361
BANK_034,SCN_0031,Stressed,Stressed,0.4444376,0.54959315,0.005969243
BANK_035,SCN_0031,Healthy,Healthy,0.9997968,0.00019443213,8.787363e-06
BANK_036,SCN_0031,Healthy,Healthy,0.9498728,0.050024953,0.00010228132
BANK_037,SCN_0031,Healthy,Stressed,0.06956815,0.9191114,0.011320522
BANK_038,SCN_0031,Stressed,Stressed,0.38958874,0.6093728,0.001038496
BANK_039,SCN_0031,Healthy,Healthy,0.9990319,0.0009528306,1.52251e-05
BANK_040,SCN_0031,Healthy,Healthy,0.9838717,0.016085299,4.3080494e-05
BANK_001,SCN_0034,Healthy,Healthy,0.88637406,0.11295755,0.000668349
BANK_002,SCN_0034,Healthy,Stressed,0.14585245,0.6963252,0.15782239
BANK_003,SCN_0034,Stressed,Stressed,0.16015384,0.7122868,0.12755938
BANK_004,SCN_0034,Stressed,Stressed,0.42719635,0.5717994,0.0010042882
BANK_005,SCN_0034,Healthy,Healthy,0.99953353,0.00040489985,6.1644096e-05
BANK_006,SCN_0034,Stressed,Stressed,0.00022937651,0.9751813,0.02458931
BANK_007,SCN_0034,Healthy,Healthy,0.999461,0.000463965,7.4999785e-05
BANK_008,SCN_0034,Stressed,Stressed,0.0003783333,0.9364211,0.06320054
BANK_009,SCN_0034,Stressed,Stressed,0.34996337,0.6486694,0.0013672044
BANK_010,SCN_0034,Stressed,Critical,0.0015270922,0.21003039,0.7884425
BANK_011,SCN_0034,Healthy,Healthy,0.6700144,0.32944402,0.0005416405
BANK_012,SCN_0034,Healthy,Healthy,0.9996172,0.00033652343,4.61921e-05
BANK_013,SCN_0034,Critical,Critical,2.7809451e-06,6.480092e-05,0.9999324
BANK_014,SCN_0034,Stressed,Stressed,0.0013127872,0.61468023,0.384007
BANK_015,SCN_0034,Critical,Critical,1.7963317e-05,0.017697476,0.98228455
BANK_016,SCN_0034,Healthy,Healthy,0.9996159,0.00034930772,3.4711447e-05
BANK_017,SCN_0034,Critical,Critical,0.0020890646,0.25067863,0.74723226
BANK_018,SCN_0034,Stressed,Stressed,0.0007633054,0.9989937,0.00024301662
BANK_019,SCN_0034,Critical,Critical,6.249193e-06,9.502515e-05,0.9998987
BANK_020,SCN_0034,Critical,Critical,1.69111e-05,0.0010725246,0.99891055
BANK_021,SCN_0034,Critical,Critical,0.00019149746,0.0991911,0.9006174
BANK_022,SCN_0034,Critical,Critical,2.3940209e-05,0.003124276,0.99685174
BANK_023,SCN_0034,Stressed,Stressed,0.0038573043,0.995904,0.00023863008
BANK_024,SCN_0034,Stressed,Stressed,0.0013159779,0.9402122,0.05847186
BANK_025,SCN_0034,Stressed,Stressed,0.06584657,0.74870676,0.18544663
BANK_026,SCN_0034,Healthy,Stressed,0.25688767,0.7420975,0.001014819
BANK_027,SCN_0034,Stressed,Stressed,0.16433176,0.7903221,0.04534607
BANK_028,SCN_0034,Critical,Critical,0.00017044565,0.079907306,0.91992223
BANK_029,SCN_0034,Stressed,Critical,0.0005819864,0.26903784,0.7303801
BANK_030,SCN_0034,Critical,Critical,2.4675494e-06,9.4990806e-05,0.9999025
BANK_031,SCN_0034,Healthy,Healthy,0.99952054,0.00042761597,5.1851814e-05
BANK_032,SCN_0034,Stressed,Stressed,0.005799786,0.9938938,0.00030634875
BANK_033,SCN_0034,Stressed,Critical,0.0006759103,0.2036984,0.7956257
BANK_034,SCN_0034,Stressed,Stressed,0.003645026,0.8294475,0.1669075
BANK_035,SCN_0034,Healthy,Healthy,0.9992047,0.0007197162,7.561448e-05
BANK_036,SCN_0034,Stressed,Stressed,0.34421077,0.6544563,0.0013329043
BANK_037,SCN_0034,Stressed,Critical,0.01292561,0.40763786,0.57943654
BANK_038,SCN_0034,Stressed,Stressed,0.0015500615,0.93984616,0.058603827
BANK_039,SCN_0034,Healthy,Healthy,0.99192894,0.007806084,0.00026494553
BANK_040,SCN_0034,Stressed,Healthy,0.5245663,0.47448403,0.0009496521
BANK_001,SCN_0040,Healthy,Healthy,0.9978588,0.0021313785,9.738146e-06
BANK_002,SCN_0040,Stressed,Healthy,0.8097166,0.19016309,0.000120312136
BANK_003,SCN_0040,Healthy,Healthy,0.6609249,0.3387939,0.0002811722
BANK_004,SCN_0040,Healthy,Healthy,0.9239776,0.07599151,3.0856034e-05
BANK_005,SCN_0040,Healthy,Healthy,0.9998336,0.00016348402,2.8647278e-06
BANK_006,SCN_0040,Stressed,Stressed,0.0002857824,0.9996952,1.9028234e-05
BANK_007,SCN_0040,Healthy,Healthy,0.99985874,0.0001376233,3.617463e-06
BANK_008,SCN_0040,Stressed,Stressed,0.0022318645,0.99767154,9.6545955e-05
BANK_009,SCN_0040,Healthy,Healthy,0.9383897,0.0615633,4.701244e-05
BANK_010,SCN_0040,Stressed,Stressed,0.14444326,0.852656,0.002900706
BANK_011,SCN_0040,Healthy,Healthy,0.99506503,0.004926765,8.2078295e-06
BANK_012,SCN_0040,Healthy,Healthy,0.9998872,0.00011067668,2.0356592e-06
BANK_013,SCN_0040,Critical,Critical,1.6925873e-05,0.000379289,0.9996038
BANK_014,SCN_0040,Stressed,Stressed,0.4094333,0.5890805,0.0014861985
BANK_015,SCN_0040,Stressed,Stressed,0.0003363528,0.9500309,0.049632724
BANK_016,SCN_0040,Healthy,Healthy,0.99985623,0.00014196543,1.8145865e-06
BANK_017,SCN_0040,Stressed,Stressed,0.005664757,0.9877373,0.00659799
BANK_018,SCN_0040,Healthy,Healthy,0.7940769,0.20586973,5.3338495e-05
BANK_019,SCN_0040,Critical,Critical,3.9380106e-05,0.0003559765,0.99960464
BANK_020,SCN_0040,Critical,Critical,0.00042909614,0.17948893,0.820082
BANK_021,SCN_0040,Stressed,Stressed,0.0052065863,0.8542503,0.14054315
BANK_022,SCN_0040,Critical,Critical,0.00029768216,0.08728679,0.91241556
BANK_023,SCN_0040,Healthy,Healthy,0.9973163,0.00267376,9.939743e-06
BANK_024,SCN_0040,Stressed,Stressed,0.41060665,0.5888258,0.0005675403
BANK_025,SCN_0040,Stressed,Stressed,0.42406216,0.5754741,0.00046373255
BANK_026,SCN_0040,Healthy,Healthy,0.93472683,0.06522729,4.584643e-05
BANK_027,SCN_0040,Healthy,Healthy,0.85755825,0.14230278,0.00013902682
BANK_028,SCN_0040,Stressed,Stressed,0.00071575685,0.97739863,0.021885566
BANK_029,SCN_0040,Stressed,Stressed,0.0015428375,0.9951756,0.0032815372
BANK_030,SCN_0040,Critical,Critical,3.230418e-05,0.00041678466,0.9995509
BANK_031,SCN_0040,Healthy,Healthy,0.999826,0.00017152418,2.5432612e-06
BANK_032,SCN_0040,Healthy,Healthy,0.996167,0.003824586,8.388098e-06
BANK_033,SCN_0040,Stressed,Stressed,0.012869252,0.9663807,0.02075003
BANK_034,SCN_0040,Healthy,Stressed,0.48381746,0.5153032,0.0008793282
BANK_035,SCN_0040,Healthy,Healthy,0.99982613,0.00017147724,2.4249878e-06
BANK_036,SCN_0040,Healthy,Healthy,0.98150384,0.018476168,2.0043106e-05
BANK_037,SCN_0040,Stressed,Stressed,0.26009214,0.7378793,0.0020285835
BANK_038,SCN_0040,Healthy,Healthy,0.6502345,0.34955806,0.00020739312
BANK_039,SCN_0040,Healthy,Healthy,0.99892336,0.0010692193,7.4126388e-06
BANK_040,SCN_0040,Healthy,Healthy,0.9966191,0.0033714978,9.323819e-06
BANK_001,SCN_0047,Healthy,Healthy,0.9998945,0.00010319011,2.2888967e-06
BANK_002,SCN_0047,Healthy,Healthy,0.99673694,0.003256009,7.0317346e-06
BANK_003,SCN_0047,Healthy,Healthy,0.99483204,0.0051604165,7.4965164e-06
BANK_004,SCN_0047,Healthy,Healthy,0.9985927,0.0014052409,2.103372e-06
BANK_005,SCN_0047,Healthy,Healthy,0.9999645,3.469065e-05,8.2772846e-07
BANK_006,SCN_0047,Stressed,Stressed,0.0011886877,0.9987919,1.9427865e-05
BANK_007,SCN_0047,Healthy,Healthy,0.9999461,5.2209845e-05,1.6964277e-06
BANK_008,SCN_0047,Stressed,Stressed,0.16163275,0.8381065,0.0002607055
BANK_009,SCN_0047,Healthy,Healthy,0.9986179,0.0013770907,5.041069e-06
BANK_010,SCN_0047,Healthy,Stressed,0.36027926,0.63875645,0.0009642768
BANK_011,SCN_0047,Healthy,Healthy,0.99981385,0.00018487296,1.3294342e-06
BANK_012,SCN_0047,Healthy,Healthy,0.9999814,1.8056924e-05,5.8447216e-07
BANK_013,SCN_0047,Critical,Critical,5.3417163e-05,0.00027547078,0.9996711
BANK_014,SCN_0047,Healthy,Healthy,0.74062175,0.2589901,0.00038809725
BANK_015,SCN_0047,Stressed,Stressed,0.00054353697,0.9972746,0.0021818883
BANK_016,SCN_0047,Healthy,Healthy,0.99997437,2.5220672e-05,4.0168024e-07
BANK_017,SCN_0047,Stressed,Stressed,0.19476447,0.80395174,0.0012837442
BANK_018,SCN_0047,Healthy,Healthy,0.999005,0.0009932996,1.6979566e-06
BANK_019,SCN_0047,Critical,Critical,8.025629e-05,0.0002629533,0.9996568
BANK_020,SCN_0047,Stressed,Critical,0.0011302708,0.3560659,0.64280385
BANK_021,SCN_0047,Stressed,Stressed,0.016311314,0.9818658,0.0018228258
BANK_022,SCN_0047,Stressed,Critical,0.00088279345,0.36062032,0.6384969
BANK_023,SCN_0047,Healthy,Healthy,0.99978524,0.00021253803,2.1809467e-06
BANK_024,SCN_0047,Healthy,Healthy,0.99563897,0.004340976,2.0043803e-05
BANK_025,SCN_0047,Healthy,Healthy,0.92937094,0.07056795,6.112361e-05
BANK_026,SCN_0047,Healthy,Healthy,0.99882334,0.0011719107,4.6965206e-06
BANK_027,SCN_0047,Healthy,Healthy,0.99725777,0.0027364264,5.8245982e-06
BANK_028,SCN_0047,Stressed,Stressed,0.0062221563,0.9914983,0.002279501
BANK_029,SCN_0047,Stressed,Stressed,0.02569043,0.9736009,0.00070858636
BANK_030,SCN_0047,Critical,Critical,4.990723e-05,0.00029111782,0.99965894
BANK_031,SCN_0047,Healthy,Healthy,0.9999664,3.304742e-05,5.901686e-07
BANK_032,SCN_0047,Healthy,Healthy,0.9997398,0.00025838605,1.7462877e-06
BANK_033,SCN_0047,Stressed,Stressed,0.04035705,0.9572387,0.0024043103
BANK_034,SCN_0047,Healthy,Healthy,0.98072755,0.019231245,4.119748e-05
BANK_035,SCN_0047,Healthy,Healthy,0.99995565,4.365746e-05,7.357622e-07
BANK_036,SCN_0047,Healthy,Healthy,0.9991855,0.0008118359,2.6703374e-06
BANK_037,SCN_0047,Healthy,Healthy,0.71961504,0.27976763,0.0006173461
BANK_038,SCN_0047,Healthy,Healthy,0.9754537,0.024521517,2.4803297e-05
BANK_039,SCN_0047,Healthy,Healthy,0.999938,6.0537248e-05,1.4808653e-06
BANK_040,SCN_0047,Healthy,Healthy,0.9997242,0.00027333086,2.46312e-06
BANK_001,SCN_0056,Healthy,Healthy,0.83399534,0.16473053,0.0012741595
BANK_002,SCN_0056,Healthy,Stressed,0.08137385,0.85479444,0.063831694
BANK_003,SCN_0056,Stressed,Stressed,0.061028723,0.71039045,0.22858085
BANK_004,SCN_0056,Stressed,Stressed,0.27481547,0.7241843,0.001000301
BANK_005,SCN_0056,Healthy,Healthy,0.9994562,0.00046597017,7.782495e-05
BANK_006,SCN_0056,Stressed,Stressed,0.0001024222,0.98583627,0.014061274
BANK_007,SCN_0056,Healthy,Healthy,0.9991279,0.0007681989,0.00010391247
BANK_008,SCN_0056,Stressed,Stressed,0.00027073506,0.9473156,0.052413676
BANK_009,SCN_0056,Healthy,Stressed,0.26810247,0.73034203,0.0015555114
BANK_010,SCN_0056,Stressed,Critical,0.00066102494,0.06305873,0.9362802
BANK_011,SCN_0056,Stressed,Stressed,0.3827407,0.6161611,0.0010982058
BANK_012,SCN_0056,Healthy,Healthy,0.9993629,0.00057001604,6.706858e-05
BANK_013,SCN_0056,Critical,Critical,1.6726264e-06,4.1694646e-05,0.9999566
BANK_014,SCN_0056,Stressed,Critical,0.0010051155,0.44344634,0.5555486
BANK_015,SCN_0056,Critical,Critical,9.76399e-06,0.0078616645,0.9921286
BANK_016,SCN_0056,Healthy,Healthy,0.9992532,0.00070793525,3.8833383e-05
BANK_017,SCN_0056,Critical,Critical,0.00080272875,0.10668369,0.8925135
BANK_018,SCN_0056,Stressed,Stressed,0.0011088912,0.99833494,0.00055621105
BANK_019,SCN_0056,Critical,Critical,5.0812114e-06,7.5423406e-05,0.99991953
BANK_020,SCN_0056,Critical,Critical,1.17034015e-05,0.0009939561,0.9989943
BANK_021,SCN_0056,Stressed,Critical,0.00023555849,0.13503902,0.8647254
BANK_022,SCN_0056,Critical,Critical,1.4870748e-05,0.0020409555,0.9979442
BANK_023,SCN_0056,Stressed,Stressed,0.0023096642,0.99750525,0.00018510249
BANK_024,SCN_0056,Stressed,Stressed,0.00069650944,0.92638654,0.07291696
BANK_025,SCN_0056,Stressed,Stressed,0.039680734,0.80709887,0.1532204
BANK_026,SCN_0056,Healthy,Stressed,0.3480086,0.6505143,0.0014771202
BANK_027,SCN_0056,Stressed,Stressed,0.07851833,0.80873954,0.11274216
BANK_028,SCN_0056,Critical,Critical,0.0001186989,0.12881888,0.8710624
BANK_029,SCN_0056,Stressed,Critical,0.00023977306,0.16270274,0.83705753
BANK_030,SCN_0056,Critical,Critical,1.6632549e-06,7.462859e-05,0.9999237
BANK_031,SCN_0056,Healthy,Healthy,0.99933666,0.0005827972,8.0462996e-05
BANK_032,SCN_0056,Stressed,Stressed,0.0039484226,0.9956573,0.00039431316
BANK_033,SCN_0056,Critical,Critical,0.0004359191,0.09874839,0.90081567
BANK_034,SCN_0056,Stressed,Critical,0.002686451,0.40104565,0.59626794
BANK_035,SCN_0056,Healthy,Healthy,0.9992508,0.000654186,9.4910974e-05
BANK_036,SCN_0056,Stressed,Stressed,0.428758,0.5697967,0.0014453125
BANK_037,SCN_0056,Stressed,Critical,0.006563117,0.19422439,0.7992125
BANK_038,SCN_0056,Stressed,Stressed,0.00068305206,0.96152186,0.037795108
BANK_039,SCN_0056,Healthy,Healthy,0.9852953,0.0142786335,0.000426129
BANK_040,SCN_0056,Stressed,Stressed,0.354404,0.6443439,0.0012521147
BANK_001,SCN_0064,Healthy,Healthy,0.87241966,0.12698783,0.0005924935
BANK_002,SCN_0064,Healthy,Stressed,0.13885586,0.6516694,0.20947474
BANK_003,SCN_0064,Healthy,Stressed,0.06404602,0.54588,0.39007393
BANK_004,SCN_0064,Stressed,Stressed,0.34214556,0.65636456,0.0014898615
BANK_005,SCN_0064,Healthy,Healthy,0.99941933,0.00050381094,7.686703e-05
BANK_006,SCN_0064,Stressed,Stressed,0.00029738896,0.5516513,0.44805133
BANK_007,SCN_0064,Healthy,Healthy,0.9993461,0.000567315,8.656788e-05
BANK_008,SCN_0064,Stressed,Stressed,0.0003590081,0.70254153,0.2970995
BANK_009,SCN_0064,Healthy,Stressed,0.33305344,0.6653534,0.001593154
BANK_010,SCN_0064,Stressed,Critical,0.001197356,0.18589196,0.8129107
BANK_011,SCN_0064,Healthy,Healthy,0.7119757,0.28718445,0.0008398701
BANK_012,SCN_0064,Healthy,Healthy,0.9992305,0.0006827921,8.665921e-05
BANK_013,SCN_0064,Critical,Critical,3.6917031e-06,0.00012824743,0.99986804
BANK_014,SCN_0064,Critical,Stressed,0.0010141806,0.81446606,0.18451972
BANK_015,SCN_0064,Critical,Critical,2.8520053e-05,0.085063934,0.9149076
BANK_016,SCN_0064,Healthy,Healthy,0.9994991,0.00045741245,4.3442455e-05
BANK_017,SCN_0064,Stressed,Stressed,0.0017006998,0.68231624,0.31598303
BANK_018,SCN_0064,Stressed,Stressed,0.0008924914,0.99845743,0.00065003865
BANK_019,SCN_0064,Critical,Critical,8.520391e-06,0.00015955234,0.9998319
BANK_020,SCN_0064,Critical,Critical,1.2695227e-05,0.0015635163,0.9984238
BANK_021,SCN_0064,Stressed,Critical,0.00016798341,0.11038878,0.8894433
BANK_022,SCN_0064,Critical,Critical,3.2777996e-05,0.0063619637,0.99360526
BANK_023,SCN_0064,Stressed,Stressed,0.0044382713,0.9951649,0.0003968261
BANK_024,SCN_0064,Stressed,Critical,0.0009271016,0.41963488,0.57943803
BANK_025,SCN_0064,Healthy,Stressed,0.046059802,0.5529151,0.4010251
BANK_026,SCN_0064,Healthy,Stressed,0.25301862,0.74573165,0.0012497006
BANK_027,SCN_0064,Healthy,Stressed,0.16641061,0.75698507,0.076604344
BANK_028,SCN_0064,Critical,Critical,0.000119545446,0.0763091,0.9235713
BANK_029,SCN_0064,Critical,Critical,0.00037196753,0.285543,0.7140851
BANK_030,SCN_0064,Critical,Critical,2.5745862e-06,0.00015203017,0.9998454
BANK_031,SCN_0064,Healthy,Healthy,0.9992067,0.00069232396,0.00010093895
BANK_032,SCN_0064,Stressed,Stressed,0.004648361,0.994909,0.00044266123
BANK_033,SCN_0064,Critical,Critical,0.0004995792,0.18253987,0.8169605
BANK_034,SCN_0064,Stressed,Stressed,0.0029131044,0.6618508,0.3352361
BANK_035,SCN_0064,Healthy,Healthy,0.99897575,0.0008960436,0.00012818932
BANK_036,SCN_0064,Stressed,Stressed,0.30479202,0.6932216,0.0019863632
BANK_037,SCN_0064,Stressed,Stressed,0.011607505,0.69229937,0.2960931
BANK_038,SCN_0064,Stressed,Stressed,0.0014546565,0.5962362,0.4023091
BANK_039,SCN_0064,Healthy,Healthy,0.98867947,0.010972924,0.00034763332
BANK_040,SCN_0064,Healthy,Stressed,0.4743575,0.5247433,0.00089916895
BANK_001,SCN_0069,Stressed,Healthy,0.6493048,0.35044035,0.00025479525
BANK_002,SCN_0069,Stressed,Stressed,0.47312674,0.483528,0.043345235
BANK_003,SCN_0069,Stressed,Critical,0.16966374,0.41199243,0.41834387
BANK_004,SCN_0069,Stressed,Healthy,0.5652098,0.4342383,0.0005519161
BANK_005,SCN_0069,Healthy,Healthy,0.99899334,0.0009620055,4.4656612e-05
BANK_006,SCN_0069,Stressed,Stressed,0.00015035896,0.99513996,0.0047096736
BANK_007,SCN_0069,Healthy,Healthy,0.99876827,0.0011796709,5.207509e-05
BANK_008,SCN_0069,Critical,Stressed,0.00047753952,0.9132338,0.08628862
BANK_009,SCN_0069,Stressed,Healthy,0.62363225,0.3758889,0.0004788082
BANK_010,SCN_0069,Critical,Stressed,0.0027850515,0.4995473,0.4976677
BANK_011,SCN_0069,Stressed,Stressed,0.4030019,0.5966117,0.00038643644
BANK_012,SCN_0069,Healthy,Healthy,0.9986929,0.0012581847,4.8884758e-05
BANK_013,SCN_0069,Critical,Critical,4.8406982e-06,0.00018457447,0.99981064
BANK_014,SCN_0069,Critical,Stressed,0.0014481116,0.5679964,0.4305555
BANK_015,SCN_0069,Critical,Critical,1.2731239e-05,0.006583728,0.9934035
BANK_016,SCN_0069,Healthy,Healthy,0.99950695,0.0004710237,2.1966785e-05
BANK_017,SCN_0069,Critical,Critical,0.0025075558,0.44136313,0.55612934
BANK_018,SCN_0069,Stressed,Stressed,0.0009761402,0.99882954,0.00019431498
BANK_019,SCN_0069,Critical,Critical,8.116688e-06,0.00013993644,0.99985194
BANK_020,SCN_0069,Critical,Critical,3.514388e-05,0.0016528183,0.998312
BANK_021,SCN_0069,Critical,Critical,0.00024368273,0.19558024,0.8041761
BANK_022,SCN_0069,Critical,Critical,3.87497e-05,0.0065413136,0.99341995
BANK_023,SCN_0069,Stressed,Stressed,0.0026370324,0.9971623,0.00020062708
BANK_024,SCN_0069,Stressed,Stressed,0.0008355288,0.9917955,0.007368999
BANK_025,SCN_0069,Stressed,Stressed,0.040632498,0.8344387,0.12492879
BANK_026,SCN_0069,Stressed,Healthy,0.60405165,0.3953633,0.0005850692
BANK_027,SCN_0069,Healthy,Stressed,0.13669153,0.80249584,0.06081262
BANK_028,SCN_0069,Critical,Critical,0.00024334126,0.07946092,0.9202958
BANK_029,SCN_0069,Stressed,Critical,0.00054202485,0.22822079,0.7712372
BANK_030,SCN_0069,Critical,Critical,3.2541361e-06,9.197333e-05,0.99990475
BANK_031,SCN_0069,Healthy,Healthy,0.9994205,0.00054948364,3.007098e-05
BANK_032,SCN_0069,Stressed,Stressed,0.0026618748,0.9971841,0.00015398508
BANK_033,SCN_0069,Stressed,Critical,0.0010159807,0.16406037,0.8349236
BANK_034,SCN_0069,Stressed,Stressed,0.0036952372,0.5978745,0.3984303
BANK_035,SCN_0069,Healthy,Healthy,0.9990031,0.00095067016,4.6268226e-05
BANK_036,SCN_0069,Stressed,Healthy,0.6130709,0.38634405,0.00058508414
BANK_037,SCN_0069,Critical,Stressed,0.011174775,0.94041836,0.048406854
BANK_038,SCN_0069,Critical,Stressed,0.0007153829,0.9812166,0.018068006
BANK_039,SCN_0069,Healthy,Healthy,0.9796959,0.020070728,0.00023333693
BANK_040,SCN_0069,Stressed,Stressed,0.18282863,0.81690055,0.00027082706
BANK_001,SCN_0070,Stressed,Healthy,0.6493048,0.35044035,0.00025479525
BANK_002,SCN_0070,Stressed,Stressed,0.47312674,0.483528,0.043345235
BANK_003,SCN_0070,Critical,Critical,0.16966374,0.41199243,0.41834387
BANK_004,SCN_0070,Stressed,Healthy,0.5652098,0.4342383,0.0005519161
BANK_005,SCN_0070,Healthy,Healthy,0.99899334,0.0009620055,4.4656612e-05
BANK_006,SCN_0070,Stressed,Stressed,0.00015035896,0.99513996,0.0047096736
BANK_007,SCN_0070,Healthy,Healthy,0.99876827,0.0011796709,5.207509e-05
BANK_008,SCN_0070,Stressed,Stressed,0.00047753952,0.9132338,0.08628862
BANK_009,SCN_0070,Healthy,Healthy,0.62363225,0.3758889,0.0004788082
BANK_010,SCN_0070,Stressed,Stressed,0.0027850515,0.4995473,0.4976677
BANK_011,SCN_0070,Healthy,Stressed,0.4030019,0.5966117,0.00038643644
BANK_012,SCN_0070,Healthy,Healthy,0.9986929,0.0012581847,4.8884758e-05
BANK_013,SCN_0070,Critical,Critical,4.8406982e-06,0.00018457447,0.99981064
BANK_014,SCN_0070,Stressed,Stressed,0.0014481116,0.5679964,0.4305555
BANK_015,SCN_0070,Critical,Critical,1.2731239e-05,0.006583728,0.9934035
BANK_016,SCN_0070,Healthy,Healthy,0.99950695,0.0004710237,2.1966785e-05
BANK_017,SCN_0070,Critical,Critical,0.0025075558,0.44136313,0.55612934
BANK_018,SCN_0070,Stressed,Stressed,0.0009761402,0.99882954,0.00019431498
BANK_019,SCN_0070,Critical,Critical,8.116688e-06,0.00013993644,0.99985194
BANK_020,SCN_0070,Critical,Critical,3.514388e-05,0.0016528183,0.998312
BANK_021,SCN_0070,Stressed,Critical,0.00024368273,0.19558024,0.8041761
BANK_022,SCN_0070,Critical,Critical,3.87497e-05,0.0065413136,0.99341995
BANK_023,SCN_0070,Stressed,Stressed,0.0026370324,0.9971623,0.00020062708
BANK_024,SCN_0070,Stressed,Stressed,0.0008355288,0.9917955,0.007368999
BANK_025,SCN_0070,Stressed,Stressed,0.040632498,0.8344387,0.12492879
BANK_026,SCN_0070,Stressed,Healthy,0.60405165,0.3953633,0.0005850692
BANK_027,SCN_0070,Stressed,Stressed,0.13669153,0.80249584,0.06081262
BANK_028,SCN_0070,Stressed,Critical,0.00024334126,0.07946092,0.9202958
BANK_029,SCN_0070,Stressed,Critical,0.00054202485,0.22822079,0.7712372
BANK_030,SCN_0070,Critical,Critical,3.2541361e-06,9.197333e-05,0.99990475
BANK_031,SCN_0070,Healthy,Healthy,0.9994205,0.00054948364,3.007098e-05
BANK_032,SCN_0070,Stressed,Stressed,0.0026618748,0.9971841,0.00015398508
BANK_033,SCN_0070,Stressed,Critical,0.0010159807,0.16406037,0.8349236
BANK_034,SCN_0070,Stressed,Stressed,0.0036952372,0.5978745,0.3984303
BANK_035,SCN_0070,Healthy,Healthy,0.9990031,0.00095067016,4.6268226e-05
BANK_036,SCN_0070,Stressed,Healthy,0.6130709,0.38634405,0.00058508414
BANK_037,SCN_0070,Stressed,Stressed,0.011174775,0.94041836,0.048406854
BANK_038,SCN_0070,Critical,Stressed,0.0007153829,0.9812166,0.018068006
BANK_039,SCN_0070,Healthy,Healthy,0.9796959,0.020070728,0.00023333693
BANK_040,SCN_0070,Stressed,Stressed,0.18282863,0.81690055,0.00027082706
BANK_001,SCN_0071,Healthy,Healthy,0.85642636,0.14341225,0.00016141872
BANK_002,SCN_0071,Stressed,Healthy,0.77586436,0.19467968,0.02945603
BANK_003,SCN_0071,Stressed,Stressed,0.2580212,0.55169713,0.19028169
BANK_004,SCN_0071,Healthy,Healthy,0.54383564,0.4557003,0.00046400755
BANK_005,SCN_0071,Healthy,Healthy,0.99946946,0.0005052109,2.5397867e-05
BANK_006,SCN_0071,Stressed,Stressed,0.00018174744,0.9977658,0.0020524461
BANK_007,SCN_0071,Healthy,Healthy,0.9993407,0.00063318945,2.60798e-05
BANK_008,SCN_0071,Stressed,Stressed,0.0010601796,0.7830119,0.21592794
BANK_009,SCN_0071,Healthy,Healthy,0.8214654,0.17833976,0.00019491639
BANK_010,SCN_0071,Critical,Stressed,0.0041910885,0.5875925,0.40821642
BANK_011,SCN_0071,Healthy,Stressed,0.2299977,0.7697998,0.00020249787
BANK_012,SCN_0071,Healthy,Healthy,0.99898463,0.0009687335,4.663937e-05
BANK_013,SCN_0071,Critical,Critical,1.1029331e-05,0.0001502104,0.9998387
BANK_014,SCN_0071,Stressed,Stressed,0.0019894585,0.67928934,0.3187212
BANK_015,SCN_0071,Critical,Critical,2.6197364e-05,0.0061509265,0.9938228
BANK_016,SCN_0071,Healthy,Healthy,0.99964464,0.0003385715,1.6795546e-05
BANK_017,SCN_0071,Critical,Critical,0.004426159,0.27606222,0.7195117
BANK_018,SCN_0071,Stressed,Stressed,0.0011884046,0.9986664,0.00014523955
BANK_019,SCN_0071,Critical,Critical,2.7341684e-05,0.00010506189,0.99986756
BANK_020,SCN_0071,Critical,Critical,0.00012632368,0.0049072728,0.99496645
BANK_021,SCN_0071,Critical,Critical,0.00030858305,0.11863207,0.8810593
BANK_022,SCN_0071,Critical,Critical,7.6062905e-05,0.0065360116,0.99338794
BANK_023,SCN_0071,Stressed,Stressed,0.0042623677,0.9955265,0.00021114804
BANK_024,SCN_0071,Stressed,Stressed,0.00091875397,0.99601537,0.0030658415
BANK_025,SCN_0071,Critical,Critical,0.12406082,0.39132047,0.48461875
BANK_026,SCN_0071,Stressed,Healthy,0.7809698,0.21873812,0.0002921204
BANK_027,SCN_0071,Stressed,Healthy,0.5595077,0.33333167,0.10716057
BANK_028,SCN_0071,Critical,Stressed,0.00086781144,0.5115805,0.48755166
BANK_029,SCN_0071,Critical,Critical,0.00094655994,0.32134062,0.6777128
BANK_030,SCN_0071,Critical,Critical,6.857945e-06,0.00015756134,0.9998356
BANK_031,SCN_0071,Healthy,Healthy,0.9995598,0.00042075373,1.9430106e-05
BANK_032,SCN_0071,Stressed,Stressed,0.0024962544,0.9973788,0.00012494443
BANK_033,SCN_0071,Stressed,Critical,0.0023091075,0.17980434,0.81788653
BANK_034,SCN_0071,Stressed,Stressed,0.0063096154,0.6993826,0.29430777
BANK_035,SCN_0071,Healthy,Healthy,0.9995407,0.00043182643,2.7564936e-05
BANK_036,SCN_0071,Healthy,Healthy,0.7500917,0.24954337,0.00036496366
BANK_037,SCN_0071,Stressed,Stressed,0.022103239,0.91722083,0.060675982
BANK_038,SCN_0071,Stressed,Stressed,0.0013804566,0.9754792,0.023140397
BANK_039,SCN_0071,Healthy,Healthy,0.9818101,0.018089272,0.000100631674
BANK_040,SCN_0071,Stressed,Stressed,0.20660993,0.7930496,0.00034049546
BANK_001,SCN_0073,Healthy,Healthy,0.9997919,0.00020529798,2.7895476e-06
BANK_002,SCN_0073,Healthy,Healthy,0.97944564,0.020531591,2.2824526e-05
BANK_003,SCN_0073,Healthy,Healthy,0.97779787,0.022178443,2.3715187e-05
BANK_004,SCN_0073,Healthy,Healthy,0.996986,0.0030113673,2.6595137e-06
BANK_005,SCN_0073,Healthy,Healthy,0.9999597,3.9292565e-05,1.0325728e-06
BANK_006,SCN_0073,Stressed,Stressed,0.00030589497,0.999676,1.8122942e-05
BANK_007,SCN_0073,Healthy,Healthy,0.99996126,3.7255653e-05,1.5310883e-06
BANK_008,SCN_0073,Stressed,Stressed,0.003267652,0.996637,9.536331e-05
BANK_009,SCN_0073,Healthy,Healthy,0.99663,0.0033619874,7.9490055e-06
BANK_010,SCN_0073,Healthy,Stressed,0.3172953,0.68136466,0.0013400682
BANK_011,SCN_0073,Healthy,Healthy,0.99971956,0.0002788713,1.5273542e-06
BANK_012,SCN_0073,Healthy,Healthy,0.9999703,2.9081732e-05,6.1549e-07
BANK_013,SCN_0073,Critical,Critical,2.0313928e-05,0.00023989874,0.9997398
BANK_014,SCN_0073,Healthy,Healthy,0.6217596,0.37757072,0.0006696994
BANK_015,SCN_0073,Stressed,Stressed,0.00051133876,0.9849341,0.014554584
BANK_016,SCN_0073,Healthy,Healthy,0.99996877,3.0773383e-05,5.180476e-07
BANK_017,SCN_0073,Stressed,Stressed,0.025702117,0.9713029,0.0029950333
BANK_018,SCN_0073,Healthy,Healthy,0.9985858,0.0014121095,2.0966684e-06
BANK_019,SCN_0073,Critical,Critical,4.6399404e-05,0.00022824435,0.9997253
BANK_020,SCN_0073,Stressed,Critical,0.00043851932,0.17384203,0.8257195
BANK_021,SCN_0073,Stressed,Stressed,0.016929282,0.9685943,0.014476405
BANK_022,SCN_0073,Critical,Critical,0.00059010857,0.21473595,0.784674
BANK_023,SCN_0073,Healthy,Healthy,0.9997602,0.0002375557,2.2139288e-06
BANK_024,SCN_0073,Healthy,Healthy,0.9826606,0.01729588,4.3514356e-05
BANK_025,SCN_0073,Healthy,Healthy,0.87264997,0.12722717,0.00012286166
BANK_026,SCN_0073,Healthy,Healthy,0.9964,0.0035926525,7.3321003e-06
BANK_027,SCN_0073,Healthy,Healthy,0.9918669,0.008117112,1.6058268e-05
BANK_028,SCN_0073,Stressed,Stressed,0.001366975,0.9939342,0.004698777
BANK_029,SCN_0073,Stressed,Stressed,0.003450642,0.99578434,0.0007649756
BANK_030,SCN_0073,Critical,Critical,3.5029407e-05,0.0002581418,0.9997068
BANK_031,SCN_0073,Healthy,Healthy,0.99995995,3.935757e-05,6.374719e-07
BANK_032,SCN_0073,Healthy,Healthy,0.9996117,0.0003864097,1.9102033e-06
BANK_033,SCN_0073,Stressed,Stressed,0.03717993,0.9572316,0.0055885212
BANK_034,SCN_0073,Stressed,Healthy,0.8839244,0.11591228,0.00016335004
BANK_035,SCN_0073,Healthy,Healthy,0.9999583,4.0960625e-05,7.985358e-07
BANK_036,SCN_0073,Healthy,Healthy,0.998539,0.001457593,3.4389698e-06
BANK_037,SCN_0073,Stressed,Stressed,0.39775518,0.60109556,0.0011493051
BANK_038,SCN_0073,Healthy,Healthy,0.9687562,0.031204665,3.9150877e-05
BANK_039,SCN_0073,Healthy,Healthy,0.9998535,0.00014411338,2.395819e-06
BANK_040,SCN_0073,Healthy,Healthy,0.9996381,0.00035986176,2.0874754e-06
BANK_001,SCN_0074,Healthy,Healthy,0.86119115,0.13846529,0.00034358597
BANK_002,SCN_0074,Stressed,Stressed,0.19148849,0.79592717,0.012584331
BANK_003,SCN_0074,Stressed,Stressed,0.10210191,0.6832829,0.21461524
BANK_004,SCN_0074,Healthy,Healthy,0.51701283,0.4824827,0.00050445594
BANK_005,SCN_0074,Healthy,Healthy,0.9995691,0.00040581927,2.5094734e-05
BANK_006,SCN_0074,Stressed,Stressed,7.459633e-05,0.9982722,0.001653267
BANK_007,SCN_0074,Healthy,Healthy,0.9995783,0.00039583052,2.5815256e-05
BANK_008,SCN_0074,Stressed,Stressed,0.00029853295,0.9698363,0.029865135
BANK_009,SCN_0074,Healthy,Healthy,0.543999,0.45547816,0.00052284024
BANK_010,SCN_0074,Critical,Stressed,0.003202773,0.6830237,0.31377357
BANK_011,SCN_0074,Stressed,Healthy,0.71704054,0.282756,0.00020340874
BANK_012,SCN_0074,Healthy,Healthy,0.99943453,0.000520871,4.454292e-05
BANK_013,SCN_0074,Critical,Critical,3.6579258e-06,0.00011314481,0.9998832
BANK_014,SCN_0074,Stressed,Stressed,0.001107623,0.8802863,0.11860605
BANK_015,SCN_0074,Stressed,Critical,3.67442e-05,0.1820225,0.8179407
BANK_016,SCN_0074,Healthy,Healthy,0.999554,0.00042878068,1.7278278e-05
BANK_017,SCN_0074,Stressed,Critical,0.0020113993,0.3472696,0.650719
BANK_018,SCN_0074,Stressed,Stressed,0.00060472474,0.9992914,0.0001038839
BANK_019,SCN_0074,Critical,Critical,9.865448e-06,0.00018641152,0.9998037
BANK_020,SCN_0074,Critical,Critical,2.530713e-05,0.003144804,0.9968299
BANK_021,SCN_0074,Stressed,Critical,0.0002448002,0.15840593,0.84134924
BANK_022,SCN_0074,Critical,Critical,3.220262e-05,0.004338201,0.99562955
BANK_023,SCN_0074,Stressed,Stressed,0.0042737983,0.99557745,0.00014879795
BANK_024,SCN_0074,Stressed,Stressed,0.00079814554,0.9941455,0.00505631
BANK_025,SCN_0074,Stressed,Stressed,0.07266234,0.7826538,0.14468388
BANK_026,SCN_0074,Healthy,Stressed,0.4427624,0.55662423,0.00061334274
BANK_027,SCN_0074,Stressed,Stressed,0.16961272,0.81863236,0.011754869
BANK_028,SCN_0074,Critical,Critical,0.00016129755,0.11357429,0.88626444
BANK_029,SCN_0074,Critical,Critical,0.00036913453,0.1933353,0.8062956
BANK_030,SCN_0074,Critical,Critical,4.6192586e-06,0.00023361918,0.99976176
BANK_031,SCN_0074,Healthy,Healthy,0.9992243,0.00072192564,5.3744054e-05
BANK_032,SCN_0074,Stressed,Stressed,0.0057969936,0.99393505,0.00026801255
BANK_033,SCN_0074,Critical,Critical,0.0006887986,0.30616575,0.69314545
BANK_034,SCN_0074,Stressed,Stressed,0.0031749867,0.9168972,0.07992787
BANK_035,SCN_0074,Healthy,Healthy,0.9990307,0.0009212814,4.7978374e-05
BANK_036,SCN_0074,Healthy,Stressed,0.30307692,0.6962718,0.0006513165
BANK_037,SCN_0074,Stressed,Stressed,0.015684871,0.53104466,0.45327047
BANK_038,SCN_0074,Stressed,Stressed,0.0017652065,0.9646234,0.033611458
BANK_039,SCN_0074,Healthy,Healthy,0.9882438,0.011607769,0.00014833485
BANK_040,SCN_0074,Healthy,Healthy,0.7326938,0.2667521,0.00055416755
BANK_001,SCN_0076,Healthy,Healthy,0.99915886,0.0008343914,6.786689e-06
BANK_002,SCN_0076,Stressed,Healthy,0.8623683,0.13748312,0.00014858284
BANK_003,SCN_0076,Healthy,Healthy,0.73997647,0.25959793,0.00042561002
BANK_004,SCN_0076,Healthy,Healthy,0.911456,0.088485524,5.8441976e-05
BANK_005,SCN_0076,Healthy,Healthy,0.99989605,0.00010077276,3.1400216e-06
BANK_006,SCN_0076,Stressed,Stressed,0.00037475585,0.9996007,2.4541021e-05
BANK_007,SCN_0076,Healthy,Healthy,0.9999132,8.3353116e-05,3.422526e-06
BANK_008,SCN_0076,Stressed,Stressed,0.002369592,0.997509,0.00012139641
BANK_009,SCN_0076,Healthy,Healthy,0.9625837,0.037361953,5.438053e-05
BANK_010,SCN_0076,Stressed,Stressed,0.060007617,0.9360895,0.003902849
BANK_011,SCN_0076,Healthy,Healthy,0.99798965,0.0020023806,7.990942e-06
BANK_012,SCN_0076,Healthy,Healthy,0.99992394,7.424371e-05,1.8142769e-06
BANK_013,SCN_0076,Critical,Critical,1.5645255e-05,0.00026563436,0.9997187
BANK_014,SCN_0076,Healthy,Stressed,0.47892407,0.51943296,0.0016429387
BANK_015,SCN_0076,Stressed,Stressed,0.0003212195,0.9309278,0.06875095
BANK_016,SCN_0076,Healthy,Healthy,0.9999099,8.815887e-05,1.9811491e-06
BANK_017,SCN_0076,Critical,Stressed,0.0055385833,0.9831986,0.011262858
BANK_018,SCN_0076,Healthy,Healthy,0.98570585,0.014278025,1.6143402e-05
BANK_019,SCN_0076,Critical,Critical,3.0601343e-05,0.00020986026,0.9997595
BANK_020,SCN_0076,Critical,Critical,0.00017408472,0.071748465,0.92807746
BANK_021,SCN_0076,Stressed,Stressed,0.003253777,0.8415356,0.1552106
BANK_022,SCN_0076,Critical,Critical,0.00021431476,0.06065659,0.93912905
BANK_023,SCN_0076,Healthy,Healthy,0.9988984,0.001094505,7.139223e-06
BANK_024,SCN_0076,Healthy,Healthy,0.8230708,0.17655306,0.0003760895
BANK_025,SCN_0076,Healthy,Healthy,0.5505488,0.44888136,0.00056989427
BANK_026,SCN_0076,Healthy,Healthy,0.96304774,0.0369047,4.7555022e-05
BANK_027,SCN_0076,Healthy,Healthy,0.9258763,0.07398893,0.00013474106
BANK_028,SCN_0076,Stressed,Stressed,0.0006929072,0.94512135,0.05418574
BANK_029,SCN_0076,Stressed,Stressed,0.0012240454,0.99204296,0.0067330557
BANK_030,SCN_0076,Critical,Critical,2.2182385e-05,0.00025216068,0.99972564
BANK_031,SCN_0076,Healthy,Healthy,0.9998882,0.0001085245,3.2499574e-06
BANK_032,SCN_0076,Healthy,Healthy,0.99807966,0.0019130862,7.2120074e-06
BANK_033,SCN_0076,Stressed,Stressed,0.010607491,0.9489588,0.040433723
BANK_034,SCN_0076,Healthy,Healthy,0.5048501,0.4941275,0.001022432
BANK_035,SCN_0076,Healthy,Healthy,0.9998803,0.000116796655,2.9011928e-06
BANK_036,SCN_0076,Healthy,Healthy,0.98614466,0.0138282245,2.7166527e-05
BANK_037,SCN_0076,Stressed,Stressed,0.2976651,0.70016426,0.0021706547
BANK_038,SCN_0076,Healthy,Healthy,0.73493826,0.26484346,0.00021826042
BANK_039,SCN_0076,Healthy,Healthy,0.99956495,0.00042734103,7.643823e-06
BANK_040,SCN_0076,Healthy,Healthy,0.99821115,0.001781537,7.290184e-06
BANK_001,SCN_0077,Healthy,Healthy,0.9999218,7.6511154e-05,1.731023e-06
BANK_002,SCN_0077,Healthy,Healthy,0.99774134,0.0022536656,4.9635732e-06
BANK_003,SCN_0077,Healthy,Healthy,0.9967693,0.0032255955,5.10512e-06
BANK_004,SCN_0077,Healthy,Healthy,0.99939966,0.00059921667,1.080323e-06
BANK_005,SCN_0077,Healthy,Healthy,0.99998116,1.8306673e-05,5.133553e-07
BANK_006,SCN_0077,Stressed,Stressed,0.0023194912,0.9976603,2.0240339e-05
BANK_007,SCN_0077,Healthy,Healthy,0.99997854,2.0660966e-05,8.508011e-07
BANK_008,SCN_0077,Healthy,Stressed,0.3517952,0.64797205,0.00023273317
BANK_009,SCN_0077,Healthy,Healthy,0.99916935,0.0008274072,3.2458652e-06
BANK_010,SCN_0077,Stressed,Healthy,0.54590714,0.45335022,0.0007426786
BANK_011,SCN_0077,Healthy,Healthy,0.99991107,8.813687e-05,7.527488e-07
BANK_012,SCN_0077,Healthy,Healthy,0.99998677,1.2824363e-05,4.268587e-07
BANK_013,SCN_0077,Critical,Critical,8.4193554e-05,0.0003022803,0.9996136
BANK_014,SCN_0077,Healthy,Healthy,0.9440934,0.055768564,0.0001380054
BANK_015,SCN_0077,Stressed,Stressed,0.0010716687,0.9964831,0.0024452026
BANK_016,SCN_0077,Healthy,Healthy,0.9999862,1.3545697e-05,2.5362576e-07
BANK_017,SCN_0077,Stressed,Stressed,0.15943275,0.8394268,0.0011404277
BANK_018,SCN_0077,Healthy,Healthy,0.9995172,0.00048176263,1.0265244e-06
BANK_019,SCN_0077,Critical,Critical,0.00014662316,0.00025427958,0.99959916
BANK_020,SCN_0077,Stressed,Critical,0.0019318317,0.36535725,0.6327109
BANK_021,SCN_0077,Stressed,Stressed,0.0319036,0.9660357,0.0020606774
BANK_022,SCN_0077,Stressed,Critical,0.0014169053,0.3372484,0.6613347
BANK_023,SCN_0077,Healthy,Healthy,0.9999263,7.260417e-05,1.0130877e-06
BANK_024,SCN_0077,Healthy,Healthy,0.9980653,0.0019248873,9.83115e-06
BANK_025,SCN_0077,Healthy,Healthy,0.9672318,0.032732513,3.564989e-05
BANK_026,SCN_0077,Healthy,Healthy,0.9993542,0.0006428625,2.99476e-06
BANK_027,SCN_0077,Healthy,Healthy,0.9988937,0.0011032629,3.118696e-06
BANK_028,SCN_0077,Stressed,Stressed,0.01034512,0.98744154,0.002213357
BANK_029,SCN_0077,Stressed,Stressed,0.038348105,0.96086425,0.00078763056
BANK_030,SCN_0077,Critical,Critical,0.00010179775,0.00026011083,0.9996381
BANK_031,SCN_0077,Healthy,Healthy,0.999979,2.0540308e-05,4.2203771e-07
BANK_032,SCN_0077,Healthy,Healthy,0.9998703,0.0001286349,1.0967129e-06
BANK_033,SCN_0077,Stressed,Stressed,0.056544345,0.9408908,0.0025647993
BANK_034,SCN_0077,Healthy,Healthy,0.99152815,0.008450656,2.122349e-05
BANK_035,SCN_0077,Healthy,Healthy,0.9999764,2.3067836e-05,4.786526e-07
BANK_036,SCN_0077,Healthy,Healthy,0.9995509,0.00044737116,1.7458694e-06
BANK_037,SCN_0077,Healthy,Healthy,0.8269481,0.17263332,0.0004185798
BANK_038,SCN_0077,Healthy,Healthy,0.9946308,0.0053600967,9.095845e-06
BANK_039,SCN_0077,Healthy,Healthy,0.9999664,3.2733627e-05,8.741921e-07
BANK_040,SCN_0077,Healthy,Healthy,0.99981457,0.00018371889,1.7612152e-06
BANK_001,SCN_0078,Healthy,Healthy,0.9998294,0.00016790186,2.6537684e-06
BANK_002,SCN_0078,Healthy,Healthy,0.99243015,0.0075615244,8.313026e-06
BANK_003,SCN_0078,Healthy,Healthy,0.98851085,0.011479186,9.934122e-06
BANK_004,SCN_0078,Healthy,Healthy,0.9982786,0.0017198838,1.5438226e-06
BANK_005,SCN_0078,Healthy,Healthy,0.9999449,5.4335836e-05,7.222616e-07
BANK_006,SCN_0078,Stressed,Stressed,0.00071025814,0.99927896,1.0791779e-05
BANK_007,SCN_0078,Healthy,Healthy,0.9999391,5.938233e-05,1.5642951e-06
BANK_008,SCN_0078,Healthy,Healthy,0.58623564,0.41363934,0.00012500433
BANK_009,SCN_0078,Healthy,Healthy,0.99793893,0.002055948,5.1292654e-06
BANK_010,SCN_0078,Healthy,Healthy,0.6061994,0.3934121,0.00038852924
BANK_011,SCN_0078,Healthy,Healthy,0.99981886,0.00018024683,9.4298804e-07
BANK_012,SCN_0078,Healthy,Healthy,0.99995315,4.6024932e-05,8.208736e-07
BANK_013,SCN_0078,Critical,Critical,2.817584e-05,0.00039963936,0.9995722
BANK_014,SCN_0078,Healthy,Healthy,0.8345593,0.16521797,0.0002227347
BANK_015,SCN_0078,Stressed,Stressed,0.0002099537,0.99896634,0.0008236612
BANK_016,SCN_0078,Healthy,Healthy,0.99996924,3.03487e-05,3.5444424e-07
BANK_017,SCN_0078,Healthy,Stressed,0.076442085,0.9230385,0.00051939033
BANK_018,SCN_0078,Healthy,Healthy,0.99922526,0.00077345653,1.235858e-06
BANK_019,SCN_0078,Critical,Critical,6.7524474e-05,0.0006262298,0.9993062
BANK_020,SCN_0078,Stressed,Stressed,0.0005903862,0.92091537,0.07849426
BANK_021,SCN_0078,Stressed,Stressed,0.0026903101,0.9966959,0.0006138591
BANK_022,SCN_0078,Stressed,Critical,0.0006495847,0.46667343,0.532677
BANK_023,SCN_0078,Healthy,Healthy,0.9996562,0.0003416936,2.1446695e-06
BANK_024,SCN_0078,Healthy,Healthy,0.9963355,0.003654002,1.0469099e-05
BANK_025,SCN_0078,Healthy,Healthy,0.7700152,0.22989711,8.770774e-05
BANK_026,SCN_0078,Healthy,Healthy,0.99819475,0.0017999515,5.259055e-06
BANK_027,SCN_0078,Healthy,Healthy,0.9952165,0.004776585,6.9985995e-06
BANK_028,SCN_0078,Stressed,Stressed,0.0053692125,0.9936451,0.0009857567
BANK_029,SCN_0078,Stressed,Stressed,0.07628765,0.9233298,0.0003825628
BANK_030,SCN_0078,Critical,Critical,7.265112e-05,0.00063603406,0.9992913
BANK_031,SCN_0078,Healthy,Healthy,0.9999498,4.961519e-05,5.276364e-07
BANK_032,SCN_0078,Healthy,Healthy,0.9995447,0.0004531962,2.0655261e-06
BANK_033,SCN_0078,Stressed,Stressed,0.06965391,0.9291144,0.0012316674
BANK_034,SCN_0078,Healthy,Healthy,0.97863626,0.021331077,3.259886e-05
BANK_035,SCN_0078,Healthy,Healthy,0.9999418,5.7569923e-05,5.9913964e-07
BANK_036,SCN_0078,Healthy,Healthy,0.99897134,0.001026538,2.1165026e-06
BANK_037,SCN_0078,Healthy,Healthy,0.82326925,0.17633127,0.00039947056
BANK_038,SCN_0078,Healthy,Healthy,0.9917339,0.008254454,1.1675671e-05
BANK_039,SCN_0078,Healthy,Healthy,0.99989414,0.000104756524,1.1303722e-06
BANK_040,SCN_0078,Healthy,Healthy,0.9995289,0.00046821468,2.9652588e-06
BANK_001,SCN_0079,Healthy,Healthy,0.9752804,0.024646241,7.334276e-05
BANK_002,SCN_0079,Healthy,Stressed,0.32424507,0.6751563,0.0005986355
BANK_003,SCN_0079,Stressed,Stressed,0.22194572,0.77608585,0.001968447
BANK_004,SCN_0079,Healthy,Healthy,0.7238191,0.27604827,0.0001326152
BANK_005,SCN_0079,Healthy,Healthy,0.99971026,0.00028079952,8.882932e-06
BANK_006,SCN_0079,Stressed,Stressed,0.00019522637,0.99972206,8.265112e-05
BANK_007,SCN_0079,Healthy,Healthy,0.9997507,0.00023828221,1.1018004e-05
BANK_008,SCN_0079,Stressed,Stressed,0.0013810798,0.9982389,0.00037994148
BANK_009,SCN_0079,Healthy,Healthy,0.50282484,0.49696022,0.00021494302
BANK_010,SCN_0079,Stressed,Stressed,0.03657121,0.8773651,0.08606366
BANK_011,SCN_0079,Healthy,Healthy,0.9307211,0.06919659,8.225358e-05
BANK_012,SCN_0079,Healthy,Healthy,0.99969375,0.00029868315,7.6200163e-06
BANK_013,SCN_0079,Critical,Critical,9.240239e-06,0.00036272968,0.99962807
BANK_014,SCN_0079,Stressed,Stressed,0.08931407,0.8978725,0.012813406
BANK_015,SCN_0079,Stressed,Critical,0.00016615189,0.4546963,0.5451375
BANK_016,SCN_0079,Healthy,Healthy,0.999708,0.00028697902,5.0094345e-06
BANK_017,SCN_0079,Stressed,Critical,0.0049040494,0.41214582,0.5829501
BANK_018,SCN_0079,Stressed,Stressed,0.01662573,0.9832774,9.6897325e-05
BANK_019,SCN_0079,Critical,Critical,2.2251568e-05,0.00041970058,0.99955803
BANK_020,SCN_0079,Critical,Critical,0.00015533573,0.08127332,0.9185714
BANK_021,SCN_0079,Stressed,Stressed,0.0010492132,0.61031896,0.38863185
BANK_022,SCN_0079,Critical,Critical,0.00014336225,0.03992914,0.95992756
BANK_023,SCN_0079,Healthy,Healthy,0.9710987,0.028855223,4.604989e-05
BANK_024,SCN_0079,Stressed,Stressed,0.0031517614,0.9965469,0.0003013794
BANK_025,SCN_0079,Stressed,Stressed,0.13744956,0.8606433,0.0019070647
BANK_026,SCN_0079,Healthy,Healthy,0.5472691,0.45249584,0.00023504718
BANK_027,SCN_0079,Healthy,Stressed,0.45860028,0.5407005,0.00069920305
BANK_028,SCN_0079,Stressed,Critical,0.0003100308,0.43693972,0.5627503
BANK_029,SCN_0079,Critical,Stressed,0.0010754415,0.7079071,0.2910175
BANK_030,SCN_0079,Critical,Critical,1.533391e-05,0.00035506554,0.9996296
BANK_031,SCN_0079,Healthy,Healthy,0.99964535,0.00034480987,9.780201e-06
BANK_032,SCN_0079,Healthy,Healthy,0.9421849,0.057756346,5.865113e-05
BANK_033,SCN_0079,Stressed,Stressed,0.0029029413,0.69487613,0.3022209
BANK_034,SCN_0079,Healthy,Stressed,0.105888575,0.8879743,0.0061371746
BANK_035,SCN_0079,Healthy,Healthy,0.99959546,0.00039321862,1.1353693e-05
BANK_036,SCN_0079,Healthy,Healthy,0.78087157,0.21895553,0.00017294892
BANK_037,SCN_0079,Stressed,Stressed,0.041838776,0.94643825,0.011722902
BANK_038,SCN_0079,Healthy,Stressed,0.18982178,0.80885315,0.0013250718
BANK_039,SCN_0079,Healthy,Healthy,0.9975458,0.0024260366,2.8138891e-05
BANK_040,SCN_0079,Healthy,Healthy,0.9285648,0.071329825,0.000105371095
BANK_001,SCN_0080,Healthy,Healthy,0.99968517,0.00031160132,3.2187577e-06
BANK_002,SCN_0080,Healthy,Healthy,0.9832615,0.016716488,2.1999616e-05
BANK_003,SCN_0080,Healthy,Healthy,0.8959149,0.10399152,9.36013e-05
BANK_004,SCN_0080,Healthy,Healthy,0.99163944,0.008353902,6.6405223e-06
BANK_005,SCN_0080,Healthy,Healthy,0.99995136,4.714039e-05,1.5504261e-06
BANK_006,SCN_0080,Stressed,Stressed,0.0005653384,0.9994141,2.0599895e-05
BANK_007,SCN_0080,Healthy,Healthy,0.99994254,5.5151435e-05,2.252769e-06
BANK_008,SCN_0080,Stressed,Stressed,0.0017168727,0.99820065,8.243543e-05
BANK_009,SCN_0080,Healthy,Healthy,0.995682,0.004309813,8.212347e-06
BANK_010,SCN_0080,Healthy,Stressed,0.39511636,0.60308355,0.0018001073
BANK_011,SCN_0080,Healthy,Healthy,0.9995807,0.00041723772,2.0918794e-06
BANK_012,SCN_0080,Healthy,Healthy,0.99996173,3.74601e-05,8.369578e-07
BANK_013,SCN_0080,Critical,Critical,2.5089572e-05,0.00044457449,0.9995303
BANK_014,SCN_0080,Stressed,Stressed,0.44665202,0.55223584,0.0011121902
BANK_015,SCN_0080,Stressed,Stressed,0.0004106654,0.9746255,0.024963787
BANK_016,SCN_0080,Healthy,Healthy,0.99996066,3.869826e-05,6.8678384e-07
BANK_017,SCN_0080,Stressed,Stressed,0.008914267,0.9849134,0.006172298
BANK_018,SCN_0080,Healthy,Healthy,0.9979367,0.0020597435,3.5394874e-06
BANK_019,SCN_0080,Critical,Critical,6.0938106e-05,0.00038682547,0.9995522
BANK_020,SCN_0080,Stressed,Critical,0.0005922389,0.25828004,0.74112767
BANK_021,SCN_0080,Stressed,Stressed,0.005544037,0.95155615,0.042899754
BANK_022,SCN_0080,Critical,Critical,0.0005311594,0.25760776,0.7418611
BANK_023,SCN_0080,Healthy,Healthy,0.99968064,0.00031649243,2.876652e-06
BANK_024,SCN_0080,Healthy,Healthy,0.9827954,0.017158942,4.565356e-05
BANK_025,SCN_0080,Healthy,Healthy,0.6870105,0.31266958,0.00031990965
BANK_026,SCN_0080,Stressed,Healthy,0.9953139,0.004675716,1.0341983e-05
BANK_027,SCN_0080,Healthy,Healthy,0.9796944,0.02027175,3.383867e-05
BANK_028,SCN_0080,Stressed,Stressed,0.0009674759,0.9925309,0.0065016137
BANK_029,SCN_0080,Stressed,Stressed,0.0023803676,0.9956449,0.0019747778
BANK_030,SCN_0080,Critical,Critical,4.5242537e-05,0.0003852445,0.9995695
BANK_031,SCN_0080,Healthy,Healthy,0.9999536,4.5339715e-05,1.083779e-06
BANK_032,SCN_0080,Healthy,Healthy,0.999356,0.00064134377,2.6765683e-06
BANK_033,SCN_0080,Stressed,Stressed,0.037244935,0.94042414,0.022330908
BANK_034,SCN_0080,Healthy,Healthy,0.7379548,0.26160514,0.00044005382
BANK_035,SCN_0080,Healthy,Healthy,0.99994826,5.046834e-05,1.2471774e-06
BANK_036,SCN_0080,Stressed,Healthy,0.9980198,0.0019742094,6.0194143e-06
BANK_037,SCN_0080,Stressed,Stressed,0.26771232,0.7308961,0.0013915633
BANK_038,SCN_0080,Healthy,Healthy,0.65904045,0.34082735,0.0001321873
BANK_039,SCN_0080,Healthy,Healthy,0.9998524,0.00014530835,2.2084814e-06
BANK_040,SCN_0080,Healthy,Healthy,0.99928844,0.0007073386,4.2175934e-06
BANK_001,SCN_0083,Healthy,Healthy,0.9924273,0.0075443275,2.8379523e-05
BANK_002,SCN_0083,Healthy,Healthy,0.5870575,0.4126542,0.00028835994
BANK_003,SCN_0083,Healthy,Healthy,0.59388584,0.40526214,0.00085205596
BANK_004,SCN_0083,Healthy,Healthy,0.8211007,0.17881848,8.080469e-05
BANK_005,SCN_0083,Healthy,Healthy,0.9997265,0.00026685087,6.7004326e-06
BANK_006,SCN_0083,Stressed,Stressed,0.0002524164,0.9997092,3.8417445e-05
BANK_007,SCN_0083,Healthy,Healthy,0.9998211,0.00017238279,6.520951e-06
BANK_008,SCN_0083,Stressed,Stressed,0.0026460236,0.9971239,0.00023001299
BANK_009,SCN_0083,Healthy,Healthy,0.80394423,0.1959392,0.00011660229
BANK_010,SCN_0083,Healthy,Stressed,0.07627196,0.90975887,0.01396919
BANK_011,SCN_0083,Healthy,Healthy,0.9791564,0.020814301,2.9368386e-05
BANK_012,SCN_0083,Healthy,Healthy,0.99985504,0.0001412448,3.6719011e-06
BANK_013,SCN_0083,Critical,Critical,1.6161886e-05,0.0005108631,0.99947304
BANK_014,SCN_0083,Stressed,Stressed,0.21943511,0.7766086,0.0039563375
BANK_015,SCN_0083,Stressed,Stressed,0.00033558172,0.7396809,0.25998348
BANK_016,SCN_0083,Healthy,Healthy,0.9998084,0.0001888288,2.8181219e-06
BANK_017,SCN_0083,Stressed,Stressed,0.0073554483,0.8795528,0.1130918
BANK_018,SCN_0083,Stressed,Stressed,0.12617369,0.87373686,8.9482885e-05
BANK_019,SCN_0083,Critical,Critical,3.223412e-05,0.0005079239,0.9994598
BANK_020,SCN_0083,Critical,Critical,0.0002812484,0.14661455,0.85310423
BANK_021,SCN_0083,Critical,Stressed,0.0019518753,0.63353467,0.36451343
BANK_022,SCN_0083,Critical,Critical,0.0002069662,0.045918535,0.9538745
BANK_023,SCN_0083,Healthy,Healthy,0.99091667,0.00906354,1.9840154e-05
BANK_024,SCN_0083,Stressed,Stressed,0.0080701215,0.9917317,0.00019823294
BANK_025,SCN_0083,Healthy,Stressed,0.21402693,0.7849764,0.0009966758
BANK_026,SCN_0083,Healthy,Healthy,0.93828917,0.06163589,7.502104e-05
BANK_027,SCN_0083,Healthy,Stressed,0.44264132,0.5570202,0.00033850563
BANK_028,SCN_0083,Critical,Stressed,0.0007433345,0.56325257,0.4360041
BANK_029,SCN_0083,Stressed,Stressed,0.0025185372,0.92219555,0.075285904
BANK_030,SCN_0083,Critical,Critical,2.2972792e-05,0.00038212643,0.99959487
BANK_031,SCN_0083,Healthy,Healthy,0.9997842,0.00020959001,6.279703e-06
BANK_032,SCN_0083,Healthy,Healthy,0.99416417,0.0058201165,1.576262e-05
BANK_033,SCN_0083,Stressed,Stressed,0.008972524,0.65860605,0.3324214
BANK_034,SCN_0083,Stressed,Stressed,0.33078945,0.6670357,0.0021748715
BANK_035,SCN_0083,Healthy,Healthy,0.9997471,0.00024694589,6.0072634e-06
BANK_036,SCN_0083,Healthy,Healthy,0.95675206,0.043185435,6.243809e-05
BANK_037,SCN_0083,Stressed,Stressed,0.11138543,0.8841665,0.0044481456
BANK_038,SCN_0083,Stressed,Healthy,0.52394986,0.47558177,0.0004683392
BANK_039,SCN_0083,Healthy,Healthy,0.998395,0.0015907778,1.41286055e-05
BANK_040,SCN_0083,Healthy,Healthy,0.9940293,0.0059496546,2.1040236e-05
BANK_001,SCN_0085,Healthy,Healthy,0.86596787,0.13391621,0.00011589233
BANK_002,SCN_0085,Stressed,Healthy,0.5106299,0.48798427,0.0013858414
BANK_003,SCN_0085,Healthy,Stressed,0.24888727,0.7444493,0.0066634477
BANK_004,SCN_0085,Stressed,Healthy,0.5381895,0.4616307,0.00017983138
BANK_005,SCN_0085,Healthy,Healthy,0.99953973,0.0004495338,1.0753187e-05
BANK_006,SCN_0085,Stressed,Stressed,9.889039e-05,0.999795,0.0001060586
BANK_007,SCN_0085,Healthy,Healthy,0.9994949,0.00049151137,1.3516117e-05
BANK_008,SCN_0085,Stressed,Stressed,0.00036422597,0.9988267,0.0008090538
BANK_009,SCN_0085,Healthy,Healthy,0.5945814,0.40523088,0.00018772217
BANK_010,SCN_0085,Stressed,Stressed,0.03973387,0.90437585,0.05589029
BANK_011,SCN_0085,Healthy,Healthy,0.8618212,0.13808319,9.566192e-05
BANK_012,SCN_0085,Healthy,Healthy,0.99948466,0.0005050803,1.02163385e-05
BANK_013,SCN_0085,Critical,Critical,9.773826e-06,0.00038666057,0.99960357
BANK_014,SCN_0085,Stressed,Stressed,0.01775213,0.9675252,0.014722652
BANK_015,SCN_0085,Stressed,Critical,0.0001316025,0.31913704,0.68073136
BANK_016,SCN_0085,Healthy,Healthy,0.99945813,0.00053253944,9.272978e-06
BANK_017,SCN_0085,Stressed,Stressed,0.006250912,0.63469917,0.35904995
BANK_018,SCN_0085,Stressed,Stressed,0.0030524451,0.99686795,7.964856e-05
BANK_019,SCN_0085,Critical,Critical,2.3197172e-05,0.0004345115,0.99954236
BANK_020,SCN_0085,Critical,Critical,0.00011110554,0.023001699,0.9768872
BANK_021,SCN_0085,Stressed,Stressed,0.0006503438,0.69176114,0.30758852
BANK_022,SCN_0085,Critical,Critical,7.435374e-05,0.013397274,0.9865284
BANK_023,SCN_0085,Stressed,Stressed,0.35717106,0.6425794,0.00024960228
BANK_024,SCN_0085,Stressed,Stressed,0.0014688458,0.9981705,0.0003606265
BANK_025,SCN_0085,Stressed,Stressed,0.13281715,0.85880053,0.008382319
BANK_026,SCN_0085,Stressed,Healthy,0.5775257,0.42222494,0.00024933158
BANK_027,SCN_0085,Stressed,Stressed,0.28029376,0.7181057,0.0016005569
BANK_028,SCN_0085,Critical,Critical,0.00039269784,0.4377597,0.5618476
BANK_029,SCN_0085,Stressed,Stressed,0.0010730393,0.59652054,0.40240636
BANK_030,SCN_0085,Critical,Critical,1.3735329e-05,0.00024737214,0.9997389
BANK_031,SCN_0085,Healthy,Healthy,0.99943584,0.00054973055,1.4462726e-05
BANK_032,SCN_0085,Stressed,Stressed,0.46727195,0.53247297,0.00025505826
BANK_033,SCN_0085,Stressed,Stressed,0.0024305463,0.6231448,0.37442467
BANK_034,SCN_0085,Stressed,Stressed,0.069153465,0.9087187,0.022127816
BANK_035,SCN_0085,Healthy,Healthy,0.9992663,0.0007168321,1.6852087e-05
BANK_036,SCN_0085,Healthy,Healthy,0.55144817,0.44831476,0.00023706148
BANK_037,SCN_0085,Stressed,Stressed,0.05621687,0.92216635,0.021616798
BANK_038,SCN_0085,Stressed,Stressed,0.005614967,0.99287874,0.0015063283
BANK_039,SCN_0085,Healthy,Healthy,0.9971649,0.0028068996,2.8231776e-05
BANK_040,SCN_0085,Healthy,Healthy,0.80067956,0.19914062,0.00017977
BANK_001,SCN_0087,Healthy,Healthy,0.85642636,0.14341225,0.00016141872
BANK_002,SCN_0087,Healthy,Healthy,0.77586436,0.19467968,0.02945603
BANK_003,SCN_0087,Stressed,Stressed,0.2580212,0.55169713,0.19028169
BANK_004,SCN_0087,Stressed,Healthy,0.54383564,0.4557003,0.00046400755
BANK_005,SCN_0087,Healthy,Healthy,0.99946946,0.0005052109,2.5397867e-05
BANK_006,SCN_0087,Stressed,Stressed,0.00018174744,0.9977658,0.0020524461
BANK_007,SCN_0087,Healthy,Healthy,0.9993407,0.00063318945,2.60798e-05
BANK_008,SCN_0087,Stressed,Stressed,0.0010601796,0.7830119,0.21592794
BANK_009,SCN_0087,Stressed,Healthy,0.8214654,0.17833976,0.00019491639
BANK_010,SCN_0087,Critical,Stressed,0.0041910885,0.5875925,0.40821642
BANK_011,SCN_0087,Stressed,Stressed,0.2299977,0.7697998,0.00020249787
BANK_012,SCN_0087,Healthy,Healthy,0.99898463,0.0009687335,4.663937e-05
BANK_013,SCN_0087,Critical,Critical,1.1029331e-05,0.0001502104,0.9998387
BANK_014,SCN_0087,Stressed,Stressed,0.0019894585,0.67928934,0.3187212
BANK_015,SCN_0087,Critical,Critical,2.6197364e-05,0.0061509265,0.9938228
BANK_016,SCN_0087,Healthy,Healthy,0.99964464,0.0003385715,1.6795546e-05
BANK_017,SCN_0087,Critical,Critical,0.004426159,0.27606222,0.7195117
BANK_018,SCN_0087,Stressed,Stressed,0.0011884046,0.9986664,0.00014523955
BANK_019,SCN_0087,Critical,Critical,2.7341684e-05,0.00010506189,0.99986756
BANK_020,SCN_0087,Critical,Critical,0.00012632368,0.0049072728,0.99496645
BANK_021,SCN_0087,Stressed,Critical,0.00030858305,0.11863207,0.8810593
BANK_022,SCN_0087,Critical,Critical,7.6062905e-05,0.0065360116,0.99338794
BANK_023,SCN_0087,Stressed,Stressed,0.0042623677,0.9955265,0.00021114804
BANK_024,SCN_0087,Stressed,Stressed,0.00091875397,0.99601537,0.0030658415
BANK_025,SCN_0087,Healthy,Critical,0.12406082,0.39132047,0.48461875
BANK_026,SCN_0087,Stressed,Healthy,0.7809698,0.21873812,0.0002921204
BANK_027,SCN_0087,Critical,Healthy,0.5595077,0.33333167,0.10716057
BANK_028,SCN_0087,Critical,Stressed,0.00086781144,0.5115805,0.48755166
BANK_029,SCN_0087,Critical,Critical,0.00094655994,0.32134062,0.6777128
BANK_030,SCN_0087,Critical,Critical,6.857945e-06,0.00015756134,0.9998356
BANK_031,SCN_0087,Healthy,Healthy,0.9995598,0.00042075373,1.9430106e-05
BANK_032,SCN_0087,Stressed,Stressed,0.0024962544,0.9973788,0.00012494443
BANK_033,SCN_0087,Critical,Critical,0.0023091075,0.17980434,0.81788653
BANK_034,SCN_0087,Stressed,Stressed,0.0063096154,0.6993826,0.29430777
BANK_035,SCN_0087,Healthy,Healthy,0.9995407,0.00043182643,2.7564936e-05
BANK_036,SCN_0087,Stressed,Healthy,0.7500917,0.24954337,0.00036496366
BANK_037,SCN_0087,Critical,Stressed,0.022103239,0.91722083,0.060675982
BANK_038,SCN_0087,Stressed,Stressed,0.0013804566,0.9754792,0.023140397
BANK_039,SCN_0087,Healthy,Healthy,0.9818101,0.018089272,0.000100631674
BANK_040,SCN_0087,Healthy,Stressed,0.20660993,0.7930496,0.00034049546
BANK_001,SCN_0091,Healthy,Healthy,0.99993193,6.6556095e-05,1.476965e-06
BANK_002,SCN_0091,Healthy,Healthy,0.9976744,0.0023208451,4.80427e-06
BANK_003,SCN_0091,Healthy,Healthy,0.9955265,0.004467294,6.1732367e-06
BANK_004,SCN_0091,Healthy,Healthy,0.99944896,0.00054990005,1.1068894e-06
BANK_005,SCN_0091,Healthy,Healthy,0.999987,1.2538788e-05,4.709722e-07
BANK_006,SCN_0091,Stressed,Stressed,0.0012865842,0.99868876,2.4688463e-05
BANK_007,SCN_0091,Healthy,Healthy,0.9999827,1.6569546e-05,7.6856315e-07
BANK_008,SCN_0091,Stressed,Stressed,0.12100428,0.8787335,0.00026223427
BANK_009,SCN_0091,Healthy,Healthy,0.9991462,0.0008506039,3.171893e-06
BANK_010,SCN_0091,Stressed,Healthy,0.6691021,0.33009255,0.00080537726
BANK_011,SCN_0091,Healthy,Healthy,0.9999434,5.5936067e-05,6.3729965e-07
BANK_012,SCN_0091,Healthy,Healthy,0.9999894,1.0261836e-05,3.2776393e-07
BANK_013,SCN_0091,Critical,Critical,5.896328e-05,0.0002725613,0.9996685
BANK_014,SCN_0091,Healthy,Healthy,0.9303093,0.06951672,0.0001740229
BANK_015,SCN_0091,Stressed,Stressed,0.0011511463,0.99429506,0.0045537273
BANK_016,SCN_0091,Healthy,Healthy,0.9999896,1.0148631e-05,2.2281522e-07
BANK_017,SCN_0091,Stressed,Stressed,0.08625223,0.91217834,0.0015694101
BANK_018,SCN_0091,Healthy,Healthy,0.99961203,0.00038718927,8.113707e-07
BANK_019,SCN_0091,Critical,Critical,0.00013574908,0.00021046255,0.9996538
BANK_020,SCN_0091,Stressed,Critical,0.0014656837,0.23628448,0.7622498
BANK_021,SCN_0091,Stressed,Stressed,0.049588926,0.9473229,0.0030881274
BANK_022,SCN_0091,Stressed,Stressed,0.0018144078,0.5414422,0.45674336
BANK_023,SCN_0091,Healthy,Healthy,0.9999336,6.545896e-05,9.727254e-07
BANK_024,SCN_0091,Healthy,Healthy,0.99792755,0.0020599086,1.2572462e-05
BANK_025,SCN_0091,Healthy,Healthy,0.9716428,0.028321784,3.5387744e-05
BANK_026,SCN_0091,Healthy,Healthy,0.9992168,0.0007805599,2.5906415e-06
BANK_027,SCN_0091,Healthy,Healthy,0.99882036,0.0011761978,3.4299087e-06
BANK_028,SCN_0091,Stressed,Stressed,0.0067061144,0.9903319,0.0029619706
BANK_029,SCN_0091,Stressed,Stressed,0.024996651,0.9741303,0.0008730073
BANK_030,SCN_0091,Critical,Critical,6.607758e-05,0.00017479794,0.99975914
BANK_031,SCN_0091,Healthy,Healthy,0.99998295,1.6749762e-05,3.5478052e-07
BANK_032,SCN_0091,Healthy,Healthy,0.9998288,0.00017024504,9.2514637e-07
BANK_033,SCN_0091,Stressed,Stressed,0.06942096,0.9269644,0.0036145737
BANK_034,SCN_0091,Healthy,Healthy,0.99077904,0.009197299,2.362794e-05
BANK_035,SCN_0091,Healthy,Healthy,0.99998343,1.6134925e-05,3.9206353e-07
BANK_036,SCN_0091,Healthy,Healthy,0.99963915,0.00035946482,1.4186356e-06
BANK_037,SCN_0091,Healthy,Healthy,0.8251235,0.17452244,0.00035407153
BANK_038,SCN_0091,Healthy,Healthy,0.9959693,0.0040233387,7.371163e-06
BANK_039,SCN_0091,Healthy,Healthy,0.999967,3.1960524e-05,1.1180347e-06
BANK_040,SCN_0091,Healthy,Healthy,0.99978334,0.0002153325,1.3305377e-06
BANK_001,SCN_0094,Healthy,Healthy,0.99971217,0.0002829905,4.7862227e-06
BANK_002,SCN_0094,Healthy,Healthy,0.981804,0.01813681,5.9162907e-05
BANK_003,SCN_0094,Healthy,Healthy,0.8752652,0.12456266,0.0001721092
BANK_004,SCN_0094,Healthy,Healthy,0.99534374,0.004646513,9.731394e-06
BANK_005,SCN_0094,Healthy,Healthy,0.9999442,5.3633263e-05,2.1478709e-06
BANK_006,SCN_0094,Stressed,Stressed,0.00044666175,0.9995146,3.8719492e-05
BANK_007,SCN_0094,Healthy,Healthy,0.9999436,5.3614207e-05,2.8110674e-06
BANK_008,SCN_0094,Stressed,Stressed,0.0020585388,0.9977041,0.00023744318
BANK_009,SCN_0094,Healthy,Healthy,0.99539375,0.0045928294,1.340667e-05
BANK_010,SCN_0094,Stressed,Stressed,0.17045516,0.8261487,0.0033961607
BANK_011,SCN_0094,Healthy,Healthy,0.999542,0.000454498,3.5814942e-06
BANK_012,SCN_0094,Healthy,Healthy,0.99996316,3.5498677e-05,1.3501786e-06
BANK_013,SCN_0094,Critical,Critical,1.1338085e-05,0.00013815475,0.9998505
BANK_014,SCN_0094,Healthy,Stressed,0.40693852,0.59052867,0.0025327993
BANK_015,SCN_0094,Stressed,Stressed,0.0005247931,0.7063406,0.2931346
BANK_016,SCN_0094,Healthy,Healthy,0.9999721,2.6682135e-05,1.1939859e-06
BANK_017,SCN_0094,Stressed,Stressed,0.0073242765,0.9849089,0.0077667623
BANK_018,SCN_0094,Healthy,Healthy,0.9980725,0.0019225813,4.8850316e-06
BANK_019,SCN_0094,Critical,Critical,1.9210625e-05,9.490186e-05,0.9998859
BANK_020,SCN_0094,Critical,Critical,0.00023840007,0.0928339,0.9069277
BANK_021,SCN_0094,Stressed,Stressed,0.006250377,0.86350846,0.13024117
BANK_022,SCN_0094,Critical,Critical,0.00027749824,0.08973958,0.90998286
BANK_023,SCN_0094,Healthy,Healthy,0.9997024,0.000292594,4.947731e-06
BANK_024,SCN_0094,Healthy,Healthy,0.98299754,0.016888158,0.00011435738
BANK_025,SCN_0094,Healthy,Healthy,0.62241125,0.3767193,0.00086943683
BANK_026,SCN_0094,Healthy,Healthy,0.99420184,0.0057835253,1.4602513e-05
BANK_027,SCN_0094,Healthy,Healthy,0.980536,0.019383887,8.00894e-05
BANK_028,SCN_0094,Stressed,Stressed,0.0008532001,0.98234636,0.016800474
BANK_029,SCN_0094,Stressed,Stressed,0.0016871465,0.9954332,0.002879696
BANK_030,SCN_0094,Critical,Critical,9.114147e-06,6.371824e-05,0.99992716
BANK_031,SCN_0094,Healthy,Healthy,0.9999496,4.909105e-05,1.3708142e-06
BANK_032,SCN_0094,Healthy,Healthy,0.99931335,0.00068328186,3.346308e-06
BANK_033,SCN_0094,Stressed,Stressed,0.019405184,0.95324266,0.027352178
BANK_034,SCN_0094,Stressed,Healthy,0.6505657,0.34819224,0.0012420692
BANK_035,SCN_0094,Healthy,Healthy,0.9999424,5.585414e-05,1.6928562e-06
BANK_036,SCN_0094,Healthy,Healthy,0.99798906,0.0020026248,8.271563e-06
BANK_037,SCN_0094,Stressed,Stressed,0.3201968,0.67532754,0.0044756476
BANK_038,SCN_0094,Healthy,Healthy,0.9317093,0.068107195,0.00018359034
BANK_039,SCN_0094,Healthy,Healthy,0.9998541,0.00014161896,4.242089e-06
BANK_040,SCN_0094,Healthy,Healthy,0.99947304,0.00052319467,3.7846005e-06
BANK_001,SCN_0102,Healthy,Healthy,0.9488572,0.050887957,0.00025491216
BANK_002,SCN_0102,Stressed,Stressed,0.291926,0.70332426,0.0047497614
BANK_003,SCN_0102,Stressed,Stressed,0.20852426,0.7423661,0.049109664
BANK_004,SCN_0102,Healthy,Stressed,0.4317758,0.5678759,0.0003482467
BANK_005,SCN_0102,Healthy,Healthy,0.99925536,0.0007146209,3.003446e-05
BANK_006,SCN_0102,Stressed,Stressed,0.0001462634,0.99949515,0.000358519
BANK_007,SCN_0102,Healthy,Healthy,0.9990903,0.00088287744,2.678866e-05
BANK_008,SCN_0102,Stressed,Stressed,0.00074467144,0.9873926,0.011862741
BANK_009,SCN_0102,Healthy,Stressed,0.4591975,0.5404283,0.00037424907
BANK_010,SCN_0102,Stressed,Stressed,0.0055988254,0.6630499,0.33135128
BANK_011,SCN_0102,Healthy,Healthy,0.7927759,0.20701864,0.00020537837
BANK_012,SCN_0102,Healthy,Healthy,0.9995933,0.00038427193,2.245209e-05
BANK_013,SCN_0102,Critical,Critical,1.0201888e-05,0.00041107924,0.9995788
BANK_014,SCN_0102,Healthy,Stressed,0.011499941,0.65706384,0.33143622
BANK_015,SCN_0102,Critical,Critical,0.00012732197,0.43053114,0.56934154
BANK_016,SCN_0102,Healthy,Healthy,0.9994405,0.00054413127,1.5366739e-05
BANK_017,SCN_0102,Critical,Critical,0.002157664,0.35779908,0.64004326
BANK_018,SCN_0102,Stressed,Stressed,0.0026994378,0.9971366,0.00016398318
BANK_019,SCN_0102,Critical,Critical,3.4832683e-05,0.0006799987,0.99928516
BANK_020,SCN_0102,Critical,Critical,6.131766e-05,0.018230384,0.9817083
BANK_021,SCN_0102,Critical,Critical,0.00046984202,0.17669205,0.82283807
BANK_022,SCN_0102,Critical,Critical,0.00013770907,0.023693888,0.97616845
BANK_023,SCN_0102,Stressed,Stressed,0.23769933,0.762041,0.0002597282
BANK_024,SCN_0102,Stressed,Stressed,0.0013996074,0.9972536,0.0013467899
BANK_025,SCN_0102,Stressed,Stressed,0.13511689,0.7732179,0.09166519
BANK_026,SCN_0102,Stressed,Healthy,0.58355427,0.41605535,0.00039040754
BANK_027,SCN_0102,Stressed,Stressed,0.21769516,0.7783006,0.0040042186
BANK_028,SCN_0102,Critical,Critical,0.00027713654,0.3715233,0.6281995
BANK_029,SCN_0102,Stressed,Critical,0.0006911288,0.28502193,0.7142869
BANK_030,SCN_0102,Critical,Critical,1.7796925e-05,0.00032122282,0.99966097
BANK_031,SCN_0102,Healthy,Healthy,0.9993044,0.0006666423,2.8904868e-05
BANK_032,SCN_0102,Stressed,Stressed,0.4549231,0.5447501,0.0003268282
BANK_033,SCN_0102,Critical,Critical,0.0011381763,0.27828556,0.7205763
BANK_034,SCN_0102,Stressed,Stressed,0.016175583,0.5687605,0.41506386
BANK_035,SCN_0102,Healthy,Healthy,0.99929225,0.00067864306,2.9103478e-05
BANK_036,SCN_0102,Healthy,Healthy,0.51399285,0.48555207,0.00045509558
BANK_037,SCN_0102,Critical,Critical,0.01909105,0.39268968,0.5882193
BANK_038,SCN_0102,Stressed,Stressed,0.0036100715,0.9897188,0.0066711823
BANK_039,SCN_0102,Healthy,Healthy,0.9608375,0.038972367,0.00019013352
BANK_040,SCN_0102,Healthy,Healthy,0.6983979,0.3012973,0.00030477197
BANK_001,SCN_0105,Healthy,Healthy,0.843995,0.1558229,0.00018212113
BANK_002,SCN_0105,Healthy,Stressed,0.19965054,0.7904192,0.009930249
BANK_003,SCN_0105,Stressed,Stressed,0.12618189,0.7214823,0.1523359
BANK_004,SCN_0105,Stressed,Healthy,0.53159577,0.4677842,0.0006200609
BANK_005,SCN_0105,Healthy,Healthy,0.99963737,0.00033907132,2.360984e-05
BANK_006,SCN_0105,Stressed,Stressed,7.743697e-05,0.998483,0.0014395722
BANK_007,SCN_0105,Healthy,Healthy,0.9994684,0.0005021845,2.9440806e-05
BANK_008,SCN_0105,Stressed,Stressed,0.00057226256,0.9461556,0.053272136
BANK_009,SCN_0105,Stressed,Stressed,0.44281828,0.5566733,0.00050844497
BANK_010,SCN_0105,Critical,Stressed,0.0026067889,0.70819646,0.28919682
BANK_011,SCN_0105,Stressed,Healthy,0.60464257,0.39505228,0.00030513236
BANK_012,SCN_0105,Healthy,Healthy,0.9994111,0.000564977,2.3906208e-05
BANK_013,SCN_0105,Critical,Critical,7.7633795e-06,0.00024645525,0.9997458
BANK_014,SCN_0105,Critical,Stressed,0.0026950731,0.67882097,0.31848398
BANK_015,SCN_0105,Critical,Critical,7.627191e-05,0.16841857,0.8315051
BANK_016,SCN_0105,Healthy,Healthy,0.9996642,0.00031688527,1.8901621e-05
BANK_017,SCN_0105,Critical,Stressed,0.0029776462,0.681683,0.31533933
BANK_018,SCN_0105,Stressed,Stressed,0.0012777485,0.99851626,0.00020595243
BANK_019,SCN_0105,Critical,Critical,1.5683343e-05,0.0002354121,0.9997489
BANK_020,SCN_0105,Critical,Critical,2.9553637e-05,0.0051958826,0.99477464
BANK_021,SCN_0105,Critical,Stressed,0.00061126484,0.5893793,0.41000938
BANK_022,SCN_0105,Critical,Critical,6.695999e-05,0.010247307,0.9896857
BANK_023,SCN_0105,Stressed,Stressed,0.007360716,0.99245936,0.00017996258
BANK_024,SCN_0105,Stressed,Stressed,0.0006328851,0.99558496,0.0037821382
BANK_025,SCN_0105,Stressed,Stressed,0.1416646,0.6935936,0.16474177
BANK_026,SCN_0105,Healthy,Stressed,0.4703219,0.5290707,0.00060737407
BANK_027,SCN_0105,Healthy,Stressed,0.26974478,0.71816474,0.012090511
BANK_028,SCN_0105,Stressed,Critical,0.00019626791,0.2011402,0.79866356
BANK_029,SCN_0105,Critical,Critical,0.0006259295,0.31514618,0.6842279
BANK_030,SCN_0105,Critical,Critical,6.150293e-06,0.00021015893,0.9997837
BANK_031,SCN_0105,Healthy,Healthy,0.9994161,0.00054822053,3.566652e-05
BANK_032,SCN_0105,Stressed,Stressed,0.014906118,0.98473734,0.00035661264
BANK_033,SCN_0105,Stressed,Critical,0.0008708785,0.20644218,0.79268694
BANK_034,SCN_0105,Stressed,Stressed,0.009315144,0.8090287,0.18165615
BANK_035,SCN_0105,Healthy,Healthy,0.99933976,0.0006265244,3.371763e-05
BANK_036,SCN_0105,Stressed,Stressed,0.38322696,0.6161345,0.0006385
BANK_037,SCN_0105,Stressed,Stressed,0.018835422,0.8165774,0.16458718
BANK_038,SCN_0105,Stressed,Stressed,0.0024872923,0.9614499,0.03606283
BANK_039,SCN_0105,Healthy,Healthy,0.983721,0.016091848,0.00018713891
BANK_040,SCN_0105,Healthy,Healthy,0.76997745,0.22972767,0.0002949118
BANK_001,SCN_0125,Healthy,Healthy,0.9996878,0.00030799126,4.206743e-06
BANK_002,SCN_0125,Healthy,Healthy,0.98139715,0.018566666,3.6198147e-05
BANK_003,SCN_0125,Stressed,Healthy,0.9024515,0.09744954,9.893141e-05
BANK_004,SCN_0125,Healthy,Healthy,0.99551505,0.0044785296,6.387987e-06
BANK_005,SCN_0125,Healthy,Healthy,0.99994826,5.0095514e-05,1.6139476e-06
BANK_006,SCN_0125,Stressed,Stressed,0.000474168,0.9994979,2.7979728e-05
BANK_007,SCN_0125,Healthy,Healthy,0.99995065,4.731484e-05,2.009026e-06
BANK_008,SCN_0125,Stressed,Stressed,0.0020778305,0.99778533,0.00013684775
BANK_009,SCN_0125,Healthy,Healthy,0.9954241,0.0045649586,1.1005195e-05
BANK_010,SCN_0125,Stressed,Stressed,0.19443637,0.8035288,0.0020348837
BANK_011,SCN_0125,Healthy,Healthy,0.99958056,0.00041701054,2.4641542e-06
BANK_012,SCN_0125,Healthy,Healthy,0.9999646,3.4457214e-05,9.420046e-07
BANK_013,SCN_0125,Critical,Critical,1.46236525e-05,0.00020341741,0.999782
BANK_014,SCN_0125,Healthy,Stressed,0.44643968,0.5521768,0.0013835627
BANK_015,SCN_0125,Stressed,Stressed,0.0005709827,0.8666221,0.13280696
BANK_016,SCN_0125,Healthy,Healthy,0.99997425,2.5026571e-05,7.34007e-07
BANK_017,SCN_0125,Stressed,Stressed,0.0069199833,0.98823845,0.0048415833
BANK_018,SCN_0125,Healthy,Healthy,0.9980862,0.0019101189,3.6441577e-06
BANK_019,SCN_0125,Critical,Critical,3.070232e-05,0.00016284442,0.99980646
BANK_020,SCN_0125,Critical,Critical,0.00029904975,0.1254001,0.87430084
BANK_021,SCN_0125,Stressed,Stressed,0.006740868,0.939758,0.053501107
BANK_022,SCN_0125,Critical,Critical,0.0003498858,0.15337963,0.8462705
BANK_023,SCN_0125,Healthy,Healthy,0.9997012,0.00029535824,3.3939286e-06
BANK_024,SCN_0125,Healthy,Healthy,0.9836609,0.01626536,7.372424e-05
BANK_025,SCN_0125,Healthy,Healthy,0.64179534,0.35776713,0.00043752466
BANK_026,SCN_0125,Healthy,Healthy,0.99392647,0.0060617644,1.1750576e-05
BANK_027,SCN_0125,Healthy,Healthy,0.98156977,0.018380035,5.026705e-05
BANK_028,SCN_0125,Stressed,Stressed,0.00077190157,0.9901281,0.00909997
BANK_029,SCN_0125,Stressed,Stressed,0.0016913165,0.9968534,0.0014553192
BANK_030,SCN_0125,Critical,Critical,1.5344183e-05,0.00011822678,0.99986637
BANK_031,SCN_0125,Healthy,Healthy,0.99995184,4.712432e-05,1.0473019e-06
BANK_032,SCN_0125,Healthy,Healthy,0.9993831,0.00061432604,2.58185e-06
BANK_033,SCN_0125,Stressed,Stressed,0.019443005,0.9670915,0.013465435
BANK_034,SCN_0125,Stressed,Healthy,0.65453297,0.34481457,0.00065243524
BANK_035,SCN_0125,Healthy,Healthy,0.99994445,5.4280445e-05,1.3093587e-06
BANK_036,SCN_0125,Healthy,Healthy,0.9979417,0.0020520787,6.1965816e-06
BANK_037,SCN_0125,Healthy,Stressed,0.25136754,0.7464287,0.0022036738
BANK_038,SCN_0125,Healthy,Healthy,0.9373002,0.062599644,0.00010018708
BANK_039,SCN_0125,Healthy,Healthy,0.99985766,0.00013897849,3.3157323e-06
BANK_040,SCN_0125,Healthy,Healthy,0.9994605,0.0005363271,3.1522968e-06
BANK_001,SCN_0132,Healthy,Healthy,0.99996376,3.501015e-05,1.2060622e-06
BANK_002,SCN_0132,Healthy,Healthy,0.99921966,0.00077711244,3.2693385e-06
BANK_003,SCN_0132,Healthy,Healthy,0.9982418,0.0017548825,3.3606418e-06
BANK_004,SCN_0132,Healthy,Healthy,0.9997844,0.00021455911,1.0381933e-06
BANK_005,SCN_0132,Healthy,Healthy,0.99998856,1.09263265e-05,4.6665178e-07
BANK_006,SCN_0132,Stressed,Stressed,0.0044608624,0.99550015,3.9014878e-05
BANK_007,SCN_0132,Healthy,Healthy,0.99998724,1.2109628e-05,6.0807326e-07
BANK_008,SCN_0132,Healthy,Healthy,0.99264693,0.0073372344,1.5855063e-05
BANK_009,SCN_0132,Healthy,Healthy,0.9997279,0.00027024926,1.8693696e-06
BANK_010,SCN_0132,Healthy,Healthy,0.90642077,0.09316547,0.0004137265
BANK_011,SCN_0132,Healthy,Healthy,0.9999659,3.3410626e-05,6.568219e-07
BANK_012,SCN_0132,Healthy,Healthy,0.99998677,1.2752516e-05,4.947489e-07
BANK_013,SCN_0132,Critical,Critical,6.8012996e-05,0.0003856899,0.99954623
BANK_014,SCN_0132,Healthy,Healthy,0.99517775,0.0047972593,2.4962195e-05
BANK_015,SCN_0132,Stressed,Stressed,0.00068455294,0.9975231,0.0017923071
BANK_016,SCN_0132,Healthy,Healthy,0.99999285,6.893359e-06,2.3597407e-07
BANK_017,SCN_0132,Stressed,Stressed,0.108943,0.8902642,0.00079284003
BANK_018,SCN_0132,Healthy,Healthy,0.9998834,0.00011590313,6.675717e-07
BANK_019,SCN_0132,Critical,Critical,0.00012636198,0.00034145598,0.9995322
BANK_020,SCN_0132,Stressed,Stressed,0.0014955725,0.64627224,0.35223213
BANK_021,SCN_0132,Stressed,Stressed,0.0077612475,0.99042714,0.0018115644
BANK_022,SCN_0132,Critical,Stressed,0.0008646376,0.94203335,0.057102006
BANK_023,SCN_0132,Healthy,Healthy,0.9999653,3.3974473e-05,7.281683e-07
BANK_024,SCN_0132,Healthy,Healthy,0.9994153,0.0005738669,1.0897164e-05
BANK_025,SCN_0132,Healthy,Healthy,0.9925533,0.007433884,1.27791445e-05
BANK_026,SCN_0132,Healthy,Healthy,0.9997143,0.00028394052,1.6965328e-06
BANK_027,SCN_0132,Healthy,Healthy,0.999549,0.0004488485,2.1343565e-06
BANK_028,SCN_0132,Stressed,Stressed,0.0073277727,0.9906887,0.0019835024
BANK_029,SCN_0132,Stressed,Stressed,0.057425115,0.9421568,0.0004180486
BANK_030,SCN_0132,Critical,Critical,6.8588386e-05,0.00024637987,0.99968505
BANK_031,SCN_0132,Healthy,Healthy,0.99998546,1.4111826e-05,4.2006042e-07
BANK_032,SCN_0132,Healthy,Healthy,0.99991095,8.819143e-05,8.2614554e-07
BANK_033,SCN_0132,Stressed,Stressed,0.103759326,0.8944187,0.0018219891
BANK_034,SCN_0132,Healthy,Healthy,0.998453,0.0015381217,8.851418e-06
BANK_035,SCN_0132,Healthy,Healthy,0.99998844,1.1114002e-05,3.954255e-07
BANK_036,SCN_0132,Healthy,Healthy,0.9998822,0.00011666218,1.1523761e-06
BANK_037,SCN_0132,Healthy,Healthy,0.97747153,0.022435725,9.275852e-05
BANK_038,SCN_0132,Healthy,Healthy,0.99948114,0.0005156981,3.2182695e-06
BANK_039,SCN_0132,Healthy,Healthy,0.99997413,2.4580268e-05,1.343577e-06
BANK_040,SCN_0132,Healthy,Healthy,0.99987423,0.00012453228,1.2704526e-06
BANK_001,SCN_0149,Healthy,Healthy,0.9941381,0.0058329497,2.8926015e-05
BANK_002,SCN_0149,Healthy,Healthy,0.5541787,0.44536367,0.00045758457
BANK_003,SCN_0149,Healthy,Stressed,0.48800305,0.5109402,0.0010568117
BANK_004,SCN_0149,Healthy,Healthy,0.7317204,0.26815012,0.00012950443
BANK_005,SCN_0149,Healthy,Healthy,0.9996908,0.00030094534,8.337021e-06
BANK_006,SCN_0149,Stressed,Stressed,0.00035139543,0.9995915,5.7115896e-05
BANK_007,SCN_0149,Healthy,Healthy,0.99982077,0.00017063247,8.656288e-06
BANK_008,SCN_0149,Stressed,Stressed,0.0027920934,0.9969241,0.0002838131
BANK_009,SCN_0149,Healthy,Healthy,0.8324798,0.16738203,0.00013821735
BANK_010,SCN_0149,Stressed,Stressed,0.040094662,0.94292367,0.01698174
BANK_011,SCN_0149,Healthy,Healthy,0.9819057,0.018056238,3.806294e-05
BANK_012,SCN_0149,Healthy,Healthy,0.99981815,0.00017691961,4.932384e-06
BANK_013,SCN_0149,Critical,Critical,1.461153e-05,0.00022964933,0.9997557
BANK_014,SCN_0149,Healthy,Stressed,0.28179273,0.7115654,0.006641848
BANK_015,SCN_0149,Stressed,Critical,0.0002704338,0.36879948,0.63093007
BANK_016,SCN_0149,Healthy,Healthy,0.9997489,0.0002458628,5.2892556e-06
BANK_017,SCN_0149,Stressed,Stressed,0.0061780787,0.9144573,0.07936455
BANK_018,SCN_0149,Healthy,Stressed,0.22839238,0.77146053,0.00014708767
BANK_019,SCN_0149,Critical,Critical,1.8962732e-05,0.00018462591,0.99979645
BANK_020,SCN_0149,Critical,Critical,0.00017587966,0.07450914,0.925315
BANK_021,SCN_0149,Critical,Stressed,0.0017129512,0.7597871,0.2385
BANK_022,SCN_0149,Critical,Critical,9.811944e-05,0.01182619,0.9880756
BANK_023,SCN_0149,Healthy,Healthy,0.99149996,0.00846579,3.4303113e-05
BANK_024,SCN_0149,Healthy,Stressed,0.017237915,0.9824698,0.0002922597
BANK_025,SCN_0149,Stressed,Stressed,0.23969674,0.75884306,0.0014601598
BANK_026,SCN_0149,Healthy,Healthy,0.8907746,0.10910028,0.00012507841
BANK_027,SCN_0149,Healthy,Healthy,0.5931856,0.40626472,0.0005496614
BANK_028,SCN_0149,Stressed,Stressed,0.00050463196,0.51442134,0.48507404
BANK_029,SCN_0149,Stressed,Stressed,0.0019421374,0.8918561,0.10620181
BANK_030,SCN_0149,Critical,Critical,1.1028084e-05,0.00015649134,0.9998325
BANK_031,SCN_0149,Healthy,Healthy,0.9996412,0.00035065896,8.155234e-06
BANK_032,SCN_0149,Healthy,Healthy,0.992482,0.00749428,2.373168e-05
BANK_033,SCN_0149,Stressed,Stressed,0.0055070394,0.7956302,0.19886276
BANK_034,SCN_0149,Healthy,Stressed,0.37112355,0.6255007,0.0033757905
BANK_035,SCN_0149,Healthy,Healthy,0.99962735,0.00036471998,7.963596e-06
BANK_036,SCN_0149,Healthy,Healthy,0.9091044,0.09079078,0.00010481134
BANK_037,SCN_0149,Stressed,Stressed,0.16805719,0.82521814,0.0067246663
BANK_038,SCN_0149,Healthy,Stressed,0.47744465,0.5218055,0.0007498229
BANK_039,SCN_0149,Healthy,Healthy,0.99824893,0.0017291517,2.1888874e-05
BANK_040,SCN_0149,Healthy,Healthy,0.9913693,0.008601361,2.9382642e-05
BANK_001,SCN_0155,Healthy,Healthy,0.88637406,0.11295755,0.000668349
BANK_002,SCN_0155,Healthy,Stressed,0.14585245,0.6963252,0.15782239
BANK_003,SCN_0155,Healthy,Stressed,0.16015384,0.7122868,0.12755938
BANK_004,SCN_0155,Healthy,Stressed,0.42719635,0.5717994,0.0010042882
BANK_005,SCN_0155,Healthy,Healthy,0.99953353,0.00040489985,6.1644096e-05
BANK_006,SCN_0155,Stressed,Stressed,0.00022937651,0.9751813,0.02458931
BANK_007,SCN_0155,Healthy,Healthy,0.999461,0.000463965,7.4999785e-05
BANK_008,SCN_0155,Stressed,Stressed,0.0003783333,0.9364211,0.06320054
BANK_009,SCN_0155,Healthy,Stressed,0.34996337,0.6486694,0.0013672044
BANK_010,SCN_0155,Stressed,Critical,0.0015270922,0.21003039,0.7884425
BANK_011,SCN_0155,Healthy,Healthy,0.6700144,0.32944402,0.0005416405
BANK_012,SCN_0155,Healthy,Healthy,0.9996172,0.00033652343,4.61921e-05
BANK_013,SCN_0155,Critical,Critical,2.7809451e-06,6.480092e-05,0.9999324
BANK_014,SCN_0155,Stressed,Stressed,0.0013127872,0.61468023,0.384007
BANK_015,SCN_0155,Critical,Critical,1.7963317e-05,0.017697476,0.98228455
BANK_016,SCN_0155,Healthy,Healthy,0.9996159,0.00034930772,3.4711447e-05
BANK_017,SCN_0155,Stressed,Critical,0.0020890646,0.25067863,0.74723226
BANK_018,SCN_0155,Stressed,Stressed,0.0007633054,0.9989937,0.00024301662
BANK_019,SCN_0155,Critical,Critical,6.249193e-06,9.502515e-05,0.9998987
BANK_020,SCN_0155,Critical,Critical,1.69111e-05,0.0010725246,0.99891055
BANK_021,SCN_0155,Critical,Critical,0.00019149746,0.0991911,0.9006174
BANK_022,SCN_0155,Critical,Critical,2.3940209e-05,0.003124276,0.99685174
BANK_023,SCN_0155,Stressed,Stressed,0.0038573043,0.995904,0.00023863008
BANK_024,SCN_0155,Stressed,Stressed,0.0013159779,0.9402122,0.05847186
BANK_025,SCN_0155,Stressed,Stressed,0.06584657,0.74870676,0.18544663
BANK_026,SCN_0155,Stressed,Stressed,0.25688767,0.7420975,0.001014819
BANK_027,SCN_0155,Stressed,Stressed,0.16433176,0.7903221,0.04534607
BANK_028,SCN_0155,Critical,Critical,0.00017044565,0.079907306,0.91992223
BANK_029,SCN_0155,Critical,Critical,0.0005819864,0.26903784,0.7303801
BANK_030,SCN_0155,Critical,Critical,2.4675494e-06,9.4990806e-05,0.9999025
BANK_031,SCN_0155,Healthy,Healthy,0.99952054,0.00042761597,5.1851814e-05
BANK_032,SCN_0155,Stressed,Stressed,0.005799786,0.9938938,0.00030634875
BANK_033,SCN_0155,Critical,Critical,0.0006759103,0.2036984,0.7956257
BANK_034,SCN_0155,Stressed,Stressed,0.003645026,0.8294475,0.1669075
BANK_035,SCN_0155,Healthy,Healthy,0.9992047,0.0007197162,7.561448e-05
BANK_036,SCN_0155,Stressed,Stressed,0.34421077,0.6544563,0.0013329043
BANK_037,SCN_0155,Stressed,Critical,0.01292561,0.40763786,0.57943654
BANK_038,SCN_0155,Stressed,Stressed,0.0015500615,0.93984616,0.058603827
BANK_039,SCN_0155,Healthy,Healthy,0.99192894,0.007806084,0.00026494553
BANK_040,SCN_0155,Healthy,Healthy,0.5245663,0.47448403,0.0009496521
BANK_001,SCN_0156,Healthy,Healthy,0.9998945,0.00010319011,2.2888967e-06
BANK_002,SCN_0156,Healthy,Healthy,0.99673694,0.003256009,7.0317346e-06
BANK_003,SCN_0156,Healthy,Healthy,0.99483204,0.0051604165,7.4965164e-06
BANK_004,SCN_0156,Healthy,Healthy,0.9985927,0.0014052409,2.103372e-06
BANK_005,SCN_0156,Healthy,Healthy,0.9999645,3.469065e-05,8.2772846e-07
BANK_006,SCN_0156,Stressed,Stressed,0.0011886877,0.9987919,1.9427865e-05
BANK_007,SCN_0156,Healthy,Healthy,0.9999461,5.2209845e-05,1.6964277e-06
BANK_008,SCN_0156,Healthy,Stressed,0.16163275,0.8381065,0.0002607055
BANK_009,SCN_0156,Healthy,Healthy,0.9986179,0.0013770907,5.041069e-06
BANK_010,SCN_0156,Healthy,Stressed,0.36027926,0.63875645,0.0009642768
BANK_011,SCN_0156,Healthy,Healthy,0.99981385,0.00018487296,1.3294342e-06
BANK_012,SCN_0156,Healthy,Healthy,0.9999814,1.8056924e-05,5.8447216e-07
BANK_013,SCN_0156,Critical,Critical,5.3417163e-05,0.00027547078,0.9996711
BANK_014,SCN_0156,Healthy,Healthy,0.74062175,0.2589901,0.00038809725
BANK_015,SCN_0156,Stressed,Stressed,0.00054353697,0.9972746,0.0021818883
BANK_016,SCN_0156,Healthy,Healthy,0.99997437,2.5220672e-05,4.0168024e-07
BANK_017,SCN_0156,Stressed,Stressed,0.19476447,0.80395174,0.0012837442
BANK_018,SCN_0156,Healthy,Healthy,0.999005,0.0009932996,1.6979566e-06
BANK_019,SCN_0156,Critical,Critical,8.025629e-05,0.0002629533,0.9996568
BANK_020,SCN_0156,Stressed,Critical,0.0011302708,0.3560659,0.64280385
BANK_021,SCN_0156,Stressed,Stressed,0.016311314,0.9818658,0.0018228258
BANK_022,SCN_0156,Stressed,Critical,0.00088279345,0.36062032,0.6384969
BANK_023,SCN_0156,Healthy,Healthy,0.99978524,0.00021253803,2.1809467e-06
BANK_024,SCN_0156,Healthy,Healthy,0.99563897,0.004340976,2.0043803e-05
BANK_025,SCN_0156,Healthy,Healthy,0.92937094,0.07056795,6.112361e-05
BANK_026,SCN_0156,Healthy,Healthy,0.99882334,0.0011719107,4.6965206e-06
BANK_027,SCN_0156,Healthy,Healthy,0.99725777,0.0027364264,5.8245982e-06
BANK_028,SCN_0156,Stressed,Stressed,0.0062221563,0.9914983,0.002279501
BANK_029,SCN_0156,Stressed,Stressed,0.02569043,0.9736009,0.00070858636
BANK_030,SCN_0156,Critical,Critical,4.990723e-05,0.00029111782,0.99965894
BANK_031,SCN_0156,Healthy,Healthy,0.9999664,3.304742e-05,5.901686e-07
BANK_032,SCN_0156,Healthy,Healthy,0.9997398,0.00025838605,1.7462877e-06
BANK_033,SCN_0156,Stressed,Stressed,0.04035705,0.9572387,0.0024043103
BANK_034,SCN_0156,Healthy,Healthy,0.98072755,0.019231245,4.119748e-05
BANK_035,SCN_0156,Healthy,Healthy,0.99995565,4.365746e-05,7.357622e-07
BANK_036,SCN_0156,Healthy,Healthy,0.9991855,0.0008118359,2.6703374e-06
BANK_037,SCN_0156,Healthy,Healthy,0.71961504,0.27976763,0.0006173461
BANK_038,SCN_0156,Healthy,Healthy,0.9754537,0.024521517,2.4803297e-05
BANK_039,SCN_0156,Healthy,Healthy,0.999938,6.0537248e-05,1.4808653e-06
BANK_040,SCN_0156,Healthy,Healthy,0.9997242,0.00027333086,2.46312e-06
BANK_001,SCN_0173,Healthy,Healthy,0.5672817,0.43188763,0.00083063764
BANK_002,SCN_0173,Stressed,Stressed,0.07450971,0.8892704,0.036219846
BANK_003,SCN_0173,Stressed,Stressed,0.079335175,0.83625484,0.08440999
BANK_004,SCN_0173,Healthy,Stressed,0.33736113,0.6619452,0.0006936639
BANK_005,SCN_0173,Healthy,Healthy,0.99907434,0.00086858176,5.7064244e-05
BANK_006,SCN_0173,Stressed,Stressed,8.470373e-05,0.99084634,0.00906903
BANK_007,SCN_0173,Healthy,Healthy,0.99886,0.0010789332,6.1091116e-05
BANK_008,SCN_0173,Stressed,Stressed,0.00019353253,0.9750435,0.02476303
BANK_009,SCN_0173,Stressed,Stressed,0.13935444,0.8598651,0.0007803719
BANK_010,SCN_0173,Stressed,Critical,0.0010748561,0.3566445,0.6422806
BANK_011,SCN_0173,Stressed,Stressed,0.3320235,0.66736776,0.00060876063
BANK_012,SCN_0173,Healthy,Healthy,0.9989767,0.0009840828,3.9219478e-05
BANK_013,SCN_0173,Critical,Critical,2.1601381e-06,9.199272e-05,0.9999058
BANK_014,SCN_0173,Critical,Stressed,0.00105796,0.70996964,0.2889724
BANK_015,SCN_0173,Critical,Critical,1.2065327e-05,0.014040329,0.9859476
BANK_016,SCN_0173,Healthy,Healthy,0.9992592,0.0007092687,3.1576805e-05
BANK_017,SCN_0173,Stressed,Critical,0.001823379,0.45728388,0.5408928
BANK_018,SCN_0173,Stressed,Stressed,0.0005434407,0.9992084,0.00024825588
BANK_019,SCN_0173,Critical,Critical,7.994009e-06,0.00016453145,0.9998275
BANK_020,SCN_0173,Critical,Critical,1.2801772e-05,0.0023521185,0.9976351
BANK_021,SCN_0173,Critical,Critical,0.00027883163,0.37736455,0.6223566
BANK_022,SCN_0173,Critical,Critical,2.1151542e-05,0.0034327188,0.9965461
BANK_023,SCN_0173,Stressed,Stressed,0.0025151377,0.99735993,0.00012491764
BANK_024,SCN_0173,Stressed,Stressed,0.0006468069,0.92139137,0.07796182
BANK_025,SCN_0173,Stressed,Stressed,0.0403501,0.8452025,0.11444735
BANK_026,SCN_0173,Stressed,Stressed,0.27912077,0.7201158,0.0007634749
BANK_027,SCN_0173,Healthy,Stressed,0.12112432,0.8415949,0.037280817
BANK_028,SCN_0173,Critical,Critical,0.00014485422,0.15746632,0.8423888
BANK_029,SCN_0173,Critical,Critical,0.0004409979,0.23560233,0.76395667
BANK_030,SCN_0173,Critical,Critical,2.560191e-06,0.00011334309,0.9998841
BANK_031,SCN_0173,Healthy,Healthy,0.999076,0.0008646883,5.923813e-05
BANK_032,SCN_0173,Stressed,Stressed,0.0034035337,0.9964077,0.00018872193
BANK_033,SCN_0173,Critical,Critical,0.0006072631,0.20217903,0.79721373
BANK_034,SCN_0173,Stressed,Stressed,0.0020503574,0.6772891,0.32066053
BANK_035,SCN_0173,Healthy,Healthy,0.9986064,0.0013193745,7.430416e-05
BANK_036,SCN_0173,Stressed,Stressed,0.20325883,0.7958838,0.0008574061
BANK_037,SCN_0173,Critical,Critical,0.0074607986,0.37038717,0.62215203
BANK_038,SCN_0173,Stressed,Stressed,0.0006130923,0.97899777,0.020389194
BANK_039,SCN_0173,Healthy,Healthy,0.9743911,0.025173713,0.0004351546
BANK_040,SCN_0173,Stressed,Stressed,0.3693526,0.6300701,0.00057722477
BANK_001,SCN_0174,Healthy,Healthy,0.9998802,0.00011790537,1.9312104e-06
BANK_002,SCN_0174,Healthy,Healthy,0.9972595,0.0027354828,4.955034e-06
BANK_003,SCN_0174,Healthy,Healthy,0.99574727,0.0042476295,5.123817e-06
BANK_004,SCN_0174,Healthy,Healthy,0.9993299,0.0006689649,1.1325887e-06
BANK_005,SCN_0174,Healthy,Healthy,0.9999759,2.3469824e-05,6.1151894e-07
BANK_006,SCN_0174,Stressed,Stressed,0.0018697174,0.9981098,2.0441119e-05
BANK_007,SCN_0174,Healthy,Healthy,0.9999738,2.5222651e-05,9.715628e-07
BANK_008,SCN_0174,Healthy,Healthy,0.69303346,0.3068211,0.00014538805
BANK_009,SCN_0174,Healthy,Healthy,0.99903893,0.00095702056,4.0525947e-06
BANK_010,SCN_0174,Healthy,Healthy,0.7198899,0.27961445,0.0004956512
BANK_011,SCN_0174,Healthy,Healthy,0.99990654,9.271253e-05,7.4672295e-07
BANK_012,SCN_0174,Healthy,Healthy,0.9999795,2.0030471e-05,4.572235e-07
BANK_013,SCN_0174,Critical,Critical,3.125972e-05,0.00030711858,0.9996617
BANK_014,SCN_0174,Healthy,Healthy,0.9575818,0.04230867,0.00010950495
BANK_015,SCN_0174,Stressed,Stressed,0.00042890053,0.9976884,0.0018826443
BANK_016,SCN_0174,Healthy,Healthy,0.99998486,1.48263825e-05,2.5507913e-07
BANK_017,SCN_0174,Stressed,Stressed,0.16964611,0.82951933,0.0008345169
BANK_018,SCN_0174,Healthy,Healthy,0.9995845,0.00041454306,1.001254e-06
BANK_019,SCN_0174,Critical,Critical,8.09361e-05,0.00032943557,0.9995896
BANK_020,SCN_0174,Critical,Stressed,0.0010461992,0.646409,0.3525448
BANK_021,SCN_0174,Stressed,Stressed,0.0058307736,0.99285877,0.0013104927
BANK_022,SCN_0174,Stressed,Critical,0.0007538233,0.38603717,0.61320895
BANK_023,SCN_0174,Healthy,Healthy,0.9999021,9.669613e-05,1.1222983e-06
BANK_024,SCN_0174,Healthy,Healthy,0.99785393,0.002137063,9.025108e-06
BANK_025,SCN_0174,Healthy,Healthy,0.9448815,0.055076696,4.1755357e-05
BANK_026,SCN_0174,Healthy,Healthy,0.9993351,0.0006621091,2.7128367e-06
BANK_027,SCN_0174,Healthy,Healthy,0.99869764,0.0012993221,3.0340168e-06
BANK_028,SCN_0174,Stressed,Stressed,0.0064888676,0.9917908,0.0017203866
BANK_029,SCN_0174,Stressed,Stressed,0.084497906,0.91489667,0.00060541456
BANK_030,SCN_0174,Critical,Critical,7.3512325e-05,0.0003084918,0.99961793
BANK_031,SCN_0174,Healthy,Healthy,0.9999752,2.4338218e-05,4.030251e-07
BANK_032,SCN_0174,Healthy,Healthy,0.99982387,0.00017499756,1.1516869e-06
BANK_033,SCN_0174,Stressed,Stressed,0.11796643,0.8795877,0.0024458228
BANK_034,SCN_0174,Healthy,Healthy,0.989762,0.010213177,2.4782612e-05
BANK_035,SCN_0174,Healthy,Healthy,0.99997175,2.771387e-05,4.977101e-07
BANK_036,SCN_0174,Healthy,Healthy,0.9995171,0.00048121338,1.6949788e-06
BANK_037,SCN_0174,Healthy,Healthy,0.8190713,0.18056184,0.00036686406
BANK_038,SCN_0174,Healthy,Healthy,0.9962537,0.0037372932,8.9384075e-06
BANK_039,SCN_0174,Healthy,Healthy,0.9999529,4.6109843e-05,9.3118155e-07
BANK_040,SCN_0174,Healthy,Healthy,0.99978524,0.00021315673,1.6343308e-06
BANK_001,SCN_0181,Healthy,Healthy,0.9901329,0.009836717,3.0360496e-05
BANK_002,SCN_0181,Healthy,Healthy,0.68556803,0.31411767,0.0003142879
BANK_003,SCN_0181,Healthy,Stressed,0.4205648,0.578326,0.0011092226
BANK_004,SCN_0181,Healthy,Healthy,0.63556075,0.36432382,0.00011544683
BANK_005,SCN_0181,Healthy,Healthy,0.9997842,0.00021015161,5.7234083e-06
BANK_006,SCN_0181,Stressed,Stressed,0.0002813614,0.99964654,7.2033705e-05
BANK_007,SCN_0181,Healthy,Healthy,0.9998086,0.00018523837,6.1920196e-06
BANK_008,SCN_0181,Stressed,Stressed,0.0015304311,0.99822253,0.0002470153
BANK_009,SCN_0181,Healthy,Healthy,0.75857,0.24130465,0.00012528921
BANK_010,SCN_0181,Stressed,Stressed,0.06748857,0.85022575,0.08228569
BANK_011,SCN_0181,Healthy,Healthy,0.9679432,0.032010816,4.5947374e-05
BANK_012,SCN_0181,Healthy,Healthy,0.9997297,0.00026473947,5.58039e-06
BANK_013,SCN_0181,Critical,Critical,1.4397738e-05,0.00031372378,0.99967194
BANK_014,SCN_0181,Healthy,Stressed,0.17408888,0.8166832,0.009227947
BANK_015,SCN_0181,Stressed,Critical,0.00022909521,0.4587959,0.54097503
BANK_016,SCN_0181,Healthy,Healthy,0.99969244,0.00030359963,3.9493298e-06
BANK_017,SCN_0181,Healthy,Stressed,0.011627305,0.53516674,0.45320594
BANK_018,SCN_0181,Stressed,Stressed,0.050534032,0.9493855,8.0433485e-05
BANK_019,SCN_0181,Critical,Critical,3.3565884e-05,0.00032139878,0.999645
BANK_020,SCN_0181,Critical,Critical,0.00020419319,0.06889196,0.93090385
BANK_021,SCN_0181,Stressed,Stressed,0.0011427498,0.7151566,0.28370064
BANK_022,SCN_0181,Critical,Critical,0.00014690845,0.027359057,0.972494
BANK_023,SCN_0181,Healthy,Healthy,0.9844301,0.0155381495,3.1750416e-05
BANK_024,SCN_0181,Stressed,Stressed,0.008759537,0.99091864,0.00032184884
BANK_025,SCN_0181,Stressed,Stressed,0.24184178,0.75663537,0.0015228938
BANK_026,SCN_0181,Healthy,Healthy,0.715797,0.28402683,0.00017615918
BANK_027,SCN_0181,Healthy,Healthy,0.80571073,0.19397867,0.00031058572
BANK_028,SCN_0181,Stressed,Critical,0.00055333454,0.47823957,0.5212071
BANK_029,SCN_0181,Stressed,Stressed,0.0014076292,0.7669046,0.2316878
BANK_030,SCN_0181,Critical,Critical,1.811356e-05,0.00029541246,0.9996865
BANK_031,SCN_0181,Healthy,Healthy,0.9996568,0.0003356572,7.573947e-06
BANK_032,SCN_0181,Healthy,Healthy,0.97726065,0.022707455,3.191637e-05
BANK_033,SCN_0181,Stressed,Stressed,0.005414289,0.6515281,0.3430576
BANK_034,SCN_0181,Healthy,Stressed,0.39638412,0.5998622,0.003753591
BANK_035,SCN_0181,Healthy,Healthy,0.99963474,0.00035686235,8.348195e-06
BANK_036,SCN_0181,Healthy,Healthy,0.85320807,0.14667054,0.00012136827
BANK_037,SCN_0181,Healthy,Stressed,0.06439248,0.9273105,0.008296961
BANK_038,SCN_0181,Healthy,Stressed,0.41531923,0.583979,0.0007017649
BANK_039,SCN_0181,Healthy,Healthy,0.9985123,0.0014723408,1.5341155e-05
BANK_040,SCN_0181,Healthy,Healthy,0.96943754,0.030515062,4.7355636e-05
BANK_001,SCN_0183,Healthy,Healthy,0.9933339,0.0066471673,1.9001693e-05
BANK_002,SCN_0183,Healthy,Healthy,0.53696465,0.46280214,0.00023322177
BANK_003,SCN_0183,Stressed,Stressed,0.4748891,0.5245819,0.00052896456
BANK_004,SCN_0183,Healthy,Healthy,0.56039613,0.43952063,8.3238774e-05
BANK_005,SCN_0183,Healthy,Healthy,0.99962413,0.0003706542,5.224619e-06
BANK_006,SCN_0183,Stressed,Stressed,0.00019578586,0.9997781,2.6133874e-05
BANK_007,SCN_0183,Healthy,Healthy,0.9998091,0.00018592215,5.013869e-06
BANK_008,SCN_0183,Stressed,Stressed,0.0015460557,0.99832815,0.00012584726
BANK_009,SCN_0183,Healthy,Healthy,0.843543,0.15637685,8.012357e-05
BANK_010,SCN_0183,Stressed,Stressed,0.031892058,0.9610429,0.007064996
BANK_011,SCN_0183,Healthy,Healthy,0.9720639,0.027912527,2.3538329e-05
BANK_012,SCN_0183,Healthy,Healthy,0.9998165,0.00018058656,2.9662704e-06
BANK_013,SCN_0183,Critical,Critical,2.12492e-05,0.0005030448,0.9994758
BANK_014,SCN_0183,Stressed,Stressed,0.23142932,0.7653484,0.0032222874
BANK_015,SCN_0183,Stressed,Stressed,0.00025910127,0.7619242,0.23781666
BANK_016,SCN_0183,Healthy,Healthy,0.9996793,0.00031730076,3.4118457e-06
BANK_017,SCN_0183,Stressed,Stressed,0.005721959,0.95418894,0.040089082
BANK_018,SCN_0183,Stressed,Stressed,0.114431806,0.8855037,6.445783e-05
BANK_019,SCN_0183,Critical,Critical,3.6577803e-05,0.0004598939,0.9995035
BANK_020,SCN_0183,Stressed,Critical,0.0002895478,0.21227744,0.787433
BANK_021,SCN_0183,Critical,Stressed,0.001390827,0.91765267,0.08095652
BANK_022,SCN_0183,Critical,Critical,0.00017568699,0.028146775,0.97167754
BANK_023,SCN_0183,Healthy,Healthy,0.9898914,0.010088446,2.0126517e-05
BANK_024,SCN_0183,Stressed,Stressed,0.004775876,0.99511516,0.000108946726
BANK_025,SCN_0183,Stressed,Stressed,0.25470763,0.74458826,0.000704063
BANK_026,SCN_0183,Healthy,Healthy,0.92412,0.07581034,6.968429e-05
BANK_027,SCN_0183,Healthy,Healthy,0.56659997,0.43312877,0.0002712992
BANK_028,SCN_0183,Critical,Stressed,0.0005770778,0.7938556,0.2055673
BANK_029,SCN_0183,Stressed,Stressed,0.0016543753,0.9672045,0.03114114
BANK_030,SCN_0183,Critical,Critical,1.9545609e-05,0.0004226168,0.9995578
BANK_031,SCN_0183,Healthy,Healthy,0.9996339,0.000361148,4.946807e-06
BANK_032,SCN_0183,Healthy,Healthy,0.99334323,0.006642237,1.4502258e-05
BANK_033,SCN_0183,Critical,Stressed,0.0061943927,0.8952225,0.09858317
BANK_034,SCN_0183,Stressed,Stressed,0.3388628,0.65951073,0.0016264821
BANK_035,SCN_0183,Healthy,Healthy,0.9996239,0.00037148502,4.5607103e-06
BANK_036,SCN_0183,Healthy,Healthy,0.92953056,0.0704145,5.4918815e-05
BANK_037,SCN_0183,Healthy,Stressed,0.11839333,0.8780285,0.003578163
BANK_038,SCN_0183,Stressed,Stressed,0.30408064,0.69556504,0.00035424743
BANK_039,SCN_0183,Healthy,Healthy,0.99790287,0.0020853165,1.1800715e-05
BANK_040,SCN_0183,Healthy,Healthy,0.99180484,0.008175693,1.9416528e-05
BANK_001,SCN_0186,Healthy,Healthy,0.9734693,0.026445266,8.539392e-05
BANK_002,SCN_0186,Stressed,Stressed,0.29476586,0.70466715,0.00056697486
BANK_003,SCN_0186,Stressed,Stressed,0.21172167,0.7863028,0.00197552
BANK_004,SCN_0186,Healthy,Healthy,0.6988549,0.30100957,0.00013551039
BANK_005,SCN_0186,Healthy,Healthy,0.999676,0.00031446916,9.57782e-06
BANK_006,SCN_0186,Stressed,Stressed,0.0001663388,0.9997595,7.41913e-05
BANK_007,SCN_0186,Healthy,Healthy,0.9997259,0.00026222246,1.1907306e-05
BANK_008,SCN_0186,Stressed,Stressed,0.0012687662,0.998359,0.0003721931
BANK_009,SCN_0186,Healthy,Stressed,0.47142804,0.52835274,0.00021919564
BANK_010,SCN_0186,Stressed,Stressed,0.032339573,0.8839337,0.08372668
BANK_011,SCN_0186,Healthy,Healthy,0.91689867,0.08301242,8.894898e-05
BANK_012,SCN_0186,Healthy,Healthy,0.99967647,0.00031462108,8.895388e-06
BANK_013,SCN_0186,Critical,Critical,9.056582e-06,0.00037057855,0.9996203
BANK_014,SCN_0186,Stressed,Stressed,0.072369754,0.9159001,0.011730146
BANK_015,SCN_0186,Critical,Critical,0.00015479625,0.4970278,0.5028174
BANK_016,SCN_0186,Healthy,Healthy,0.99966943,0.00032527748,5.3014446e-06
BANK_017,SCN_0186,Stressed,Critical,0.004629569,0.3229543,0.67241615
BANK_018,SCN_0186,Stressed,Stressed,0.01441432,0.98549575,8.995299e-05
BANK_019,SCN_0186,Critical,Critical,2.3010092e-05,0.0004908148,0.9994862
BANK_020,SCN_0186,Critical,Critical,0.00014839992,0.088778645,0.91107297
BANK_021,SCN_0186,Stressed,Stressed,0.0009789637,0.6074523,0.39156878
BANK_022,SCN_0186,Critical,Critical,0.00013532295,0.040895965,0.95896876
BANK_023,SCN_0186,Healthy,Healthy,0.9676943,0.03225781,4.788369e-05
BANK_024,SCN_0186,Stressed,Stressed,0.0026898838,0.9970541,0.0002560257
BANK_025,SCN_0186,Stressed,Stressed,0.12842385,0.86967343,0.0019027322
BANK_026,SCN_0186,Healthy,Healthy,0.5299675,0.46980613,0.0002263901
BANK_027,SCN_0186,Stressed,Stressed,0.43411088,0.56523573,0.0006533974
BANK_028,SCN_0186,Stressed,Critical,0.00029332147,0.47774294,0.5219637
BANK_029,SCN_0186,Critical,Stressed,0.0009967173,0.71553504,0.28346822
BANK_030,SCN_0186,Critical,Critical,1.5523749e-05,0.00040805447,0.9995764
BANK_031,SCN_0186,Healthy,Healthy,0.9996062,0.00038351756,1.028333e-05
BANK_032,SCN_0186,Healthy,Healthy,0.94054806,0.059389994,6.190422e-05
BANK_033,SCN_0186,Stressed,Stressed,0.0026629884,0.7140061,0.2833309
BANK_034,SCN_0186,Healthy,Stressed,0.0941866,0.90004456,0.005768869
BANK_035,SCN_0186,Healthy,Healthy,0.9995493,0.00043876815,1.19376855e-05
BANK_036,SCN_0186,Healthy,Healthy,0.75192815,0.24788924,0.00018267366
BANK_037,SCN_0186,Stressed,Stressed,0.038218677,0.9495208,0.012260473
BANK_038,SCN_0186,Stressed,Stressed,0.14864473,0.8501432,0.001212049
BANK_039,SCN_0186,Healthy,Healthy,0.9971788,0.002790669,3.051979e-05
BANK_040,SCN_0186,Healthy,Healthy,0.9289285,0.0709592,0.000112273716
BANK_001,SCN_0194,Healthy,Healthy,0.95985216,0.039994925,0.00015292953
BANK_002,SCN_0194,Stressed,Stressed,0.25687927,0.7403184,0.0028023447
BANK_003,SCN_0194,Healthy,Stressed,0.19205941,0.7869523,0.020988252
BANK_004,SCN_0194,Healthy,Healthy,0.5945355,0.40499187,0.00047257848
BANK_005,SCN_0194,Healthy,Healthy,0.9994748,0.00050386967,2.1269898e-05
BANK_006,SCN_0194,Stressed,Stressed,0.00017831821,0.9991658,0.000655946
BANK_007,SCN_0194,Healthy,Healthy,0.9990514,0.0009155966,3.296002e-05
BANK_008,SCN_0194,Stressed,Stressed,0.00094305404,0.9913372,0.007719783
BANK_009,SCN_0194,Healthy,Healthy,0.55294305,0.44669858,0.00035835573
BANK_010,SCN_0194,Stressed,Stressed,0.0055409316,0.51459455,0.47986454
BANK_011,SCN_0194,Healthy,Healthy,0.74420047,0.2555284,0.00027114633
BANK_012,SCN_0194,Healthy,Healthy,0.999554,0.00042691192,1.9095458e-05
BANK_013,SCN_0194,Critical,Critical,1.0835641e-05,0.00041265317,0.9995765
BANK_014,SCN_0194,Critical,Stressed,0.01302038,0.7372089,0.24977073
BANK_015,SCN_0194,Critical,Critical,0.00011160816,0.18624023,0.8136481
BANK_016,SCN_0194,Healthy,Healthy,0.99951863,0.00046898858,1.2352102e-05
BANK_017,SCN_0194,Stressed,Critical,0.0019877653,0.42708257,0.57092965
BANK_018,SCN_0194,Stressed,Stressed,0.0038051775,0.99606663,0.00012817672
BANK_019,SCN_0194,Critical,Critical,2.2858798e-05,0.0004596745,0.99951744
BANK_020,SCN_0194,Critical,Critical,3.2311054e-05,0.008192378,0.9917753
BANK_021,SCN_0194,Stressed,Critical,0.0003638606,0.108446084,0.89119005
BANK_022,SCN_0194,Critical,Critical,0.0001136742,0.02692532,0.972961
BANK_023,SCN_0194,Healthy,Stressed,0.25787485,0.7417601,0.0003650656
BANK_024,SCN_0194,Stressed,Stressed,0.0017701945,0.99654824,0.0016815588
BANK_025,SCN_0194,Healthy,Stressed,0.12795758,0.83533293,0.036709458
BANK_026,SCN_0194,Stressed,Healthy,0.62866205,0.37100303,0.0003348844
BANK_027,SCN_0194,Stressed,Stressed,0.22723615,0.7699034,0.0028604902
BANK_028,SCN_0194,Stressed,Critical,0.00015448949,0.1890685,0.810777
BANK_029,SCN_0194,Stressed,Critical,0.00048003762,0.25133577,0.74818426
BANK_030,SCN_0194,Critical,Critical,9.3453455e-06,0.00022613473,0.9997645
BANK_031,SCN_0194,Healthy,Healthy,0.99942744,0.00054989324,2.265647e-05
BANK_032,SCN_0194,Stressed,Stressed,0.36299115,0.63663113,0.0003776509
BANK_033,SCN_0194,Critical,Critical,0.0009727917,0.29271463,0.70631254
BANK_034,SCN_0194,Stressed,Stressed,0.03480619,0.88886946,0.07632428
BANK_035,SCN_0194,Healthy,Healthy,0.99941564,0.0005600399,2.4323856e-05
BANK_036,SCN_0194,Stressed,Healthy,0.62051135,0.3790969,0.00039176177
BANK_037,SCN_0194,Stressed,Stressed,0.033069853,0.7535674,0.2133628
BANK_038,SCN_0194,Stressed,Stressed,0.0061888825,0.98823625,0.005574819
BANK_039,SCN_0194,Healthy,Healthy,0.9747917,0.025063882,0.00014446316
BANK_040,SCN_0194,Healthy,Healthy,0.7478464,0.25183958,0.00031399657
BANK_001,SCN_0195,Healthy,Healthy,0.99950826,0.0004870726,4.6506607e-06
BANK_002,SCN_0195,Healthy,Healthy,0.97162926,0.028318364,5.238423e-05
BANK_003,SCN_0195,Healthy,Healthy,0.804851,0.1948787,0.00027027144
BANK_004,SCN_0195,Healthy,Healthy,0.9858496,0.014138271,1.2118854e-05
BANK_005,SCN_0195,Healthy,Healthy,0.9999411,5.6825746e-05,2.0739897e-06
BANK_006,SCN_0195,Stressed,Stressed,0.000461332,0.99952054,1.8170376e-05
BANK_007,SCN_0195,Healthy,Healthy,0.9999331,6.43627e-05,2.4701346e-06
BANK_008,SCN_0195,Stressed,Stressed,0.0012910608,0.9986193,8.9673034e-05
BANK_009,SCN_0195,Healthy,Healthy,0.99283546,0.0071518654,1.2684849e-05
BANK_010,SCN_0195,Stressed,Stressed,0.19194514,0.8056308,0.0024241218
BANK_011,SCN_0195,Healthy,Healthy,0.9992912,0.00070544257,3.2990652e-06
BANK_012,SCN_0195,Healthy,Healthy,0.9999398,5.883199e-05,1.3557843e-06
BANK_013,SCN_0195,Critical,Critical,2.3692553e-05,0.0006247981,0.99935156
BANK_014,SCN_0195,Stressed,Stressed,0.33171487,0.66675276,0.0015323792
BANK_015,SCN_0195,Stressed,Stressed,0.00029303422,0.9805182,0.019188792
BANK_016,SCN_0195,Healthy,Healthy,0.9999505,4.842763e-05,9.954537e-07
BANK_017,SCN_0195,Stressed,Stressed,0.006944789,0.98373115,0.009324008
BANK_018,SCN_0195,Healthy,Healthy,0.9965404,0.0034518973,7.667905e-06
BANK_019,SCN_0195,Critical,Critical,5.298449e-05,0.00045223738,0.9994948
BANK_020,SCN_0195,Critical,Critical,0.0006511251,0.4633586,0.5359903
BANK_021,SCN_0195,Stressed,Stressed,0.0040548965,0.95066565,0.04527945
BANK_022,SCN_0195,Stressed,Critical,0.00053435046,0.49828675,0.5011789
BANK_023,SCN_0195,Healthy,Healthy,0.9994764,0.0005189303,4.713366e-06
BANK_024,SCN_0195,Healthy,Healthy,0.96864724,0.0312835,6.923811e-05
BANK_025,SCN_0195,Stressed,Stressed,0.46983862,0.5295262,0.00063524744
BANK_026,SCN_0195,Healthy,Healthy,0.99184626,0.008132509,2.1238906e-05
BANK_027,SCN_0195,Stressed,Healthy,0.9652152,0.034711577,7.326684e-05
BANK_028,SCN_0195,Stressed,Stressed,0.00072295044,0.9932284,0.0060487385
BANK_029,SCN_0195,Stressed,Stressed,0.0019057321,0.99443734,0.0036568863
BANK_030,SCN_0195,Critical,Critical,3.8111564e-05,0.00046833273,0.9994935
BANK_031,SCN_0195,Healthy,Healthy,0.9999465,5.163916e-05,1.9224956e-06
BANK_032,SCN_0195,Healthy,Healthy,0.99890876,0.0010867321,4.5131706e-06
BANK_033,SCN_0195,Stressed,Stressed,0.032999415,0.91270155,0.05429907
BANK_034,SCN_0195,Healthy,Healthy,0.5140367,0.4849969,0.00096638344
BANK_035,SCN_0195,Healthy,Healthy,0.9999403,5.7606794e-05,2.111804e-06
BANK_036,SCN_0195,Healthy,Healthy,0.99692255,0.003065722,1.1760758e-05
BANK_037,SCN_0195,Stressed,Stressed,0.17884873,0.8197482,0.0014030163
BANK_038,SCN_0195,Healthy,Healthy,0.5611664,0.43867147,0.00016218974
BANK_039,SCN_0195,Healthy,Healthy,0.9998259,0.00017178542,2.3753842e-06
BANK_040,SCN_0195,Healthy,Healthy,0.9989054,0.001088086,6.50641e-06
BANK_001,SCN_0205,Healthy,Healthy,0.99994457,5.4283195e-05,1.1154995e-06
BANK_002,SCN_0205,Healthy,Healthy,0.9989243,0.0010726162,3.1001632e-06
BANK_003,SCN_0205,Healthy,Healthy,0.99779475,0.0022018428,3.4123514e-06
BANK_004,SCN_0205,Healthy,Healthy,0.9996333,0.00036563844,1.0535267e-06
BANK_005,SCN_0205,Healthy,Healthy,0.99998283,1.6716423e-05,4.0442774e-07
BANK_006,SCN_0205,Stressed,Stressed,0.0024216364,0.99755764,2.073464e-05
BANK_007,SCN_0205,Healthy,Healthy,0.9999752,2.4194875e-05,6.010712e-07
BANK_008,SCN_0205,Healthy,Healthy,0.9901574,0.009829345,1.324188e-05
BANK_009,SCN_0205,Healthy,Healthy,0.99949706,0.00050108926,1.8310494e-06
BANK_010,SCN_0205,Healthy,Healthy,0.77984154,0.21977824,0.00038021556
BANK_011,SCN_0205,Healthy,Healthy,0.9999418,5.74674e-05,6.584241e-07
BANK_012,SCN_0205,Healthy,Healthy,0.99998236,1.7181352e-05,5.1107077e-07
BANK_013,SCN_0205,Critical,Critical,0.0001180729,0.0008197154,0.99906224
BANK_014,SCN_0205,Healthy,Healthy,0.9911919,0.008785029,2.2983773e-05
BANK_015,SCN_0205,Stressed,Stressed,0.00045599433,0.9986802,0.00086382375
BANK_016,SCN_0205,Healthy,Healthy,0.9999887,1.1090034e-05,2.3259089e-07
BANK_017,SCN_0205,Healthy,Stressed,0.097982615,0.90147614,0.0005411999
BANK_018,SCN_0205,Healthy,Healthy,0.99975985,0.0002394286,7.75442e-07
BANK_019,SCN_0205,Critical,Critical,0.00018938062,0.0008486917,0.9989619
BANK_020,SCN_0205,Stressed,Stressed,0.0009658744,0.8802329,0.118801236
BANK_021,SCN_0205,Stressed,Stressed,0.0074687013,0.9914778,0.0010535058
BANK_022,SCN_0205,Stressed,Stressed,0.0007487471,0.9756098,0.023641488
BANK_023,SCN_0205,Healthy,Healthy,0.9999362,6.294693e-05,8.1953397e-07
BANK_024,SCN_0205,Healthy,Healthy,0.9988795,0.0011096131,1.0853062e-05
BANK_025,SCN_0205,Healthy,Healthy,0.990593,0.009396713,1.033291e-05
BANK_026,SCN_0205,Healthy,Healthy,0.9995414,0.0004568648,1.8050795e-06
BANK_027,SCN_0205,Healthy,Healthy,0.9993218,0.0006761791,1.9983868e-06
BANK_028,SCN_0205,Stressed,Stressed,0.004882295,0.9942988,0.00081886695
BANK_029,SCN_0205,Stressed,Stressed,0.048966188,0.9507777,0.0002561033
BANK_030,SCN_0205,Critical,Critical,0.00010895441,0.0005847679,0.9993063
BANK_031,SCN_0205,Healthy,Healthy,0.9999696,2.9871786e-05,4.932983e-07
BANK_032,SCN_0205,Healthy,Healthy,0.9998784,0.00012077766,7.9758837e-07
BANK_033,SCN_0205,Stressed,Stressed,0.07377446,0.92539483,0.000830712
BANK_034,SCN_0205,Healthy,Healthy,0.9975763,0.0024151914,8.502548e-06
BANK_035,SCN_0205,Healthy,Healthy,0.9999783,2.1246871e-05,4.396286e-07
BANK_036,SCN_0205,Healthy,Healthy,0.9997516,0.00024714277,1.2192022e-06
BANK_037,SCN_0205,Healthy,Healthy,0.9688608,0.031069066,7.0080605e-05
BANK_038,SCN_0205,Healthy,Healthy,0.9991365,0.00086090824,2.633049e-06
BANK_039,SCN_0205,Healthy,Healthy,0.9999473,5.1307365e-05,1.3498881e-06
BANK_040,SCN_0205,Healthy,Healthy,0.9998405,0.0001583021,1.1202177e-06
BANK_001,SCN_0210,Healthy,Healthy,0.9797259,0.02017724,9.6920965e-05
BANK_002,SCN_0210,Healthy,Healthy,0.5811367,0.4181649,0.00069842587
BANK_003,SCN_0210,Healthy,Stressed,0.3651534,0.6317837,0.0030629172
BANK_004,SCN_0210,Stressed,Healthy,0.74874145,0.25108665,0.00017186899
BANK_005,SCN_0210,Healthy,Healthy,0.9994822,0.0005025448,1.52975e-05
BANK_006,SCN_0210,Stressed,Stressed,7.7547455e-05,0.9998828,3.966834e-05
BANK_007,SCN_0210,Healthy,Healthy,0.9995142,0.00047159143,1.4201496e-05
BANK_008,SCN_0210,Stressed,Stressed,0.00042793184,0.99917006,0.00040207952
BANK_009,SCN_0210,Healthy,Healthy,0.59483796,0.40490714,0.00025490153
BANK_010,SCN_0210,Stressed,Stressed,0.0757928,0.85002035,0.07418688
BANK_011,SCN_0210,Healthy,Healthy,0.9291386,0.07077743,8.402252e-05
BANK_012,SCN_0210,Healthy,Healthy,0.99953115,0.0004567388,1.21666e-05
BANK_013,SCN_0210,Critical,Critical,1.270526e-05,0.00048669023,0.99950063
BANK_014,SCN_0210,Healthy,Stressed,0.04197968,0.9428087,0.015211676
BANK_015,SCN_0210,Critical,Stressed,0.00010739503,0.7817292,0.21816343
BANK_016,SCN_0210,Healthy,Healthy,0.9995797,0.00041126,8.965819e-06
BANK_017,SCN_0210,Stressed,Stressed,0.0074045584,0.6556992,0.3368963
BANK_018,SCN_0210,Stressed,Stressed,0.0045993677,0.99532986,7.0765396e-05
BANK_019,SCN_0210,Critical,Critical,3.0581305e-05,0.0005073794,0.99946207
BANK_020,SCN_0210,Critical,Critical,0.000107514854,0.030824926,0.9690675
BANK_021,SCN_0210,Critical,Critical,0.0008763886,0.46176535,0.5373582
BANK_022,SCN_0210,Critical,Critical,7.595584e-05,0.010176745,0.9897473
BANK_023,SCN_0210,Healthy,Healthy,0.83662343,0.16326137,0.00011516897
BANK_024,SCN_0210,Stressed,Stressed,0.0015615155,0.9982445,0.00019401124
BANK_025,SCN_0210,Stressed,Stressed,0.13214724,0.8648112,0.0030416118
BANK_026,SCN_0210,Healthy,Healthy,0.6579224,0.3418054,0.0002721869
BANK_027,SCN_0210,Stressed,Healthy,0.56902707,0.430041,0.0009319209
BANK_028,SCN_0210,Critical,Critical,0.00036606364,0.22532791,0.774306
BANK_029,SCN_0210,Critical,Stressed,0.0010712201,0.59115225,0.4077765
BANK_030,SCN_0210,Critical,Critical,1.6321608e-05,0.0004804224,0.99950325
BANK_031,SCN_0210,Healthy,Healthy,0.9995497,0.00043623822,1.4028632e-05
BANK_032,SCN_0210,Healthy,Healthy,0.84112537,0.15873066,0.00014400808
BANK_033,SCN_0210,Stressed,Stressed,0.002971395,0.58896554,0.40806308
BANK_034,SCN_0210,Healthy,Stressed,0.12971555,0.8571309,0.013153538
BANK_035,SCN_0210,Healthy,Healthy,0.999428,0.000555256,1.6751837e-05
BANK_036,SCN_0210,Healthy,Healthy,0.7391664,0.26056853,0.00026508758
BANK_037,SCN_0210,Stressed,Stressed,0.13624159,0.76229405,0.101464346
BANK_038,SCN_0210,Stressed,Stressed,0.012939757,0.9861893,0.0008709532
BANK_039,SCN_0210,Healthy,Healthy,0.99661225,0.0033455407,4.21836e-05
BANK_040,SCN_0210,Healthy,Healthy,0.89946,0.10036429,0.00017565316
BANK_001,SCN_0212,Healthy,Healthy,0.9977182,0.0022708597,1.08986915e-05
BANK_002,SCN_0212,Healthy,Healthy,0.6607637,0.33892196,0.0003143462
BANK_003,SCN_0212,Healthy,Healthy,0.67052156,0.32858598,0.0008924654
BANK_004,SCN_0212,Healthy,Healthy,0.69478905,0.3051035,0.000107464366
BANK_005,SCN_0212,Healthy,Healthy,0.9998357,0.0001595741,4.7121566e-06
BANK_006,SCN_0212,Stressed,Stressed,0.00032689288,0.9996319,4.118184e-05
BANK_007,SCN_0212,Healthy,Healthy,0.9998945,0.000100817495,4.644735e-06
BANK_008,SCN_0212,Stressed,Stressed,0.0025656642,0.997283,0.00015137873
BANK_009,SCN_0212,Healthy,Healthy,0.9104795,0.08943184,8.870054e-05
BANK_010,SCN_0212,Stressed,Stressed,0.043166224,0.9436205,0.013213279
BANK_011,SCN_0212,Healthy,Healthy,0.99174035,0.008241371,1.8266144e-05
BANK_012,SCN_0212,Healthy,Healthy,0.99989843,9.9549485e-05,2.0538116e-06
BANK_013,SCN_0212,Critical,Critical,2.604299e-05,0.00040742054,0.9995665
BANK_014,SCN_0212,Stressed,Stressed,0.37505138,0.62065226,0.00429638
BANK_015,SCN_0212,Stressed,Stressed,0.0002792584,0.6689256,0.3307951
BANK_016,SCN_0212,Healthy,Healthy,0.9998254,0.0001714204,3.2134244e-06
BANK_017,SCN_0212,Critical,Stressed,0.008178772,0.8879193,0.1039019
BANK_018,SCN_0212,Stressed,Healthy,0.77084154,0.2290652,9.328249e-05
BANK_019,SCN_0212,Critical,Critical,2.9883087e-05,0.00024773797,0.9997223
BANK_020,SCN_0212,Critical,Critical,0.00019908231,0.10704689,0.892754
BANK_021,SCN_0212,Critical,Stressed,0.0017000719,0.91467524,0.083624706
BANK_022,SCN_0212,Critical,Critical,0.00019137467,0.020687673,0.97912097
BANK_023,SCN_0212,Healthy,Healthy,0.99647224,0.003513786,1.4030955e-05
BANK_024,SCN_0212,Stressed,Stressed,0.040215008,0.9595192,0.00026586262
BANK_025,SCN_0212,Healthy,Stressed,0.4764946,0.5225096,0.0009958412
BANK_026,SCN_0212,Healthy,Healthy,0.96575505,0.034185722,5.9302034e-05
BANK_027,SCN_0212,Healthy,Healthy,0.8173085,0.18234141,0.0003501086
BANK_028,SCN_0212,Stressed,Stressed,0.0005920561,0.5734655,0.42594245
BANK_029,SCN_0212,Stressed,Stressed,0.0020138316,0.9128268,0.085159376
BANK_030,SCN_0212,Critical,Critical,1.6723352e-05,0.00025653825,0.9997267
BANK_031,SCN_0212,Healthy,Healthy,0.9998307,0.00016382457,5.4064813e-06
BANK_032,SCN_0212,Healthy,Healthy,0.99679023,0.0031987287,1.1046311e-05
BANK_033,SCN_0212,Stressed,Stressed,0.007859889,0.7184168,0.27372336
BANK_034,SCN_0212,Stressed,Stressed,0.4227977,0.5752826,0.0019196871
BANK_035,SCN_0212,Healthy,Healthy,0.99979895,0.00019637974,4.734767e-06
BANK_036,SCN_0212,Healthy,Healthy,0.9563302,0.043607246,6.261564e-05
BANK_037,SCN_0212,Stressed,Stressed,0.21035266,0.7850365,0.0046108384
BANK_038,SCN_0212,Healthy,Healthy,0.5391622,0.4604331,0.0004046716
BANK_039,SCN_0212,Healthy,Healthy,0.99910444,0.0008836894,1.1832515e-05
BANK_040,SCN_0212,Healthy,Healthy,0.9962703,0.00371719,1.250835e-05
BANK_001,SCN_0239,Healthy,Healthy,0.9999169,8.1680046e-05,1.4561931e-06
BANK_002,SCN_0239,Healthy,Healthy,0.9970517,0.0029431025,5.212984e-06
BANK_003,SCN_0239,Healthy,Healthy,0.9922759,0.0077177286,6.38782e-06
BANK_004,SCN_0239,Healthy,Healthy,0.99909234,0.00090629724,1.3226294e-06
BANK_005,SCN_0239,Healthy,Healthy,0.9999763,2.3109427e-05,6.101473e-07
BANK_006,SCN_0239,Stressed,Stressed,0.0007410046,0.99924266,1.6328466e-05
BANK_007,SCN_0239,Healthy,Healthy,0.999977,2.2329721e-05,7.1843215e-07
BANK_008,SCN_0239,Stressed,Stressed,0.04329542,0.9565404,0.00016418351
BANK_009,SCN_0239,Healthy,Healthy,0.99873585,0.0012605526,3.5620985e-06
BANK_010,SCN_0239,Healthy,Healthy,0.6224938,0.37688786,0.0006183971
BANK_011,SCN_0239,Healthy,Healthy,0.999899,0.000100259545,6.6779165e-07
BANK_012,SCN_0239,Healthy,Healthy,0.9999827,1.6867209e-05,3.9525736e-07
BANK_013,SCN_0239,Critical,Critical,3.024976e-05,0.00057162525,0.9993981
BANK_014,SCN_0239,Healthy,Healthy,0.7851757,0.21461597,0.00020839884
BANK_015,SCN_0239,Stressed,Stressed,0.0002470865,0.9972293,0.0025236637
BANK_016,SCN_0239,Healthy,Healthy,0.99998426,1.5485213e-05,2.6874426e-07
BANK_017,SCN_0239,Stressed,Stressed,0.047740243,0.9510761,0.0011837337
BANK_018,SCN_0239,Healthy,Healthy,0.99932134,0.0006776687,9.832249e-07
BANK_019,SCN_0239,Critical,Critical,7.17112e-05,0.0005696848,0.9993586
BANK_020,SCN_0239,Stressed,Critical,0.00058356597,0.37255105,0.6268654
BANK_021,SCN_0239,Stressed,Stressed,0.005416592,0.99301505,0.0015683657
BANK_022,SCN_0239,Stressed,Stressed,0.00048053756,0.7767956,0.22272389
BANK_023,SCN_0239,Healthy,Healthy,0.9998628,0.0001361008,1.0723063e-06
BANK_024,SCN_0239,Healthy,Healthy,0.99560755,0.0043780273,1.4444885e-05
BANK_025,SCN_0239,Healthy,Healthy,0.9588233,0.04114249,3.4223907e-05
BANK_026,SCN_0239,Healthy,Healthy,0.9988356,0.0011616169,2.7938995e-06
BANK_027,SCN_0239,Healthy,Healthy,0.99770737,0.002289176,3.3850995e-06
BANK_028,SCN_0239,Stressed,Stressed,0.0015189208,0.9967213,0.0017597689
BANK_029,SCN_0239,Stressed,Stressed,0.0061049326,0.9934402,0.0004548951
BANK_030,SCN_0239,Critical,Critical,3.4051453e-05,0.00043521065,0.9995308
BANK_031,SCN_0239,Healthy,Healthy,0.99997365,2.5939602e-05,4.1467536e-07
BANK_032,SCN_0239,Healthy,Healthy,0.9996201,0.0003788388,1.0700726e-06
BANK_033,SCN_0239,Stressed,Stressed,0.018707082,0.9793258,0.001967137
BANK_034,SCN_0239,Healthy,Healthy,0.98157734,0.018394738,2.7942526e-05
BANK_035,SCN_0239,Healthy,Healthy,0.9999734,2.613043e-05,4.6765425e-07
BANK_036,SCN_0239,Healthy,Healthy,0.99935204,0.00064607395,1.8324308e-06
BANK_037,SCN_0239,Healthy,Healthy,0.6988817,0.3007174,0.00040084092
BANK_038,SCN_0239,Healthy,Healthy,0.9912834,0.00870685,9.751739e-06
BANK_039,SCN_0239,Healthy,Healthy,0.99995077,4.80407e-05,1.2062823e-06
BANK_040,SCN_0239,Healthy,Healthy,0.999681,0.00031757372,1.4467576e-06
BANK_001,SCN_0263,Healthy,Healthy,0.99989116,0.00010656776,2.2566805e-06
BANK_002,SCN_0263,Healthy,Healthy,0.9912582,0.0087288385,1.2984014e-05
BANK_003,SCN_0263,Stressed,Healthy,0.9856231,0.014361753,1.512266e-05
BANK_004,SCN_0263,Healthy,Healthy,0.9980323,0.001965272,2.475079e-06
BANK_005,SCN_0263,Healthy,Healthy,0.9999752,2.40032e-05,7.401174e-07
BANK_006,SCN_0263,Stressed,Stressed,0.00036233632,0.99961877,1.8905504e-05
BANK_007,SCN_0263,Healthy,Healthy,0.9999707,2.8056196e-05,1.3082672e-06
BANK_008,SCN_0263,Stressed,Stressed,0.0044642733,0.99544036,9.5300245e-05
BANK_009,SCN_0263,Healthy,Healthy,0.99839216,0.0016022715,5.5776986e-06
BANK_010,SCN_0263,Healthy,Stressed,0.46769005,0.5309667,0.0013432099
BANK_011,SCN_0263,Healthy,Healthy,0.99978656,0.00021206838,1.3600674e-06
BANK_012,SCN_0263,Healthy,Healthy,0.99997866,2.0786823e-05,5.5899164e-07
BANK_013,SCN_0263,Critical,Critical,1.4127378e-05,0.00016453795,0.99982136
BANK_014,SCN_0263,Healthy,Healthy,0.629373,0.3700225,0.0006044744
BANK_015,SCN_0263,Stressed,Stressed,0.0003326327,0.98908114,0.010586259
BANK_016,SCN_0263,Healthy,Healthy,0.9999751,2.4460098e-05,5.053153e-07
BANK_017,SCN_0263,Stressed,Stressed,0.062392045,0.93444705,0.0031608816
BANK_018,SCN_0263,Healthy,Healthy,0.99898165,0.0010167198,1.6518129e-06
BANK_019,SCN_0263,Critical,Critical,3.2306252e-05,0.00018861916,0.99977905
BANK_020,SCN_0263,Stressed,Critical,0.00025821495,0.082348704,0.917393
BANK_021,SCN_0263,Stressed,Stressed,0.011797978,0.97683483,0.011367264
BANK_022,SCN_0263,Critical,Critical,0.00029060023,0.12953088,0.8701785
BANK_023,SCN_0263,Healthy,Healthy,0.9997551,0.00024276756,2.1962173e-06
BANK_024,SCN_0263,Healthy,Healthy,0.978925,0.021023622,5.1367748e-05
BANK_025,SCN_0263,Healthy,Healthy,0.88768125,0.11221946,9.931266e-05
BANK_026,SCN_0263,Healthy,Healthy,0.9980081,0.0019864063,5.5858827e-06
BANK_027,SCN_0263,Healthy,Healthy,0.9956676,0.004323471,8.918107e-06
BANK_028,SCN_0263,Stressed,Stressed,0.0012372433,0.9940023,0.0047604367
BANK_029,SCN_0263,Stressed,Stressed,0.0031578504,0.9960413,0.0008008325
BANK_030,SCN_0263,Critical,Critical,1.9755118e-05,0.00019951601,0.9997807
BANK_031,SCN_0263,Healthy,Healthy,0.9999691,3.0266694e-05,5.9649346e-07
BANK_032,SCN_0263,Healthy,Healthy,0.9996506,0.0003475192,1.9267902e-06
BANK_033,SCN_0263,Stressed,Stressed,0.025694365,0.9692137,0.005091939
BANK_034,SCN_0263,Stressed,Healthy,0.95266587,0.047247726,8.639521e-05
BANK_035,SCN_0263,Healthy,Healthy,0.9999671,3.2232216e-05,6.917696e-07
BANK_036,SCN_0263,Healthy,Healthy,0.9991165,0.00088072923,2.823796e-06
BANK_037,SCN_0263,Stressed,Healthy,0.54734993,0.4514751,0.001174922
BANK_038,SCN_0263,Healthy,Healthy,0.9766284,0.023339814,3.178977e-05
BANK_039,SCN_0263,Healthy,Healthy,0.9999125,8.535137e-05,2.083243e-06
BANK_040,SCN_0263,Healthy,Healthy,0.99975353,0.00024437346,2.0321947e-06
BANK_001,SCN_0269,Healthy,Healthy,0.99727815,0.0027023556,1.9547806e-05
BANK_002,SCN_0269,Stressed,Healthy,0.7794448,0.22030315,0.00025208242
BANK_003,SCN_0269,Stressed,Healthy,0.61311823,0.3862462,0.0006355575
BANK_004,SCN_0269,Healthy,Healthy,0.9004111,0.0995123,7.6649136e-05
BANK_005,SCN_0269,Healthy,Healthy,0.99978477,0.00020845968,6.7538354e-06
BANK_006,SCN_0269,Stressed,Stressed,0.0003342276,0.99963427,3.1452124e-05
BANK_007,SCN_0269,Healthy,Healthy,0.9998306,0.00016214124,7.2596213e-06
BANK_008,SCN_0269,Stressed,Stressed,0.00250313,0.9972671,0.00022976339
BANK_009,SCN_0269,Healthy,Healthy,0.9074142,0.092482924,0.00010290913
BANK_010,SCN_0269,Stressed,Stressed,0.054551534,0.93966293,0.0057855626
BANK_011,SCN_0269,Healthy,Healthy,0.9955088,0.004473906,1.732512e-05
BANK_012,SCN_0269,Healthy,Healthy,0.9998616,0.00013417192,4.249474e-06
BANK_013,SCN_0269,Critical,Critical,9.233265e-06,0.00015451202,0.9998362
BANK_014,SCN_0269,Stressed,Stressed,0.38908994,0.6078496,0.0030604266
BANK_015,SCN_0269,Critical,Stressed,0.00038728837,0.84819853,0.15141416
BANK_016,SCN_0269,Healthy,Healthy,0.9998388,0.00015754352,3.638611e-06
BANK_017,SCN_0269,Stressed,Stressed,0.0043703117,0.982634,0.0129957115
BANK_018,SCN_0269,Healthy,Healthy,0.8574464,0.14246942,8.4200605e-05
BANK_019,SCN_0269,Critical,Critical,1.8566772e-05,0.00017750185,0.99980396
BANK_020,SCN_0269,Critical,Critical,0.00016541929,0.06805189,0.9317827
BANK_021,SCN_0269,Stressed,Stressed,0.0030642003,0.60405654,0.39287925
BANK_022,SCN_0269,Critical,Critical,0.00013203772,0.037467543,0.9624004
BANK_023,SCN_0269,Healthy,Healthy,0.99681395,0.0031675657,1.8533345e-05
BANK_024,SCN_0269,Healthy,Healthy,0.62618953,0.3729686,0.00084184564
BANK_025,SCN_0269,Stressed,Stressed,0.36314785,0.6358127,0.0010394146
BANK_026,SCN_0269,Healthy,Healthy,0.8647227,0.13516209,0.000115109855
BANK_027,SCN_0269,Stressed,Healthy,0.8201,0.17961584,0.0002841581
BANK_028,SCN_0269,Stressed,Stressed,0.0005621053,0.9530544,0.046383426
BANK_029,SCN_0269,Stressed,Stressed,0.0012784993,0.9878686,0.010852831
BANK_030,SCN_0269,Critical,Critical,1.4188192e-05,0.00017202763,0.99981385
BANK_031,SCN_0269,Healthy,Healthy,0.9997619,0.00023226366,5.8210985e-06
BANK_032,SCN_0269,Healthy,Healthy,0.99461997,0.005363203,1.6842607e-05
BANK_033,SCN_0269,Stressed,Stressed,0.007172408,0.9550971,0.037730515
BANK_034,SCN_0269,Stressed,Stressed,0.45684963,0.5410683,0.0020820133
BANK_035,SCN_0269,Healthy,Healthy,0.9997501,0.00024393115,5.9808885e-06
BANK_036,SCN_0269,Healthy,Healthy,0.96325207,0.03668834,5.9560025e-05
BANK_037,SCN_0269,Stressed,Stressed,0.25115728,0.74528706,0.0035556941
BANK_038,SCN_0269,Healthy,Healthy,0.65031683,0.34920812,0.00047501322
BANK_039,SCN_0269,Healthy,Healthy,0.99893266,0.0010511872,1.6186024e-05
BANK_040,SCN_0269,Healthy,Healthy,0.99513394,0.004845935,2.0110892e-05
BANK_001,SCN_0278,Healthy,Healthy,0.943292,0.056511357,0.00019669287
BANK_002,SCN_0278,Healthy,Healthy,0.592692,0.40565503,0.0016530168
BANK_003,SCN_0278,Healthy,Stressed,0.42735025,0.56666726,0.0059824623
BANK_004,SCN_0278,Stressed,Healthy,0.7813557,0.21837033,0.00027397537
BANK_005,SCN_0278,Healthy,Healthy,0.99952793,0.00045330316,1.8817933e-05
BANK_006,SCN_0278,Stressed,Stressed,0.00022193334,0.99954814,0.0002298545
BANK_007,SCN_0278,Healthy,Healthy,0.9995468,0.0004307535,2.2412198e-05
BANK_008,SCN_0278,Stressed,Stressed,0.0009645085,0.9967249,0.00231062
BANK_009,SCN_0278,Healthy,Healthy,0.59083694,0.40880236,0.00036070216
BANK_010,SCN_0278,Stressed,Stressed,0.06390568,0.6811141,0.25498024
BANK_011,SCN_0278,Healthy,Healthy,0.9338419,0.06604133,0.00011684415
BANK_012,SCN_0278,Healthy,Healthy,0.9997452,0.00024419994,1.055987e-05
BANK_013,SCN_0278,Critical,Critical,8.105498e-06,0.00017213926,0.9998198
BANK_014,SCN_0278,Stressed,Stressed,0.072366305,0.849768,0.07786566
BANK_015,SCN_0278,Stressed,Critical,0.00011849186,0.13730764,0.8625738
BANK_016,SCN_0278,Healthy,Healthy,0.9996983,0.0002906111,1.107785e-05
BANK_017,SCN_0278,Stressed,Stressed,0.011429827,0.6415552,0.34701496
BANK_018,SCN_0278,Stressed,Stressed,0.0068120067,0.992961,0.00022702671
BANK_019,SCN_0278,Critical,Critical,2.0775606e-05,0.00026569632,0.9997135
BANK_020,SCN_0278,Critical,Critical,6.808932e-05,0.013393853,0.98653805
BANK_021,SCN_0278,Stressed,Critical,0.0011294441,0.35792285,0.6409477
BANK_022,SCN_0278,Critical,Critical,0.00012576906,0.009460387,0.99041384
BANK_023,SCN_0278,Healthy,Healthy,0.91172785,0.088118106,0.00015404735
BANK_024,SCN_0278,Stressed,Stressed,0.002351966,0.9969162,0.00073181017
BANK_025,SCN_0278,Healthy,Stressed,0.20568901,0.78524953,0.00906143
BANK_026,SCN_0278,Healthy,Healthy,0.6828716,0.31681496,0.00031345055
BANK_027,SCN_0278,Healthy,Stressed,0.3585758,0.6394838,0.0019403833
BANK_028,SCN_0278,Critical,Critical,0.00039590834,0.29655698,0.70304716
BANK_029,SCN_0278,Stressed,Stressed,0.0024225288,0.53278285,0.4647946
BANK_030,SCN_0278,Critical,Critical,1.4854089e-05,0.00014358528,0.9998416
BANK_031,SCN_0278,Healthy,Healthy,0.9995763,0.00040371067,1.9993391e-05
BANK_032,SCN_0278,Healthy,Healthy,0.9506484,0.049273666,7.789422e-05
BANK_033,SCN_0278,Stressed,Critical,0.003340398,0.4178659,0.5787937
BANK_034,SCN_0278,Stressed,Stressed,0.126273,0.7784046,0.09532236
BANK_035,SCN_0278,Healthy,Healthy,0.9994678,0.0005075074,2.4758763e-05
BANK_036,SCN_0278,Stressed,Healthy,0.7080298,0.29159346,0.0003767333
BANK_037,SCN_0278,Stressed,Stressed,0.21335106,0.56360364,0.22304532
BANK_038,SCN_0278,Stressed,Stressed,0.01718856,0.9792869,0.0035245065
BANK_039,SCN_0278,Healthy,Healthy,0.99547535,0.004458327,6.62776e-05
BANK_040,SCN_0278,Healthy,Healthy,0.9446118,0.055280063,0.00010817206
BANK_001,SCN_0279,Healthy,Healthy,0.9460908,0.05376318,0.00014599497
BANK_002,SCN_0279,Stressed,Stressed,0.23004115,0.7649418,0.0050170934
BANK_003,SCN_0279,Healthy,Stressed,0.2041615,0.7078582,0.08798034
BANK_004,SCN_0279,Healthy,Stressed,0.30734497,0.69236994,0.00028513136
BANK_005,SCN_0279,Healthy,Healthy,0.9996655,0.00031814232,1.6425605e-05
BANK_006,SCN_0279,Stressed,Stressed,9.913521e-05,0.99932766,0.00057321024
BANK_007,SCN_0279,Healthy,Healthy,0.9994685,0.0005077559,2.3738414e-05
BANK_008,SCN_0279,Stressed,Stressed,0.0005810009,0.9817602,0.017658727
BANK_009,SCN_0279,Stressed,Healthy,0.6350852,0.36465034,0.00026444095
BANK_010,SCN_0279,Stressed,Stressed,0.0046891887,0.85802937,0.13728148
BANK_011,SCN_0279,Stressed,Healthy,0.76281613,0.23703413,0.00014974477
BANK_012,SCN_0279,Healthy,Healthy,0.9996203,0.00035833436,2.1336022e-05
BANK_013,SCN_0279,Critical,Critical,9.504889e-06,0.00020483517,0.9997857
BANK_014,SCN_0279,Stressed,Stressed,0.0045569865,0.5527873,0.44265574
BANK_015,SCN_0279,Stressed,Critical,8.066646e-05,0.16941957,0.83049977
BANK_016,SCN_0279,Healthy,Healthy,0.9993868,0.0005975643,1.5606076e-05
BANK_017,SCN_0279,Critical,Critical,0.0025537752,0.13741289,0.86003333
BANK_018,SCN_0279,Stressed,Stressed,0.0017646278,0.99811506,0.0001202912
BANK_019,SCN_0279,Critical,Critical,2.3713123e-05,0.0002768943,0.9996995
BANK_020,SCN_0279,Critical,Critical,0.000117911375,0.025423601,0.97445846
BANK_021,SCN_0279,Critical,Critical,0.00044089326,0.1804364,0.81912273
BANK_022,SCN_0279,Critical,Critical,9.9809964e-05,0.015688587,0.9842116
BANK_023,SCN_0279,Stressed,Stressed,0.02156788,0.9782265,0.00020569617
BANK_024,SCN_0279,Stressed,Stressed,0.00081073307,0.9980698,0.0011194755
BANK_025,SCN_0279,Stressed,Stressed,0.10077118,0.7906214,0.1086074
BANK_026,SCN_0279,Stressed,Healthy,0.55576587,0.44384348,0.00039064878
BANK_027,SCN_0279,Stressed,Stressed,0.37506714,0.615876,0.00905682
BANK_028,SCN_0279,Critical,Critical,0.00033741203,0.28089598,0.7187666
BANK_029,SCN_0279,Stressed,Critical,0.0005971005,0.1981404,0.8012625
BANK_030,SCN_0279,Critical,Critical,9.393956e-06,0.00032701364,0.9996636
BANK_031,SCN_0279,Healthy,Healthy,0.9995223,0.000454421,2.3275463e-05
BANK_032,SCN_0279,Stressed,Stressed,0.06352667,0.93599486,0.0004784103
BANK_033,SCN_0279,Stressed,Critical,0.0010608009,0.21036963,0.78856957
BANK_034,SCN_0279,Stressed,Stressed,0.009118014,0.8794159,0.11146599
BANK_035,SCN_0279,Healthy,Healthy,0.9994636,0.0005134705,2.2909026e-05
BANK_036,SCN_0279,Stressed,Healthy,0.5538385,0.4457642,0.00039732232
BANK_037,SCN_0279,Stressed,Stressed,0.024071217,0.5754579,0.40047088
BANK_038,SCN_0279,Stressed,Stressed,0.0033755084,0.9817385,0.014885943
BANK_039,SCN_0279,Healthy,Healthy,0.9839033,0.015993148,0.00010353983
BANK_040,SCN_0279,Healthy,Healthy,0.81044084,0.18915305,0.0004061251
BANK_001,SCN_0281,Healthy,Healthy,0.99993014,6.85317e-05,1.3674788e-06
BANK_002,SCN_0281,Healthy,Healthy,0.99858886,0.0014084958,2.593046e-06
BANK_003,SCN_0281,Healthy,Healthy,0.9977405,0.0022568037,2.6406833e-06
BANK_004,SCN_0281,Healthy,Healthy,0.99955314,0.00044629662,5.76848e-07
BANK_005,SCN_0281,Healthy,Healthy,0.99998343,1.6231787e-05,3.5484024e-07
BANK_006,SCN_0281,Stressed,Stressed,0.0028844234,0.9971011,1.4423148e-05
BANK_007,SCN_0281,Healthy,Healthy,0.99998546,1.3939002e-05,5.745894e-07
BANK_008,SCN_0281,Healthy,Healthy,0.98117673,0.018808192,1.5073459e-05
BANK_009,SCN_0281,Healthy,Healthy,0.99947435,0.00052361365,2.056332e-06
BANK_010,SCN_0281,Healthy,Healthy,0.8392477,0.16056406,0.000188295
BANK_011,SCN_0281,Healthy,Healthy,0.9999471,5.2552277e-05,4.119926e-07
BANK_012,SCN_0281,Healthy,Healthy,0.9999813,1.8307393e-05,4.3170354e-07
BANK_013,SCN_0281,Critical,Critical,3.3712335e-05,0.00037085038,0.99959546
BANK_014,SCN_0281,Healthy,Healthy,0.9902418,0.009724404,3.3797412e-05
BANK_015,SCN_0281,Stressed,Stressed,0.00043672108,0.99816376,0.0013995648
BANK_016,SCN_0281,Healthy,Healthy,0.9999907,9.076282e-06,1.7587752e-07
BANK_017,SCN_0281,Stressed,Stressed,0.06500809,0.9344982,0.0004937657
BANK_018,SCN_0281,Healthy,Healthy,0.9998054,0.00019405367,5.600654e-07
BANK_019,SCN_0281,Critical,Critical,6.7651934e-05,0.00029975752,0.9996326
BANK_020,SCN_0281,Stressed,Stressed,0.00056853105,0.9481426,0.05128886
BANK_021,SCN_0281,Stressed,Stressed,0.0038701573,0.9953022,0.00082763156
BANK_022,SCN_0281,Critical,Stressed,0.0006507647,0.58840686,0.41094238
BANK_023,SCN_0281,Healthy,Healthy,0.9999455,5.372717e-05,7.199788e-07
BANK_024,SCN_0281,Healthy,Healthy,0.99886656,0.0011292305,4.259207e-06
BANK_025,SCN_0281,Healthy,Healthy,0.9845946,0.015391151,1.426056e-05
BANK_026,SCN_0281,Healthy,Healthy,0.9995951,0.00040316232,1.7384052e-06
BANK_027,SCN_0281,Healthy,Healthy,0.99940145,0.0005967869,1.7697882e-06
BANK_028,SCN_0281,Stressed,Stressed,0.0045832773,0.994494,0.0009226601
BANK_029,SCN_0281,Stressed,Stressed,0.110011175,0.8894606,0.00052816374
BANK_030,SCN_0281,Critical,Critical,7.441725e-05,0.00041335446,0.9995122
BANK_031,SCN_0281,Healthy,Healthy,0.99998283,1.6881904e-05,2.6987598e-07
BANK_032,SCN_0281,Healthy,Healthy,0.999879,0.00012005689,9.09194e-07
BANK_033,SCN_0281,Stressed,Stressed,0.0741281,0.9242602,0.001611627
BANK_034,SCN_0281,Healthy,Healthy,0.9970439,0.0029483354,7.705317e-06
BANK_035,SCN_0281,Healthy,Healthy,0.9999838,1.5893813e-05,2.7864385e-07
BANK_036,SCN_0281,Healthy,Healthy,0.9997588,0.00024026803,9.2315855e-07
BANK_037,SCN_0281,Healthy,Healthy,0.9302549,0.06958004,0.00016507514
BANK_038,SCN_0281,Healthy,Healthy,0.9990847,0.00091262563,2.696083e-06
BANK_039,SCN_0281,Healthy,Healthy,0.99995744,4.1858188e-05,7.5703707e-07
BANK_040,SCN_0281,Healthy,Healthy,0.99983513,0.00016359486,1.2660934e-06
BANK_001,SCN_0291,Healthy,Healthy,0.9869025,0.013047353,5.0147744e-05
BANK_002,SCN_0291,Healthy,Healthy,0.62300193,0.37652725,0.0004707904
BANK_003,SCN_0291,Stressed,Stressed,0.3965802,0.6017781,0.0016416949
BANK_004,SCN_0291,Healthy,Healthy,0.61664784,0.38320488,0.00014730079
BANK_005,SCN_0291,Healthy,Healthy,0.99975723,0.00023474685,7.988661e-06
BANK_006,SCN_0291,Stressed,Stressed,0.0002204104,0.9997004,7.913411e-05
BANK_007,SCN_0291,Healthy,Healthy,0.9997646,0.0002252222,1.0168318e-05
BANK_008,SCN_0291,Stressed,Stressed,0.0014774277,0.99819773,0.00032490763
BANK_009,SCN_0291,Healthy,Healthy,0.67092973,0.3288824,0.00018786636
BANK_010,SCN_0291,Stressed,Stressed,0.050134394,0.8517352,0.09813039
BANK_011,SCN_0291,Healthy,Healthy,0.96153367,0.038408525,5.787317e-05
BANK_012,SCN_0291,Healthy,Healthy,0.9997018,0.00029061383,7.5525913e-06
BANK_013,SCN_0291,Critical,Critical,9.515825e-06,0.0002413591,0.9997491
BANK_014,SCN_0291,Stressed,Stressed,0.1500945,0.8385981,0.0113074295
BANK_015,SCN_0291,Stressed,Critical,0.00019138762,0.39361635,0.6061923
BANK_016,SCN_0291,Healthy,Healthy,0.9996853,0.00030970146,4.9969526e-06
BANK_017,SCN_0291,Critical,Critical,0.0067489953,0.32455885,0.6686921
BANK_018,SCN_0291,Stressed,Stressed,0.03937997,0.96052635,9.370023e-05
BANK_019,SCN_0291,Critical,Critical,2.3492474e-05,0.00025482764,0.9997217
BANK_020,SCN_0291,Critical,Critical,0.00013271898,0.052142203,0.947725
BANK_021,SCN_0291,Critical,Stressed,0.0010509084,0.64058065,0.35836843
BANK_022,SCN_0291,Critical,Critical,9.5651216e-05,0.021026477,0.97887784
BANK_023,SCN_0291,Healthy,Healthy,0.98102784,0.018929644,4.2509644e-05
BANK_024,SCN_0291,Stressed,Stressed,0.007929379,0.99167633,0.0003942534
BANK_025,SCN_0291,Stressed,Stressed,0.23817676,0.7597503,0.0020729364
BANK_026,SCN_0291,Healthy,Healthy,0.6142833,0.38547036,0.00024636573
BANK_027,SCN_0291,Healthy,Healthy,0.7860363,0.2135008,0.0004628585
BANK_028,SCN_0291,Stressed,Critical,0.00039441863,0.34876132,0.6508443
BANK_029,SCN_0291,Stressed,Stressed,0.0011742233,0.61292225,0.38590348
BANK_030,SCN_0291,Critical,Critical,1.201287e-05,0.00022379486,0.99976414
BANK_031,SCN_0291,Healthy,Healthy,0.9996728,0.00031768502,9.560768e-06
BANK_032,SCN_0291,Healthy,Healthy,0.9649644,0.034986936,4.8716698e-05
BANK_033,SCN_0291,Stressed,Stressed,0.004356438,0.60889286,0.3867507
BANK_034,SCN_0291,Stressed,Stressed,0.35074425,0.64416736,0.0050884597
BANK_035,SCN_0291,Healthy,Healthy,0.9996345,0.00035510215,1.039102e-05
BANK_036,SCN_0291,Healthy,Healthy,0.82081467,0.17902984,0.00015548184
BANK_037,SCN_0291,Stressed,Stressed,0.06034393,0.9273854,0.012270678
BANK_038,SCN_0291,Stressed,Stressed,0.37804317,0.6209752,0.0009816366
BANK_039,SCN_0291,Healthy,Healthy,0.9982304,0.0017475658,2.205299e-05
BANK_040,SCN_0291,Healthy,Healthy,0.95492613,0.044986766,8.713792e-05
BANK_001,SCN_0305,Healthy,Healthy,0.9797259,0.02017724,9.6920965e-05
BANK_002,SCN_0305,Healthy,Healthy,0.5811367,0.4181649,0.00069842587
BANK_003,SCN_0305,Stressed,Stressed,0.3651534,0.6317837,0.0030629172
BANK_004,SCN_0305,Stressed,Healthy,0.74874145,0.25108665,0.00017186899
BANK_005,SCN_0305,Healthy,Healthy,0.9994822,0.0005025448,1.52975e-05
BANK_006,SCN_0305,Stressed,Stressed,7.7547455e-05,0.9998828,3.966834e-05
BANK_007,SCN_0305,Healthy,Healthy,0.9995142,0.00047159143,1.4201496e-05
BANK_008,SCN_0305,Stressed,Stressed,0.00042793184,0.99917006,0.00040207952
BANK_009,SCN_0305,Healthy,Healthy,0.59483796,0.40490714,0.00025490153
BANK_010,SCN_0305,Stressed,Stressed,0.0757928,0.85002035,0.07418688
BANK_011,SCN_0305,Healthy,Healthy,0.9291386,0.07077743,8.402252e-05
BANK_012,SCN_0305,Healthy,Healthy,0.99953115,0.0004567388,1.21666e-05
BANK_013,SCN_0305,Critical,Critical,1.270526e-05,0.00048669023,0.99950063
BANK_014,SCN_0305,Stressed,Stressed,0.04197968,0.9428087,0.015211676
BANK_015,SCN_0305,Critical,Stressed,0.00010739503,0.7817292,0.21816343
BANK_016,SCN_0305,Healthy,Healthy,0.9995797,0.00041126,8.965819e-06
BANK_017,SCN_0305,Critical,Stressed,0.0074045584,0.6556992,0.3368963
BANK_018,SCN_0305,Stressed,Stressed,0.0045993677,0.99532986,7.0765396e-05
BANK_019,SCN_0305,Critical,Critical,3.0581305e-05,0.0005073794,0.99946207
BANK_020,SCN_0305,Critical,Critical,0.000107514854,0.030824926,0.9690675
BANK_021,SCN_0305,Stressed,Critical,0.0008763886,0.46176535,0.5373582
BANK_022,SCN_0305,Critical,Critical,7.595584e-05,0.010176745,0.9897473
BANK_023,SCN_0305,Healthy,Healthy,0.83662343,0.16326137,0.00011516897
BANK_024,SCN_0305,Stressed,Stressed,0.0015615155,0.9982445,0.00019401124
BANK_025,SCN_0305,Stressed,Stressed,0.13214724,0.8648112,0.0030416118
BANK_026,SCN_0305,Healthy,Healthy,0.6579224,0.3418054,0.0002721869
BANK_027,SCN_0305,Stressed,Healthy,0.56902707,0.430041,0.0009319209
BANK_028,SCN_0305,Critical,Critical,0.00036606364,0.22532791,0.774306
BANK_029,SCN_0305,Stressed,Stressed,0.0010712201,0.59115225,0.4077765
BANK_030,SCN_0305,Critical,Critical,1.6321608e-05,0.0004804224,0.99950325
BANK_031,SCN_0305,Healthy,Healthy,0.9995497,0.00043623822,1.4028632e-05
BANK_032,SCN_0305,Healthy,Healthy,0.84112537,0.15873066,0.00014400808
BANK_033,SCN_0305,Stressed,Stressed,0.002971395,0.58896554,0.40806308
BANK_034,SCN_0305,Stressed,Stressed,0.12971555,0.8571309,0.013153538
BANK_035,SCN_0305,Healthy,Healthy,0.999428,0.000555256,1.6751837e-05
BANK_036,SCN_0305,Healthy,Healthy,0.7391664,0.26056853,0.00026508758
BANK_037,SCN_0305,Stressed,Stressed,0.13624159,0.76229405,0.101464346
BANK_038,SCN_0305,Stressed,Stressed,0.012939757,0.9861893,0.0008709532
BANK_039,SCN_0305,Healthy,Healthy,0.99661225,0.0033455407,4.21836e-05
BANK_040,SCN_0305,Healthy,Healthy,0.89946,0.10036429,0.00017565316
BANK_001,SCN_0313,Healthy,Healthy,0.9999747,2.3760223e-05,1.4883259e-06
BANK_002,SCN_0313,Healthy,Healthy,0.999493,0.0005024422,4.5430106e-06
BANK_003,SCN_0313,Healthy,Healthy,0.9989447,0.0010511462,4.1428443e-06
BANK_004,SCN_0313,Healthy,Healthy,0.9998591,0.00013997617,9.430386e-07
BANK_005,SCN_0313,Healthy,Healthy,0.9999914,8.007856e-06,5.752667e-07
BANK_006,SCN_0313,Stressed,Stressed,0.0059674187,0.9939938,3.8791943e-05
BANK_007,SCN_0313,Healthy,Healthy,0.99998987,9.400033e-06,7.219552e-07
BANK_008,SCN_0313,Healthy,Healthy,0.9972818,0.0027091133,9.082522e-06
BANK_009,SCN_0313,Healthy,Healthy,0.9998134,0.00018389573,2.8032512e-06
BANK_010,SCN_0313,Healthy,Healthy,0.96815366,0.031667687,0.00017862295
BANK_011,SCN_0313,Healthy,Healthy,0.9999734,2.5953304e-05,5.7895096e-07
BANK_012,SCN_0313,Healthy,Healthy,0.9999882,1.119902e-05,6.051869e-07
BANK_013,SCN_0313,Critical,Critical,0.00012573511,0.00035035444,0.9995239
BANK_014,SCN_0313,Healthy,Healthy,0.9976494,0.0023319472,1.8660445e-05
BANK_015,SCN_0313,Stressed,Stressed,0.0015857336,0.9958521,0.002562187
BANK_016,SCN_0313,Healthy,Healthy,0.99999213,7.521952e-06,3.1744858e-07
BANK_017,SCN_0313,Stressed,Stressed,0.285723,0.71310306,0.0011738987
BANK_018,SCN_0313,Healthy,Healthy,0.9999012,9.7955184e-05,8.4476545e-07
BANK_019,SCN_0313,Critical,Critical,0.00028337684,0.00033952235,0.9993771
BANK_020,SCN_0313,Critical,Stressed,0.0047302023,0.74364775,0.25162205
BANK_021,SCN_0313,Stressed,Stressed,0.022674875,0.97530127,0.002023846
BANK_022,SCN_0313,Stressed,Stressed,0.0016016254,0.9687377,0.029660607
BANK_023,SCN_0313,Healthy,Healthy,0.9999739,2.5382955e-05,7.303096e-07
BANK_024,SCN_0313,Healthy,Healthy,0.99932337,0.0006647361,1.1935863e-05
BANK_025,SCN_0313,Healthy,Healthy,0.99688303,0.0031054069,1.1570017e-05
BANK_026,SCN_0313,Healthy,Healthy,0.99979156,0.00020621368,2.2131708e-06
BANK_027,SCN_0313,Healthy,Healthy,0.99968135,0.00031625127,2.35325e-06
BANK_028,SCN_0313,Stressed,Stressed,0.092321634,0.9049143,0.0027641167
BANK_029,SCN_0313,Stressed,Stressed,0.15602037,0.8432156,0.00076406705
BANK_030,SCN_0313,Critical,Critical,0.00013292056,0.00027202067,0.9995951
BANK_031,SCN_0313,Healthy,Healthy,0.9999882,1.1291451e-05,5.420837e-07
BANK_032,SCN_0313,Healthy,Healthy,0.9999285,7.0394555e-05,1.0897463e-06
BANK_033,SCN_0313,Healthy,Stressed,0.32094848,0.6769249,0.0021266548
BANK_034,SCN_0313,Healthy,Healthy,0.9988294,0.0011598829,1.0659605e-05
BANK_035,SCN_0313,Healthy,Healthy,0.9999907,8.840937e-06,4.3032523e-07
BANK_036,SCN_0313,Healthy,Healthy,0.9999056,9.305241e-05,1.3375352e-06
BANK_037,SCN_0313,Healthy,Healthy,0.99349385,0.0064609814,4.5184544e-05
BANK_038,SCN_0313,Healthy,Healthy,0.99961555,0.00038162502,2.8004363e-06
BANK_039,SCN_0313,Healthy,Healthy,0.99998045,1.7590592e-05,2.0182883e-06
BANK_040,SCN_0313,Healthy,Healthy,0.9999043,9.434708e-05,1.315198e-06
BANK_001,SCN_0317,Healthy,Healthy,0.99968517,0.00031160132,3.2187577e-06
BANK_002,SCN_0317,Healthy,Healthy,0.9832615,0.016716488,2.1999616e-05
BANK_003,SCN_0317,Healthy,Healthy,0.8959149,0.10399152,9.36013e-05
BANK_004,SCN_0317,Healthy,Healthy,0.99163944,0.008353902,6.6405223e-06
BANK_005,SCN_0317,Healthy,Healthy,0.99995136,4.714039e-05,1.5504261e-06
BANK_006,SCN_0317,Stressed,Stressed,0.0005653384,0.9994141,2.0599895e-05
BANK_007,SCN_0317,Healthy,Healthy,0.99994254,5.5151435e-05,2.252769e-06
BANK_008,SCN_0317,Stressed,Stressed,0.0017168727,0.99820065,8.243543e-05
BANK_009,SCN_0317,Healthy,Healthy,0.995682,0.004309813,8.212347e-06
BANK_010,SCN_0317,Stressed,Stressed,0.39511636,0.60308355,0.0018001073
BANK_011,SCN_0317,Healthy,Healthy,0.9995807,0.00041723772,2.0918794e-06
BANK_012,SCN_0317,Healthy,Healthy,0.99996173,3.74601e-05,8.369578e-07
BANK_013,SCN_0317,Critical,Critical,2.5089572e-05,0.00044457449,0.9995303
BANK_014,SCN_0317,Healthy,Stressed,0.44665202,0.55223584,0.0011121902
BANK_015,SCN_0317,Stressed,Stressed,0.0004106654,0.9746255,0.024963787
BANK_016,SCN_0317,Healthy,Healthy,0.99996066,3.869826e-05,6.8678384e-07
BANK_017,SCN_0317,Stressed,Stressed,0.008914267,0.9849134,0.006172298
BANK_018,SCN_0317,Healthy,Healthy,0.9979367,0.0020597435,3.5394874e-06
BANK_019,SCN_0317,Critical,Critical,6.0938106e-05,0.00038682547,0.9995522
BANK_020,SCN_0317,Critical,Critical,0.0005922389,0.25828004,0.74112767
BANK_021,SCN_0317,Critical,Stressed,0.005544037,0.95155615,0.042899754
BANK_022,SCN_0317,Critical,Critical,0.0005311594,0.25760776,0.7418611
BANK_023,SCN_0317,Healthy,Healthy,0.99968064,0.00031649243,2.876652e-06
BANK_024,SCN_0317,Healthy,Healthy,0.9827954,0.017158942,4.565356e-05
BANK_025,SCN_0317,Stressed,Healthy,0.6870105,0.31266958,0.00031990965
BANK_026,SCN_0317,Healthy,Healthy,0.9953139,0.004675716,1.0341983e-05
BANK_027,SCN_0317,Healthy,Healthy,0.9796944,0.02027175,3.383867e-05
BANK_028,SCN_0317,Stressed,Stressed,0.0009674759,0.9925309,0.0065016137
BANK_029,SCN_0317,Stressed,Stressed,0.0023803676,0.9956449,0.0019747778
BANK_030,SCN_0317,Critical,Critical,4.5242537e-05,0.0003852445,0.9995695
BANK_031,SCN_0317,Healthy,Healthy,0.9999536,4.5339715e-05,1.083779e-06
BANK_032,SCN_0317,Healthy,Healthy,0.999356,0.00064134377,2.6765683e-06
BANK_033,SCN_0317,Stressed,Stressed,0.037244935,0.94042414,0.022330908
BANK_034,SCN_0317,Healthy,Healthy,0.7379548,0.26160514,0.00044005382
BANK_035,SCN_0317,Healthy,Healthy,0.99994826,5.046834e-05,1.2471774e-06
BANK_036,SCN_0317,Healthy,Healthy,0.9980198,0.0019742094,6.0194143e-06
BANK_037,SCN_0317,Stressed,Stressed,0.26771232,0.7308961,0.0013915633
BANK_038,SCN_0317,Healthy,Healthy,0.65904045,0.34082735,0.0001321873
BANK_039,SCN_0317,Healthy,Healthy,0.9998524,0.00014530835,2.2084814e-06
BANK_040,SCN_0317,Healthy,Healthy,0.99928844,0.0007073386,4.2175934e-06
BANK_001,SCN_0318,Healthy,Healthy,0.79252136,0.20712957,0.00034906407
BANK_002,SCN_0318,Stressed,Stressed,0.13642968,0.84963673,0.013933582
BANK_003,SCN_0318,Stressed,Stressed,0.051628467,0.8135741,0.13479747
BANK_004,SCN_0318,Stressed,Stressed,0.38888928,0.610438,0.0006726909
BANK_005,SCN_0318,Healthy,Healthy,0.9994618,0.0005025597,3.5674377e-05
BANK_006,SCN_0318,Stressed,Stressed,8.571905e-05,0.99703443,0.0028798287
BANK_007,SCN_0318,Healthy,Healthy,0.99921525,0.00073435635,5.0351427e-05
BANK_008,SCN_0318,Stressed,Stressed,0.0002568753,0.9087617,0.09098144
BANK_009,SCN_0318,Healthy,Stressed,0.41198123,0.58725137,0.0007673922
BANK_010,SCN_0318,Stressed,Critical,0.0024920204,0.48979062,0.5077174
BANK_011,SCN_0318,Healthy,Healthy,0.71756446,0.2819996,0.00043593597
BANK_012,SCN_0318,Healthy,Healthy,0.9988527,0.0011036386,4.3650583e-05
BANK_013,SCN_0318,Critical,Critical,3.9327288e-06,0.00019019138,0.99980587
BANK_014,SCN_0318,Critical,Stressed,0.0011441632,0.83237624,0.1664796
BANK_015,SCN_0318,Stressed,Critical,5.265245e-05,0.2792344,0.7207129
BANK_016,SCN_0318,Healthy,Healthy,0.9993293,0.00063952856,3.1185617e-05
BANK_017,SCN_0318,Stressed,Stressed,0.001196246,0.8087902,0.19001357
BANK_018,SCN_0318,Stressed,Stressed,0.00082723517,0.9989116,0.00026114722
BANK_019,SCN_0318,Critical,Critical,1.0586028e-05,0.00020398188,0.9997855
BANK_020,SCN_0318,Critical,Critical,1.7594264e-05,0.0027200384,0.99726236
BANK_021,SCN_0318,Critical,Stressed,0.00027572602,0.53279865,0.46692565
BANK_022,SCN_0318,Critical,Critical,3.8679773e-05,0.008123941,0.9918373
BANK_023,SCN_0318,Stressed,Stressed,0.005407992,0.9944079,0.00018418225
BANK_024,SCN_0318,Stressed,Stressed,0.00085281144,0.98994255,0.009204594
BANK_025,SCN_0318,Stressed,Stressed,0.05018643,0.75854486,0.1912687
BANK_026,SCN_0318,Healthy,Stressed,0.4744678,0.52483153,0.00070067245
BANK_027,SCN_0318,Stressed,Stressed,0.1546503,0.8289672,0.01638243
BANK_028,SCN_0318,Critical,Critical,0.00012521671,0.10968293,0.89019185
BANK_029,SCN_0318,Stressed,Stressed,0.00032190589,0.567714,0.43196407
BANK_030,SCN_0318,Critical,Critical,4.278031e-06,0.00027311128,0.99972254
BANK_031,SCN_0318,Healthy,Healthy,0.99898976,0.0009477861,6.241218e-05
BANK_032,SCN_0318,Stressed,Stressed,0.005695145,0.9940953,0.0002094916
BANK_033,SCN_0318,Critical,Critical,0.0006005096,0.1859723,0.8134272
BANK_034,SCN_0318,Stressed,Stressed,0.0033442082,0.81884485,0.17781089
BANK_035,SCN_0318,Healthy,Healthy,0.9989196,0.0010155006,6.485888e-05
BANK_036,SCN_0318,Healthy,Stressed,0.26356882,0.73556936,0.0008618424
BANK_037,SCN_0318,Stressed,Stressed,0.009211122,0.77990526,0.21088366
BANK_038,SCN_0318,Stressed,Stressed,0.0014079278,0.9036818,0.0949103
BANK_039,SCN_0318,Healthy,Healthy,0.9816273,0.018138608,0.00023406086
BANK_040,SCN_0318,Healthy,Healthy,0.53956443,0.4599757,0.00045991698
BANK_001,SCN_0322,Healthy,Healthy,0.7842341,0.21485622,0.00090969313
BANK_002,SCN_0322,Healthy,Stressed,0.08317395,0.8633337,0.053492337
BANK_003,SCN_0322,Stressed,Stressed,0.062098924,0.7615268,0.17637424
BANK_004,SCN_0322,Healthy,Stressed,0.2500997,0.74906594,0.0008343792
BANK_005,SCN_0322,Healthy,Healthy,0.9993686,0.0005631506,6.8257556e-05
BANK_006,SCN_0322,Stressed,Stressed,0.00011284876,0.9848422,0.015044959
BANK_007,SCN_0322,Healthy,Healthy,0.9989793,0.00092940906,9.1273345e-05
BANK_008,SCN_0322,Stressed,Stressed,0.00023793032,0.9593071,0.040454987
BANK_009,SCN_0322,Healthy,Stressed,0.21498059,0.7839141,0.0011053088
BANK_010,SCN_0322,Stressed,Critical,0.00079635426,0.09189772,0.90730596
BANK_011,SCN_0322,Healthy,Stressed,0.3734598,0.6255414,0.0009988412
BANK_012,SCN_0322,Healthy,Healthy,0.9992544,0.0006913122,5.4305307e-05
BANK_013,SCN_0322,Critical,Critical,1.9565866e-06,6.0144037e-05,0.9999379
BANK_014,SCN_0322,Stressed,Stressed,0.0010560554,0.52373976,0.47520417
BANK_015,SCN_0322,Critical,Critical,1.0869429e-05,0.008172834,0.99181634
BANK_016,SCN_0322,Healthy,Healthy,0.9991954,0.00076925004,3.5375444e-05
BANK_017,SCN_0322,Critical,Critical,0.0009965424,0.14936556,0.84963787
BANK_018,SCN_0322,Stressed,Stressed,0.0010473153,0.9984584,0.0004942767
BANK_019,SCN_0322,Critical,Critical,6.4581372e-06,0.00010139657,0.9998921
BANK_020,SCN_0322,Critical,Critical,1.3146407e-05,0.0011757714,0.9988111
BANK_021,SCN_0322,Stressed,Critical,0.0002924496,0.20281179,0.79689574
BANK_022,SCN_0322,Critical,Critical,1.9221769e-05,0.0034714502,0.9965094
BANK_023,SCN_0322,Stressed,Stressed,0.0025559366,0.9972723,0.00017170035
BANK_024,SCN_0322,Stressed,Stressed,0.00071826787,0.91854113,0.08074061
BANK_025,SCN_0322,Healthy,Stressed,0.045237225,0.82565415,0.12910868
BANK_026,SCN_0322,Healthy,Stressed,0.3026868,0.6962152,0.0010979691
BANK_027,SCN_0322,Healthy,Stressed,0.08113103,0.8412437,0.07762528
BANK_028,SCN_0322,Stressed,Critical,0.00011653522,0.12853943,0.871344
BANK_029,SCN_0322,Stressed,Critical,0.00028578623,0.24027336,0.7594409
BANK_030,SCN_0322,Critical,Critical,1.9040266e-06,7.852808e-05,0.99991953
BANK_031,SCN_0322,Healthy,Healthy,0.9992569,0.0006710935,7.1927934e-05
BANK_032,SCN_0322,Stressed,Stressed,0.003182836,0.99655294,0.00026425332
BANK_033,SCN_0322,Critical,Critical,0.0005556081,0.14689755,0.8525468
BANK_034,SCN_0322,Stressed,Critical,0.0028589098,0.43938425,0.55775684
BANK_035,SCN_0322,Healthy,Healthy,0.99916327,0.0007535141,8.322945e-05
BANK_036,SCN_0322,Healthy,Stressed,0.39986208,0.59896743,0.0011705004
BANK_037,SCN_0322,Stressed,Critical,0.007958241,0.37904748,0.6129943
BANK_038,SCN_0322,Stressed,Stressed,0.000616742,0.96896905,0.030414209
BANK_039,SCN_0322,Healthy,Healthy,0.9840515,0.015545903,0.0004026231
BANK_040,SCN_0322,Healthy,Stressed,0.28490865,0.7142648,0.00082654395
BANK_001,SCN_0324,Healthy,Healthy,0.8063692,0.19312698,0.0005038149
BANK_002,SCN_0324,Stressed,Stressed,0.2736864,0.712976,0.013337628
BANK_003,SCN_0324,Stressed,Stressed,0.105809785,0.72749287,0.16669737
BANK_004,SCN_0324,Healthy,Healthy,0.62491924,0.3746122,0.0004685665
BANK_005,SCN_0324,Healthy,Healthy,0.999608,0.00036617805,2.5906584e-05
BANK_006,SCN_0324,Stressed,Stressed,8.3922496e-05,0.9981529,0.0017631875
BANK_007,SCN_0324,Healthy,Healthy,0.9994229,0.0005457264,3.1399984e-05
BANK_008,SCN_0324,Stressed,Stressed,0.0003717273,0.9650415,0.034586806
BANK_009,SCN_0324,Stressed,Stressed,0.49760097,0.5017893,0.0006097539
BANK_010,SCN_0324,Critical,Stressed,0.003043826,0.6666438,0.3303124
BANK_011,SCN_0324,Stressed,Healthy,0.68255746,0.31723505,0.00020748573
BANK_012,SCN_0324,Healthy,Healthy,0.999361,0.00058317254,5.5895598e-05
BANK_013,SCN_0324,Critical,Critical,2.6570178e-06,8.861521e-05,0.9999087
BANK_014,SCN_0324,Stressed,Stressed,0.0018521952,0.84571534,0.15243247
BANK_015,SCN_0324,Critical,Critical,4.5726087e-05,0.11264623,0.88730806
BANK_016,SCN_0324,Healthy,Healthy,0.9997191,0.0002676908,1.320482e-05
BANK_017,SCN_0324,Stressed,Critical,0.0013891982,0.1850259,0.8135849
BANK_018,SCN_0324,Stressed,Stressed,0.00079703523,0.9990901,0.000112930386
BANK_019,SCN_0324,Critical,Critical,1.2397819e-05,0.00015269974,0.9998349
BANK_020,SCN_0324,Critical,Critical,2.0716116e-05,0.0021048952,0.9978744
BANK_021,SCN_0324,Critical,Critical,0.00022063815,0.1567855,0.84299386
BANK_022,SCN_0324,Critical,Critical,2.3363766e-05,0.003976386,0.99600023
BANK_023,SCN_0324,Stressed,Stressed,0.0070713377,0.99276066,0.00016798438
BANK_024,SCN_0324,Stressed,Stressed,0.0008392045,0.9940258,0.0051348954
BANK_025,SCN_0324,Stressed,Stressed,0.0901784,0.7556286,0.15419303
BANK_026,SCN_0324,Stressed,Healthy,0.5147625,0.48467776,0.00055976195
BANK_027,SCN_0324,Healthy,Stressed,0.24050553,0.74787736,0.0116170915
BANK_028,SCN_0324,Critical,Critical,0.00016364198,0.08519541,0.9146409
BANK_029,SCN_0324,Critical,Critical,0.00041218675,0.22249122,0.7770966
BANK_030,SCN_0324,Critical,Critical,5.8779406e-06,0.00016982686,0.99982435
BANK_031,SCN_0324,Healthy,Healthy,0.99938905,0.0005676124,4.3330056e-05
BANK_032,SCN_0324,Stressed,Stressed,0.0060841376,0.9936474,0.00026847597
BANK_033,SCN_0324,Critical,Critical,0.00087340194,0.2554253,0.7437013
BANK_034,SCN_0324,Stressed,Stressed,0.0034995396,0.90697265,0.08952785
BANK_035,SCN_0324,Healthy,Healthy,0.9992974,0.000664924,3.76379e-05
BANK_036,SCN_0324,Stressed,Stressed,0.37423712,0.6251182,0.00064468296
BANK_037,SCN_0324,Stressed,Critical,0.014655596,0.4009438,0.5844006
BANK_038,SCN_0324,Critical,Stressed,0.0020812766,0.9660895,0.0318292
BANK_039,SCN_0324,Healthy,Healthy,0.9899295,0.00991677,0.00015376268
BANK_040,SCN_0324,Healthy,Healthy,0.5820733,0.41716263,0.0007640683
BANK_001,SCN_0325,Healthy,Healthy,0.84984505,0.14977138,0.00038357644
BANK_002,SCN_0325,Stressed,Stressed,0.20102027,0.78813726,0.0108425105
BANK_003,SCN_0325,Stressed,Stressed,0.11680993,0.71325856,0.16993152
BANK_004,SCN_0325,Stressed,Healthy,0.56485546,0.43466863,0.00047591707
BANK_005,SCN_0325,Healthy,Healthy,0.9995964,0.00037706512,2.6484846e-05
BANK_006,SCN_0325,Stressed,Stressed,7.242663e-05,0.9984529,0.0014746223
BANK_007,SCN_0325,Healthy,Healthy,0.999526,0.00044800362,2.5935311e-05
BANK_008,SCN_0325,Stressed,Stressed,0.00032288366,0.97165334,0.028023781
BANK_009,SCN_0325,Healthy,Healthy,0.5415918,0.45788962,0.0005185698
BANK_010,SCN_0325,Critical,Stressed,0.003046122,0.68557096,0.3113829
BANK_011,SCN_0325,Healthy,Healthy,0.7121571,0.28764457,0.00019837909
BANK_012,SCN_0325,Healthy,Healthy,0.9994361,0.0005162755,4.7621685e-05
BANK_013,SCN_0325,Critical,Critical,3.327739e-06,0.00010553644,0.99989116
BANK_014,SCN_0325,Stressed,Stressed,0.0012162448,0.88233644,0.11644731
BANK_015,SCN_0325,Critical,Critical,3.9189774e-05,0.18746333,0.81249744
BANK_016,SCN_0325,Healthy,Healthy,0.99961144,0.00037387494,1.4702859e-05
BANK_017,SCN_0325,Critical,Critical,0.0018113742,0.26243135,0.7357573
BANK_018,SCN_0325,Stressed,Stressed,0.00061312213,0.9992902,9.65931e-05
BANK_019,SCN_0325,Critical,Critical,1.1116534e-05,0.00020559148,0.99978334
BANK_020,SCN_0325,Critical,Critical,2.478287e-05,0.0027396607,0.9972356
BANK_021,SCN_0325,Critical,Critical,0.00023958193,0.14452642,0.855234
BANK_022,SCN_0325,Critical,Critical,3.2028107e-05,0.0048651947,0.99510276
BANK_023,SCN_0325,Stressed,Stressed,0.004498613,0.9953738,0.00012764844
BANK_024,SCN_0325,Stressed,Stressed,0.00079078623,0.99479204,0.0044171736
BANK_025,SCN_0325,Stressed,Stressed,0.08518587,0.77906376,0.13575037
BANK_026,SCN_0325,Healthy,Stressed,0.45007813,0.54939723,0.00052460906
BANK_027,SCN_0325,Stressed,Stressed,0.17878437,0.81103647,0.01017912
BANK_028,SCN_0325,Stressed,Critical,0.00017715411,0.11467073,0.88515216
BANK_029,SCN_0325,Critical,Critical,0.00040114162,0.23865138,0.76094747
BANK_030,SCN_0325,Critical,Critical,5.129823e-06,0.00024328635,0.9997516
BANK_031,SCN_0325,Healthy,Healthy,0.9993376,0.0006178194,4.455878e-05
BANK_032,SCN_0325,Stressed,Stressed,0.005755145,0.9940117,0.00023318244
BANK_033,SCN_0325,Stressed,Critical,0.00078172376,0.31752867,0.68168956
BANK_034,SCN_0325,Stressed,Stressed,0.0034943135,0.9178636,0.07864204
BANK_035,SCN_0325,Healthy,Healthy,0.99915814,0.00080165063,4.0255683e-05
BANK_036,SCN_0325,Stressed,Stressed,0.33704975,0.66234493,0.00060531014
BANK_037,SCN_0325,Stressed,Critical,0.015591604,0.47615582,0.5082526
BANK_038,SCN_0325,Stressed,Stressed,0.001702581,0.96906954,0.029227845
BANK_039,SCN_0325,Healthy,Healthy,0.9892175,0.010632691,0.00014984119
BANK_040,SCN_0325,Healthy,Healthy,0.71049416,0.28889972,0.00060611544
BANK_001,SCN_0334,Healthy,Healthy,0.99970716,0.00028966158,3.1294148e-06
BANK_002,SCN_0334,Healthy,Healthy,0.9848455,0.015135111,1.9359642e-05
BANK_003,SCN_0334,Healthy,Healthy,0.97876155,0.02121612,2.2289407e-05
BANK_004,SCN_0334,Healthy,Healthy,0.9976878,0.0023097212,2.4943938e-06
BANK_005,SCN_0334,Healthy,Healthy,0.9999702,2.8921615e-05,8.732272e-07
BANK_006,SCN_0334,Stressed,Stressed,0.00040437753,0.99957544,2.0154797e-05
BANK_007,SCN_0334,Healthy,Healthy,0.99997354,2.5297662e-05,1.1374588e-06
BANK_008,SCN_0334,Stressed,Stressed,0.0031664777,0.99674475,8.870186e-05
BANK_009,SCN_0334,Healthy,Healthy,0.9970592,0.0029339034,6.8651243e-06
BANK_010,SCN_0334,Stressed,Stressed,0.35029808,0.64836407,0.0013378753
BANK_011,SCN_0334,Healthy,Healthy,0.99977416,0.00022445458,1.3376081e-06
BANK_012,SCN_0334,Healthy,Healthy,0.9999678,3.1523166e-05,6.354902e-07
BANK_013,SCN_0334,Critical,Critical,3.3330132e-05,0.00031282185,0.9996538
BANK_014,SCN_0334,Healthy,Healthy,0.69614464,0.30327314,0.0005822111
BANK_015,SCN_0334,Stressed,Stressed,0.0010397345,0.98086,0.018100265
BANK_016,SCN_0334,Healthy,Healthy,0.9999771,2.2492906e-05,4.403183e-07
BANK_017,SCN_0334,Stressed,Stressed,0.0239455,0.973039,0.0030154984
BANK_018,SCN_0334,Healthy,Healthy,0.99891055,0.0010877419,1.7607795e-06
BANK_019,SCN_0334,Critical,Critical,8.942413e-05,0.00022648601,0.9996841
BANK_020,SCN_0334,Critical,Critical,0.0008077011,0.18044204,0.81875026
BANK_021,SCN_0334,Stressed,Stressed,0.021175671,0.9660145,0.012809834
BANK_022,SCN_0334,Critical,Critical,0.0010687434,0.3139801,0.6849512
BANK_023,SCN_0334,Healthy,Healthy,0.99982786,0.00017015122,1.9234121e-06
BANK_024,SCN_0334,Healthy,Healthy,0.98486644,0.015094553,3.895792e-05
BANK_025,SCN_0334,Healthy,Healthy,0.8794599,0.12041602,0.00012402242
BANK_026,SCN_0334,Healthy,Healthy,0.9970092,0.002984656,6.1032633e-06
BANK_027,SCN_0334,Healthy,Healthy,0.994218,0.0057686083,1.3386366e-05
BANK_028,SCN_0334,Stressed,Stressed,0.002093772,0.9934449,0.0044613406
BANK_029,SCN_0334,Stressed,Stressed,0.0074976417,0.99166906,0.0008333454
BANK_030,SCN_0334,Critical,Critical,6.0321614e-05,0.00022732187,0.9997123
BANK_031,SCN_0334,Healthy,Healthy,0.99996984,2.9591709e-05,5.399378e-07
BANK_032,SCN_0334,Healthy,Healthy,0.9996356,0.00036275023,1.6176798e-06
BANK_033,SCN_0334,Stressed,Stressed,0.101032704,0.89298564,0.005981632
BANK_034,SCN_0334,Healthy,Healthy,0.88954175,0.11030216,0.00015607997
BANK_035,SCN_0334,Healthy,Healthy,0.9999689,3.047424e-05,6.608425e-07
BANK_036,SCN_0334,Healthy,Healthy,0.99890494,0.0010922275,2.8560032e-06
BANK_037,SCN_0334,Healthy,Stressed,0.27596864,0.7230239,0.0010074184
BANK_038,SCN_0334,Healthy,Healthy,0.97810817,0.02186139,3.0375482e-05
BANK_039,SCN_0334,Healthy,Healthy,0.9998647,0.00013293282,2.3283026e-06
BANK_040,SCN_0334,Healthy,Healthy,0.99961793,0.0003800727,1.9586673e-06
BANK_001,SCN_0335,Healthy,Healthy,0.99987733,0.00012012174,2.4781987e-06
BANK_002,SCN_0335,Healthy,Healthy,0.9897523,0.010233522,1.4178552e-05
BANK_003,SCN_0335,Healthy,Healthy,0.9807798,0.019201344,1.8821578e-05
BANK_004,SCN_0335,Healthy,Healthy,0.9973157,0.0026814346,2.9041328e-06
BANK_005,SCN_0335,Healthy,Healthy,0.99996364,3.5429326e-05,9.4088944e-07
BANK_006,SCN_0335,Stressed,Stressed,0.00026310823,0.9997193,1.7576425e-05
BANK_007,SCN_0335,Healthy,Healthy,0.99995637,4.1729723e-05,1.8677632e-06
BANK_008,SCN_0335,Stressed,Stressed,0.0029011518,0.99701285,8.6044485e-05
BANK_009,SCN_0335,Healthy,Healthy,0.9974717,0.0025210315,7.3474725e-06
BANK_010,SCN_0335,Healthy,Stressed,0.31179026,0.6866308,0.0015789487
BANK_011,SCN_0335,Healthy,Healthy,0.9997259,0.00027242544,1.6536663e-06
BANK_012,SCN_0335,Healthy,Healthy,0.99997723,2.221916e-05,5.3798453e-07
BANK_013,SCN_0335,Critical,Critical,1.00485195e-05,0.00015208052,0.9998379
BANK_014,SCN_0335,Stressed,Stressed,0.44524136,0.553958,0.00080062414
BANK_015,SCN_0335,Stressed,Stressed,0.00020584183,0.99142516,0.008369016
BANK_016,SCN_0335,Healthy,Healthy,0.999966,3.3360197e-05,5.676866e-07
BANK_017,SCN_0335,Stressed,Stressed,0.031778272,0.9652771,0.0029446401
BANK_018,SCN_0335,Healthy,Healthy,0.99867624,0.0013218524,1.918926e-06
BANK_019,SCN_0335,Critical,Critical,2.3223547e-05,0.00020605998,0.9997707
BANK_020,SCN_0335,Critical,Critical,0.000220733,0.0971009,0.9026784
BANK_021,SCN_0335,Stressed,Stressed,0.008647509,0.9808374,0.010515104
BANK_022,SCN_0335,Critical,Critical,0.00019658364,0.11736851,0.8824349
BANK_023,SCN_0335,Healthy,Healthy,0.99966776,0.0003295462,2.6579944e-06
BANK_024,SCN_0335,Healthy,Healthy,0.97919697,0.020752233,5.076011e-05
BANK_025,SCN_0335,Healthy,Healthy,0.847153,0.15272284,0.0001241396
BANK_026,SCN_0335,Healthy,Healthy,0.9970796,0.002913414,7.041736e-06
BANK_027,SCN_0335,Healthy,Healthy,0.99358386,0.0064049605,1.1230366e-05
BANK_028,SCN_0335,Stressed,Stressed,0.0009870136,0.9940806,0.004932334
BANK_029,SCN_0335,Stressed,Stressed,0.0019869506,0.99738127,0.00063171296
BANK_030,SCN_0335,Critical,Critical,1.6225858e-05,0.00021690587,0.9997669
BANK_031,SCN_0335,Healthy,Healthy,0.999959,4.0274273e-05,6.901897e-07
BANK_032,SCN_0335,Healthy,Healthy,0.99952555,0.0004722043,2.3099021e-06
BANK_033,SCN_0335,Stressed,Stressed,0.015810605,0.97988826,0.0043011364
BANK_034,SCN_0335,Healthy,Healthy,0.9387876,0.06110905,0.00010330741
BANK_035,SCN_0335,Healthy,Healthy,0.9999548,4.431081e-05,8.515455e-07
BANK_036,SCN_0335,Healthy,Healthy,0.9988381,0.0011586088,3.2400426e-06
BANK_037,SCN_0335,Stressed,Stressed,0.4543462,0.5442526,0.0014011881
BANK_038,SCN_0335,Healthy,Healthy,0.9614931,0.03846107,4.580681e-05
BANK_039,SCN_0335,Healthy,Healthy,0.9998956,0.00010222172,2.2100155e-06
BANK_040,SCN_0335,Healthy,Healthy,0.99970335,0.00029434433,2.2773904e-06
BANK_001,SCN_0337,Healthy,Healthy,0.9933697,0.0065895095,4.0807092e-05
BANK_002,SCN_0337,Healthy,Healthy,0.5790629,0.42041135,0.0005257798
BANK_003,SCN_0337,Stressed,Stressed,0.29506022,0.70356107,0.0013786778
BANK_004,SCN_0337,Healthy,Healthy,0.89693326,0.10295934,0.00010733738
BANK_005,SCN_0337,Healthy,Healthy,0.9998117,0.00018167775,6.6917432e-06
BANK_006,SCN_0337,Stressed,Stressed,0.00027352,0.99964726,7.917662e-05
BANK_007,SCN_0337,Healthy,Healthy,0.9998493,0.00014387959,6.7353412e-06
BANK_008,SCN_0337,Stressed,Stressed,0.0015010905,0.9982284,0.0002705809
BANK_009,SCN_0337,Healthy,Healthy,0.841844,0.15803115,0.00012477353
BANK_010,SCN_0337,Stressed,Stressed,0.06884926,0.8826691,0.048481658
BANK_011,SCN_0337,Healthy,Healthy,0.98706704,0.012892074,4.091152e-05
BANK_012,SCN_0337,Healthy,Healthy,0.9997273,0.00026502655,7.670809e-06
BANK_013,SCN_0337,Critical,Critical,1.0721462e-05,0.0002877264,0.99970156
BANK_014,SCN_0337,Stressed,Stressed,0.13943201,0.8526043,0.00796364
BANK_015,SCN_0337,Critical,Stressed,0.0002916681,0.6585938,0.34111452
BANK_016,SCN_0337,Healthy,Healthy,0.9998062,0.00018974271,4.0186e-06
BANK_017,SCN_0337,Stressed,Stressed,0.006596074,0.67021906,0.32318488
BANK_018,SCN_0337,Stressed,Stressed,0.08415327,0.9157362,0.000110524816
BANK_019,SCN_0337,Critical,Critical,2.6221951e-05,0.00032910577,0.99964464
BANK_020,SCN_0337,Critical,Critical,0.00016881073,0.06326199,0.9365692
BANK_021,SCN_0337,Stressed,Stressed,0.0014901434,0.65192807,0.34658182
BANK_022,SCN_0337,Critical,Critical,0.00012086309,0.023369174,0.9765099
BANK_023,SCN_0337,Healthy,Healthy,0.99154836,0.008417513,3.4175024e-05
BANK_024,SCN_0337,Stressed,Stressed,0.008015097,0.99168915,0.00029581782
BANK_025,SCN_0337,Stressed,Stressed,0.21652201,0.7814451,0.0020329326
BANK_026,SCN_0337,Healthy,Healthy,0.8704044,0.12943372,0.0001618153
BANK_027,SCN_0337,Stressed,Healthy,0.768504,0.23104079,0.00045515833
BANK_028,SCN_0337,Critical,Stressed,0.00046183696,0.80363,0.19590816
BANK_029,SCN_0337,Critical,Stressed,0.0017356754,0.81766176,0.18060254
BANK_030,SCN_0337,Critical,Critical,1.6664706e-05,0.00024482186,0.9997385
BANK_031,SCN_0337,Healthy,Healthy,0.9997075,0.0002839608,8.533358e-06
BANK_032,SCN_0337,Healthy,Healthy,0.9861531,0.013818021,2.8834156e-05
BANK_033,SCN_0337,Critical,Stressed,0.005349481,0.63197553,0.362675
BANK_034,SCN_0337,Stressed,Stressed,0.24030909,0.7551044,0.004586496
BANK_035,SCN_0337,Healthy,Healthy,0.9997445,0.00024702508,8.5523225e-06
BANK_036,SCN_0337,Stressed,Healthy,0.94424254,0.055658903,9.85538e-05
BANK_037,SCN_0337,Stressed,Stressed,0.057725955,0.93416977,0.008104257
BANK_038,SCN_0337,Healthy,Stressed,0.3306311,0.6686339,0.0007349731
BANK_039,SCN_0337,Healthy,Healthy,0.99854374,0.0014407228,1.5513422e-05
BANK_040,SCN_0337,Healthy,Healthy,0.98742384,0.012528556,4.7558817e-05
BANK_001,SCN_0342,Healthy,Healthy,0.79252136,0.20712957,0.00034906407
BANK_002,SCN_0342,Stressed,Stressed,0.13642968,0.84963673,0.013933582
BANK_003,SCN_0342,Critical,Stressed,0.051628467,0.8135741,0.13479747
BANK_004,SCN_0342,Healthy,Stressed,0.38888928,0.610438,0.0006726909
BANK_005,SCN_0342,Healthy,Healthy,0.9994618,0.0005025597,3.5674377e-05
BANK_006,SCN_0342,Stressed,Stressed,8.571905e-05,0.99703443,0.0028798287
BANK_007,SCN_0342,Healthy,Healthy,0.99921525,0.00073435635,5.0351427e-05
BANK_008,SCN_0342,Stressed,Stressed,0.0002568753,0.9087617,0.09098144
BANK_009,SCN_0342,Stressed,Stressed,0.41198123,0.58725137,0.0007673922
BANK_010,SCN_0342,Stressed,Critical,0.0024920204,0.48979062,0.5077174
BANK_011,SCN_0342,Healthy,Healthy,0.71756446,0.2819996,0.00043593597
BANK_012,SCN_0342,Healthy,Healthy,0.9988527,0.0011036386,4.3650583e-05
BANK_013,SCN_0342,Critical,Critical,3.9327288e-06,0.00019019138,0.99980587
BANK_014,SCN_0342,Stressed,Stressed,0.0011441632,0.83237624,0.1664796
BANK_015,SCN_0342,Stressed,Critical,5.265245e-05,0.2792344,0.7207129
BANK_016,SCN_0342,Healthy,Healthy,0.9993293,0.00063952856,3.1185617e-05
BANK_017,SCN_0342,Stressed,Stressed,0.001196246,0.8087902,0.19001357
BANK_018,SCN_0342,Stressed,Stressed,0.00082723517,0.9989116,0.00026114722
BANK_019,SCN_0342,Critical,Critical,1.0586028e-05,0.00020398188,0.9997855
BANK_020,SCN_0342,Critical,Critical,1.7594264e-05,0.0027200384,0.99726236
BANK_021,SCN_0342,Critical,Stressed,0.00027572602,0.53279865,0.46692565
BANK_022,SCN_0342,Critical,Critical,3.8679773e-05,0.008123941,0.9918373
BANK_023,SCN_0342,Stressed,Stressed,0.005407992,0.9944079,0.00018418225
BANK_024,SCN_0342,Stressed,Stressed,0.00085281144,0.98994255,0.009204594
BANK_025,SCN_0342,Stressed,Stressed,0.05018643,0.75854486,0.1912687
BANK_026,SCN_0342,Stressed,Stressed,0.4744678,0.52483153,0.00070067245
BANK_027,SCN_0342,Healthy,Stressed,0.1546503,0.8289672,0.01638243
BANK_028,SCN_0342,Critical,Critical,0.00012521671,0.10968293,0.89019185
BANK_029,SCN_0342,Stressed,Stressed,0.00032190589,0.567714,0.43196407
BANK_030,SCN_0342,Critical,Critical,4.278031e-06,0.00027311128,0.99972254
BANK_031,SCN_0342,Healthy,Healthy,0.99898976,0.0009477861,6.241218e-05
BANK_032,SCN_0342,Stressed,Stressed,0.005695145,0.9940953,0.0002094916
BANK_033,SCN_0342,Critical,Critical,0.0006005096,0.1859723,0.8134272
BANK_034,SCN_0342,Stressed,Stressed,0.0033442082,0.81884485,0.17781089
BANK_035,SCN_0342,Healthy,Healthy,0.9989196,0.0010155006,6.485888e-05
BANK_036,SCN_0342,Healthy,Stressed,0.26356882,0.73556936,0.0008618424
BANK_037,SCN_0342,Stressed,Stressed,0.009211122,0.77990526,0.21088366
BANK_038,SCN_0342,Stressed,Stressed,0.0014079278,0.9036818,0.0949103
BANK_039,SCN_0342,Healthy,Healthy,0.9816273,0.018138608,0.00023406086
BANK_040,SCN_0342,Healthy,Healthy,0.53956443,0.4599757,0.00045991698
BANK_001,SCN_0348,Healthy,Healthy,0.99996126,3.7498186e-05,1.2077925e-06
BANK_002,SCN_0348,Healthy,Healthy,0.99922335,0.0007731863,3.4424493e-06
BANK_003,SCN_0348,Healthy,Healthy,0.9984561,0.0015406252,3.2172081e-06
BANK_004,SCN_0348,Healthy,Healthy,0.99974483,0.00025421215,9.68935e-07
BANK_005,SCN_0348,Healthy,Healthy,0.9999877,1.1837397e-05,4.300831e-07
BANK_006,SCN_0348,Stressed,Stressed,0.0037333476,0.99623567,3.097487e-05
BANK_007,SCN_0348,Healthy,Healthy,0.99998736,1.2094487e-05,5.2817734e-07
BANK_008,SCN_0348,Healthy,Healthy,0.9921863,0.0078009013,1.2778124e-05
BANK_009,SCN_0348,Healthy,Healthy,0.9996879,0.00031019413,1.9088138e-06
BANK_010,SCN_0348,Healthy,Healthy,0.9091455,0.090575024,0.00027952314
BANK_011,SCN_0348,Healthy,Healthy,0.99995923,4.013621e-05,6.3517814e-07
BANK_012,SCN_0348,Healthy,Healthy,0.99998486,1.462782e-05,5.3717855e-07
BANK_013,SCN_0348,Critical,Critical,0.00011421729,0.00054364256,0.99934214
BANK_014,SCN_0348,Healthy,Healthy,0.9948773,0.005103425,1.929938e-05
BANK_015,SCN_0348,Stressed,Stressed,0.00082150294,0.997804,0.0013745559
BANK_016,SCN_0348,Healthy,Healthy,0.99999034,9.375418e-06,2.445261e-07
BANK_017,SCN_0348,Stressed,Stressed,0.1232411,0.8760502,0.0007087322
BANK_018,SCN_0348,Healthy,Healthy,0.999858,0.00014128025,6.839774e-07
BANK_019,SCN_0348,Critical,Critical,0.00018890745,0.0005673656,0.99924374
BANK_020,SCN_0348,Stressed,Stressed,0.0017562987,0.79793483,0.2003089
BANK_021,SCN_0348,Stressed,Stressed,0.008020783,0.9907794,0.0011997877
BANK_022,SCN_0348,Stressed,Stressed,0.0010520549,0.9699738,0.028974082
BANK_023,SCN_0348,Healthy,Healthy,0.9999608,3.8552393e-05,7.1644183e-07
BANK_024,SCN_0348,Healthy,Healthy,0.99921083,0.00077698333,1.216349e-05
BANK_025,SCN_0348,Healthy,Healthy,0.9939569,0.0060323626,1.0704616e-05
BANK_026,SCN_0348,Healthy,Healthy,0.99971706,0.00028108436,1.803012e-06
BANK_027,SCN_0348,Healthy,Healthy,0.9995516,0.00044637808,1.9686343e-06
BANK_028,SCN_0348,Stressed,Stressed,0.0098065585,0.98876023,0.0014332646
BANK_029,SCN_0348,Stressed,Stressed,0.09203394,0.90756965,0.00039642444
BANK_030,SCN_0348,Critical,Critical,0.00012742874,0.00037070375,0.9995018
BANK_031,SCN_0348,Healthy,Healthy,0.9999844,1.5234456e-05,3.9807247e-07
BANK_032,SCN_0348,Healthy,Healthy,0.99991167,8.754466e-05,7.508822e-07
BANK_033,SCN_0348,Stressed,Stressed,0.12964505,0.8690569,0.0012980957
BANK_034,SCN_0348,Healthy,Healthy,0.9983626,0.0016290641,8.385287e-06
BANK_035,SCN_0348,Healthy,Healthy,0.99998724,1.2423003e-05,3.735061e-07
BANK_036,SCN_0348,Healthy,Healthy,0.9998473,0.00015145783,1.1788799e-06
BANK_037,SCN_0348,Healthy,Healthy,0.97644573,0.023483988,7.0254515e-05
BANK_038,SCN_0348,Healthy,Healthy,0.99937123,0.0006260976,2.677403e-06
BANK_039,SCN_0348,Healthy,Healthy,0.9999672,3.1339583e-05,1.4354512e-06
BANK_040,SCN_0348,Healthy,Healthy,0.999887,0.00011180146,1.1596092e-06
BANK_001,SCN_0353,Healthy,Healthy,0.9998486,0.00014925472,2.084831e-06
BANK_002,SCN_0353,Healthy,Healthy,0.99389327,0.0060977237,9.022574e-06
BANK_003,SCN_0353,Healthy,Healthy,0.9918309,0.008159503,9.673699e-06
BANK_004,SCN_0353,Healthy,Healthy,0.9986523,0.0013462969,1.4294475e-06
BANK_005,SCN_0353,Healthy,Healthy,0.9999714,2.7939534e-05,7.2909825e-07
BANK_006,SCN_0353,Stressed,Stressed,0.00066553545,0.99931633,1.8176179e-05
BANK_007,SCN_0353,Healthy,Healthy,0.9999778,2.1312288e-05,8.5500403e-07
BANK_008,SCN_0353,Stressed,Stressed,0.036652815,0.9631406,0.00020653398
BANK_009,SCN_0353,Healthy,Healthy,0.9977895,0.0022052748,5.216712e-06
BANK_010,SCN_0353,Healthy,Stressed,0.4014206,0.5977349,0.0008444254
BANK_011,SCN_0353,Healthy,Healthy,0.99984276,0.00015633437,8.945734e-07
BANK_012,SCN_0353,Healthy,Healthy,0.99997973,1.981328e-05,4.6775085e-07
BANK_013,SCN_0353,Critical,Critical,3.071613e-05,0.00043858174,0.9995307
BANK_014,SCN_0353,Healthy,Healthy,0.8832026,0.11655195,0.0002454789
BANK_015,SCN_0353,Stressed,Stressed,0.0004504977,0.994772,0.0047775405
BANK_016,SCN_0353,Healthy,Healthy,0.9999807,1.899778e-05,3.2088377e-07
BANK_017,SCN_0353,Stressed,Stressed,0.06649039,0.93204117,0.0014685182
BANK_018,SCN_0353,Healthy,Healthy,0.99912685,0.00087171147,1.4066892e-06
BANK_019,SCN_0353,Critical,Critical,8.2652885e-05,0.00036833473,0.999549
BANK_020,SCN_0353,Critical,Stressed,0.0009162453,0.58353376,0.41554996
BANK_021,SCN_0353,Stressed,Stressed,0.008212085,0.98938924,0.0023986644
BANK_022,SCN_0353,Critical,Stressed,0.00094624347,0.66652435,0.3325294
BANK_023,SCN_0353,Healthy,Healthy,0.9998796,0.00011900413,1.407569e-06
BANK_024,SCN_0353,Healthy,Healthy,0.9938008,0.0061823004,1.684232e-05
BANK_025,SCN_0353,Healthy,Healthy,0.9580198,0.041932628,4.7589605e-05
BANK_026,SCN_0353,Healthy,Healthy,0.99863285,0.0013633833,3.7679629e-06
BANK_027,SCN_0353,Healthy,Healthy,0.9972371,0.0027568268,6.0465895e-06
BANK_028,SCN_0353,Stressed,Stressed,0.0020833304,0.9958359,0.0020807886
BANK_029,SCN_0353,Stressed,Stressed,0.012431862,0.98679525,0.00077291514
BANK_030,SCN_0353,Critical,Critical,5.0645333e-05,0.00032144875,0.9996278
BANK_031,SCN_0353,Healthy,Healthy,0.9999721,2.7465787e-05,4.6623353e-07
BANK_032,SCN_0353,Healthy,Healthy,0.9997693,0.000229654,1.0947682e-06
BANK_033,SCN_0353,Stressed,Stressed,0.05545384,0.940988,0.0035581077
BANK_034,SCN_0353,Healthy,Healthy,0.93900764,0.06091086,8.1449376e-05
BANK_035,SCN_0353,Healthy,Healthy,0.999972,2.7428327e-05,5.3580044e-07
BANK_036,SCN_0353,Healthy,Healthy,0.99916494,0.0008328379,2.195867e-06
BANK_037,SCN_0353,Healthy,Healthy,0.5682145,0.43105575,0.0007297862
BANK_038,SCN_0353,Healthy,Healthy,0.99021566,0.009769583,1.4727843e-05
BANK_039,SCN_0353,Healthy,Healthy,0.99992037,7.8146084e-05,1.4384672e-06
BANK_040,SCN_0353,Healthy,Healthy,0.9997429,0.00025553978,1.5831712e-06
BANK_001,SCN_0357,Healthy,Healthy,0.9997278,0.00026934172,2.9014059e-06
BANK_002,SCN_0357,Healthy,Healthy,0.9683498,0.03161407,3.6134858e-05
BANK_003,SCN_0357,Healthy,Healthy,0.8995589,0.10035422,8.688932e-05
BANK_004,SCN_0357,Healthy,Healthy,0.9943575,0.0056362455,6.206205e-06
BANK_005,SCN_0357,Healthy,Healthy,0.999941,5.7540292e-05,1.5004306e-06
BANK_006,SCN_0357,Stressed,Stressed,0.00050976296,0.99946445,2.5773106e-05
BANK_007,SCN_0357,Healthy,Healthy,0.9999503,4.7861326e-05,1.8108052e-06
BANK_008,SCN_0357,Stressed,Stressed,0.0018722237,0.9980248,0.00010294245
BANK_009,SCN_0357,Healthy,Healthy,0.9952154,0.004775569,9.048434e-06
BANK_010,SCN_0357,Stressed,Stressed,0.30278158,0.695533,0.0016854819
BANK_011,SCN_0357,Healthy,Healthy,0.9995259,0.00047192085,2.1774033e-06
BANK_012,SCN_0357,Healthy,Healthy,0.9999571,4.2045893e-05,8.40834e-07
BANK_013,SCN_0357,Critical,Critical,1.8817045e-05,0.00029831583,0.9996829
BANK_014,SCN_0357,Stressed,Stressed,0.4346149,0.56434804,0.0010370435
BANK_015,SCN_0357,Stressed,Stressed,0.0003611993,0.9126246,0.08701426
BANK_016,SCN_0357,Healthy,Healthy,0.9999598,3.943737e-05,7.825163e-07
BANK_017,SCN_0357,Stressed,Stressed,0.006750814,0.989297,0.0039522694
BANK_018,SCN_0357,Healthy,Healthy,0.9980604,0.0019365653,3.0595738e-06
BANK_019,SCN_0357,Critical,Critical,3.4962475e-05,0.00030745668,0.99965763
BANK_020,SCN_0357,Stressed,Critical,0.00038974028,0.15108071,0.8485295
BANK_021,SCN_0357,Stressed,Stressed,0.0044593625,0.9698711,0.025669545
BANK_022,SCN_0357,Critical,Critical,0.0004968406,0.3115536,0.6879496
BANK_023,SCN_0357,Healthy,Healthy,0.99956065,0.00043599616,3.3452725e-06
BANK_024,SCN_0357,Healthy,Healthy,0.9832427,0.016695011,6.224258e-05
BANK_025,SCN_0357,Healthy,Stressed,0.48934218,0.5102841,0.00037373524
BANK_026,SCN_0357,Healthy,Healthy,0.9935508,0.0064406716,8.552205e-06
BANK_027,SCN_0357,Healthy,Healthy,0.9650616,0.03488208,5.6285902e-05
BANK_028,SCN_0357,Stressed,Stressed,0.0008061299,0.992226,0.0069678253
BANK_029,SCN_0357,Stressed,Stressed,0.0014338393,0.99763477,0.0009313844
BANK_030,SCN_0357,Critical,Critical,1.752547e-05,0.00019087788,0.99979156
BANK_031,SCN_0357,Healthy,Healthy,0.9999536,4.5501765e-05,8.867862e-07
BANK_032,SCN_0357,Healthy,Healthy,0.9993331,0.0006649959,1.9483298e-06
BANK_033,SCN_0357,Stressed,Stressed,0.017482758,0.97379637,0.008720858
BANK_034,SCN_0357,Stressed,Stressed,0.48614147,0.5132574,0.00060112396
BANK_035,SCN_0357,Healthy,Healthy,0.99994195,5.7030687e-05,1.032779e-06
BANK_036,SCN_0357,Healthy,Healthy,0.9978041,0.0021909084,5.004493e-06
BANK_037,SCN_0357,Stressed,Stressed,0.23273313,0.7659055,0.0013614291
BANK_038,SCN_0357,Healthy,Healthy,0.93250024,0.06741766,8.2141676e-05
BANK_039,SCN_0357,Healthy,Healthy,0.9998147,0.00018206231,3.3112858e-06
BANK_040,SCN_0357,Healthy,Healthy,0.99943954,0.0005583065,2.1981723e-06
BANK_001,SCN_0362,Healthy,Healthy,0.9999219,7.568161e-05,2.3360692e-06
BANK_002,SCN_0362,Healthy,Healthy,0.9977169,0.0022768711,6.2668796e-06
BANK_003,SCN_0362,Healthy,Healthy,0.99633956,0.0036535969,6.8724735e-06
BANK_004,SCN_0362,Healthy,Healthy,0.99942183,0.00057674915,1.476258e-06
BANK_005,SCN_0362,Healthy,Healthy,0.9999796,1.9643798e-05,7.2883245e-07
BANK_006,SCN_0362,Stressed,Stressed,0.0019428063,0.9980317,2.547021e-05
BANK_007,SCN_0362,Healthy,Healthy,0.9999789,2.001171e-05,1.0440353e-06
BANK_008,SCN_0362,Stressed,Stressed,0.23557901,0.7641297,0.000291272
BANK_009,SCN_0362,Healthy,Healthy,0.99923277,0.00076293707,4.2778893e-06
BANK_010,SCN_0362,Healthy,Healthy,0.8119993,0.18742487,0.00057587906
BANK_011,SCN_0362,Healthy,Healthy,0.99992776,7.140928e-05,8.702049e-07
BANK_012,SCN_0362,Healthy,Healthy,0.9999852,1.4255393e-05,5.396681e-07
BANK_013,SCN_0362,Critical,Critical,2.7803344e-05,0.00024467212,0.99972755
BANK_014,SCN_0362,Healthy,Healthy,0.96920514,0.03068338,0.00011152747
BANK_015,SCN_0362,Stressed,Stressed,0.00047912265,0.9967625,0.0027583307
BANK_016,SCN_0362,Healthy,Healthy,0.9999865,1.31762445e-05,3.3032737e-07
BANK_017,SCN_0362,Stressed,Stressed,0.111498594,0.8872056,0.0012957465
BANK_018,SCN_0362,Healthy,Healthy,0.99959034,0.0004083981,1.2381761e-06
BANK_019,SCN_0362,Critical,Critical,6.926403e-05,0.00022406988,0.9997067
BANK_020,SCN_0362,Critical,Critical,0.0009603222,0.252099,0.74694073
BANK_021,SCN_0362,Stressed,Stressed,0.01018112,0.98756474,0.0022541771
BANK_022,SCN_0362,Stressed,Critical,0.0007962146,0.30655095,0.6926529
BANK_023,SCN_0362,Healthy,Healthy,0.99992645,7.230167e-05,1.2093744e-06
BANK_024,SCN_0362,Healthy,Healthy,0.9984616,0.0015262597,1.2173347e-05
BANK_025,SCN_0362,Healthy,Healthy,0.9663943,0.033561736,4.399377e-05
BANK_026,SCN_0362,Healthy,Healthy,0.99934715,0.0006491818,3.6789788e-06
BANK_027,SCN_0362,Healthy,Healthy,0.99887687,0.0011193447,3.7649859e-06
BANK_028,SCN_0362,Stressed,Stressed,0.009305887,0.98728484,0.00340922
BANK_029,SCN_0362,Stressed,Stressed,0.034891743,0.964279,0.00082925113
BANK_030,SCN_0362,Critical,Critical,4.7406196e-05,0.00021486073,0.9997377
BANK_031,SCN_0362,Healthy,Healthy,0.99998057,1.8915629e-05,5.438184e-07
BANK_032,SCN_0362,Healthy,Healthy,0.99984837,0.00015015455,1.4625145e-06
BANK_033,SCN_0362,Stressed,Stressed,0.052283682,0.94442344,0.0032928723
BANK_034,SCN_0362,Healthy,Healthy,0.9923316,0.007644064,2.4265495e-05
BANK_035,SCN_0362,Healthy,Healthy,0.9999764,2.2935428e-05,6.7124023e-07
BANK_036,SCN_0362,Healthy,Healthy,0.9996007,0.00039704412,2.2618112e-06
BANK_037,SCN_0362,Healthy,Healthy,0.9101424,0.08953767,0.00031990543
BANK_038,SCN_0362,Healthy,Healthy,0.99539244,0.0045962916,1.1231115e-05
BANK_039,SCN_0362,Healthy,Healthy,0.9999708,2.808811e-05,1.0697061e-06
BANK_040,SCN_0362,Healthy,Healthy,0.9997831,0.00021464213,2.2553243e-06
BANK_001,SCN_0363,Healthy,Healthy,0.9314981,0.06835614,0.00014571156
BANK_002,SCN_0363,Stressed,Stressed,0.3135717,0.6824331,0.003995148
BANK_003,SCN_0363,Stressed,Stressed,0.16672204,0.798826,0.034452
BANK_004,SCN_0363,Healthy,Healthy,0.5405962,0.4590841,0.00031971413
BANK_005,SCN_0363,Healthy,Healthy,0.9995616,0.000422215,1.6171552e-05
BANK_006,SCN_0363,Stressed,Stressed,0.0001121368,0.99937254,0.00051536114
BANK_007,SCN_0363,Healthy,Healthy,0.99912935,0.0008431227,2.7573571e-05
BANK_008,SCN_0363,Stressed,Stressed,0.00054051634,0.99064773,0.0088117
BANK_009,SCN_0363,Stressed,Stressed,0.43493578,0.564792,0.00027227242
BANK_010,SCN_0363,Stressed,Stressed,0.00640421,0.8438685,0.14972726
BANK_011,SCN_0363,Healthy,Healthy,0.8337121,0.16616552,0.00012237944
BANK_012,SCN_0363,Healthy,Healthy,0.9996673,0.0003192833,1.3491916e-05
BANK_013,SCN_0363,Critical,Critical,9.348908e-06,0.0002741992,0.99971646
BANK_014,SCN_0363,Stressed,Stressed,0.004842372,0.7732427,0.22191493
BANK_015,SCN_0363,Stressed,Critical,8.349291e-05,0.12875666,0.87115985
BANK_016,SCN_0363,Healthy,Healthy,0.9995347,0.0004540766,1.123172e-05
BANK_017,SCN_0363,Critical,Critical,0.0037644708,0.2080594,0.7881761
BANK_018,SCN_0363,Stressed,Stressed,0.001673542,0.99823135,9.5187315e-05
BANK_019,SCN_0363,Critical,Critical,2.9842224e-05,0.00045650196,0.9995136
BANK_020,SCN_0363,Critical,Critical,8.4230174e-05,0.01661693,0.98329884
BANK_021,SCN_0363,Stressed,Critical,0.0006441587,0.29173672,0.70761913
BANK_022,SCN_0363,Critical,Critical,0.0001472976,0.028426517,0.9714262
BANK_023,SCN_0363,Stressed,Stressed,0.058932297,0.94086915,0.00019851333
BANK_024,SCN_0363,Stressed,Stressed,0.0010471625,0.99774534,0.0012074244
BANK_025,SCN_0363,Healthy,Stressed,0.130864,0.8083614,0.060774606
BANK_026,SCN_0363,Stressed,Healthy,0.5459414,0.45380214,0.0002564288
BANK_027,SCN_0363,Stressed,Stressed,0.28723276,0.7076557,0.005111559
BANK_028,SCN_0363,Critical,Critical,0.00026486313,0.31724313,0.682492
BANK_029,SCN_0363,Stressed,Critical,0.000945479,0.42040756,0.57864696
BANK_030,SCN_0363,Critical,Critical,1.2899088e-05,0.00032445116,0.99966264
BANK_031,SCN_0363,Healthy,Healthy,0.9994288,0.0005520093,1.9173938e-05
BANK_032,SCN_0363,Stressed,Stressed,0.12191206,0.8778432,0.0002447955
BANK_033,SCN_0363,Critical,Critical,0.0015918768,0.42464444,0.57376367
BANK_034,SCN_0363,Stressed,Stressed,0.0096491175,0.9005421,0.08980883
BANK_035,SCN_0363,Healthy,Healthy,0.99935716,0.0006227841,2.0000887e-05
BANK_036,SCN_0363,Healthy,Stressed,0.49892905,0.500766,0.00030495517
BANK_037,SCN_0363,Stressed,Stressed,0.029991526,0.7192656,0.25074294
BANK_038,SCN_0363,Stressed,Stressed,0.0028085911,0.9904923,0.0066990918
BANK_039,SCN_0363,Healthy,Healthy,0.97405404,0.025808742,0.00013715404
BANK_040,SCN_0363,Healthy,Healthy,0.82284486,0.17693315,0.0002219686
BANK_001,SCN_0372,Healthy,Healthy,0.99414814,0.0058201114,3.1813084e-05
BANK_002,SCN_0372,Stressed,Healthy,0.603512,0.39612207,0.00036597328
BANK_003,SCN_0372,Stressed,Stressed,0.2815856,0.7175951,0.00081928057
BANK_004,SCN_0372,Healthy,Healthy,0.89584255,0.10406142,9.6014584e-05
BANK_005,SCN_0372,Healthy,Healthy,0.9998254,0.00016943687,5.1373495e-06
BANK_006,SCN_0372,Stressed,Stressed,0.00034070582,0.999595,6.42823e-05
BANK_007,SCN_0372,Healthy,Healthy,0.99985635,0.00013846539,5.220105e-06
BANK_008,SCN_0372,Stressed,Stressed,0.0019382775,0.99782026,0.00024141274
BANK_009,SCN_0372,Healthy,Healthy,0.8551798,0.14472373,9.6481286e-05
BANK_010,SCN_0372,Stressed,Stressed,0.0752689,0.8955652,0.029165918
BANK_011,SCN_0372,Healthy,Healthy,0.9887581,0.011209922,3.1976953e-05
BANK_012,SCN_0372,Healthy,Healthy,0.9997621,0.00023189763,5.981913e-06
BANK_013,SCN_0372,Critical,Critical,1.3291724e-05,0.00031965738,0.99966705
BANK_014,SCN_0372,Stressed,Stressed,0.1694167,0.8242269,0.0063564554
BANK_015,SCN_0372,Stressed,Stressed,0.00037923444,0.62406915,0.3755516
BANK_016,SCN_0372,Healthy,Healthy,0.9998487,0.0001483331,2.8873885e-06
BANK_017,SCN_0372,Stressed,Stressed,0.0060544764,0.8841986,0.10974695
BANK_018,SCN_0372,Stressed,Stressed,0.123020455,0.87687194,0.0001075949
BANK_019,SCN_0372,Critical,Critical,2.9196963e-05,0.0003498829,0.9996209
BANK_020,SCN_0372,Critical,Critical,0.00020982735,0.07996523,0.9198249
BANK_021,SCN_0372,Critical,Stressed,0.001594053,0.7085785,0.28982747
BANK_022,SCN_0372,Critical,Critical,0.0001325668,0.025198707,0.9746687
BANK_023,SCN_0372,Healthy,Healthy,0.9927301,0.0072447537,2.5177509e-05
BANK_024,SCN_0372,Stressed,Stressed,0.010530435,0.9891683,0.0003012378
BANK_025,SCN_0372,Stressed,Stressed,0.24172044,0.7568885,0.0013910844
BANK_026,SCN_0372,Stressed,Healthy,0.8935995,0.10628579,0.000114678514
BANK_027,SCN_0372,Stressed,Healthy,0.74682635,0.25279522,0.00037848286
BANK_028,SCN_0372,Stressed,Stressed,0.00047792343,0.82700634,0.17251572
BANK_029,SCN_0372,Critical,Stressed,0.0017441993,0.92840284,0.069852956
BANK_030,SCN_0372,Critical,Critical,1.966806e-05,0.00027310837,0.99970716
BANK_031,SCN_0372,Healthy,Healthy,0.99973017,0.00026357546,6.266275e-06
BANK_032,SCN_0372,Healthy,Healthy,0.98801905,0.011959649,2.1232772e-05
BANK_033,SCN_0372,Stressed,Stressed,0.0060208137,0.70482475,0.28915444
BANK_034,SCN_0372,Stressed,Stressed,0.30787584,0.6888405,0.0032836408
BANK_035,SCN_0372,Healthy,Healthy,0.9997694,0.00022454943,6.0665648e-06
BANK_036,SCN_0372,Stressed,Healthy,0.9535555,0.046376918,6.760082e-05
BANK_037,SCN_0372,Stressed,Stressed,0.06659743,0.9275035,0.0058990293
BANK_038,SCN_0372,Stressed,Stressed,0.39797962,0.6013702,0.00065017515
BANK_039,SCN_0372,Healthy,Healthy,0.99861205,0.0013753056,1.26140885e-05
BANK_040,SCN_0372,Healthy,Healthy,0.98907626,0.010889242,3.4471926e-05
BANK_001,SCN_0375,Healthy,Healthy,0.9970462,0.0029429893,1.0874983e-05
BANK_002,SCN_0375,Stressed,Healthy,0.77387905,0.22599345,0.0001275609
BANK_003,SCN_0375,Stressed,Healthy,0.60049486,0.39920524,0.0002998691
BANK_004,SCN_0375,Healthy,Healthy,0.8443006,0.15565488,4.4521774e-05
BANK_005,SCN_0375,Healthy,Healthy,0.9997696,0.00022718772,3.195856e-06
BANK_006,SCN_0375,Stressed,Stressed,0.00021472116,0.9997707,1.459661e-05
BANK_007,SCN_0375,Healthy,Healthy,0.99981135,0.00018494728,3.7516077e-06
BANK_008,SCN_0375,Stressed,Stressed,0.0014390998,0.998481,7.995697e-05
BANK_009,SCN_0375,Healthy,Healthy,0.92535746,0.07459442,4.8073707e-05
BANK_010,SCN_0375,Stressed,Stressed,0.05300428,0.9447021,0.0022935735
BANK_011,SCN_0375,Healthy,Healthy,0.9925426,0.0074479217,9.441709e-06
BANK_012,SCN_0375,Healthy,Healthy,0.9998698,0.00012798361,2.1680846e-06
BANK_013,SCN_0375,Critical,Critical,1.782144e-05,0.00046099018,0.99952126
BANK_014,SCN_0375,Healthy,Stressed,0.3043216,0.69437605,0.0013023308
BANK_015,SCN_0375,Stressed,Stressed,0.0002239227,0.96447396,0.03530206
BANK_016,SCN_0375,Healthy,Healthy,0.9998062,0.000191725,2.0560872e-06
BANK_017,SCN_0375,Stressed,Stressed,0.0041649514,0.9899899,0.005845153
BANK_018,SCN_0375,Healthy,Healthy,0.76169586,0.23825333,5.0842707e-05
BANK_019,SCN_0375,Critical,Critical,3.7850423e-05,0.00049118145,0.999471
BANK_020,SCN_0375,Stressed,Critical,0.00034835006,0.20257786,0.7970738
BANK_021,SCN_0375,Stressed,Stressed,0.0027331256,0.8916418,0.105625026
BANK_022,SCN_0375,Critical,Critical,0.00026833083,0.109166086,0.89056563
BANK_023,SCN_0375,Healthy,Healthy,0.9962132,0.0037766523,1.0190417e-05
BANK_024,SCN_0375,Healthy,Stressed,0.33010596,0.6693688,0.0005252415
BANK_025,SCN_0375,Healthy,Stressed,0.37304935,0.6264986,0.0004520815
BANK_026,SCN_0375,Healthy,Healthy,0.9130535,0.08689177,5.4695163e-05
BANK_027,SCN_0375,Healthy,Healthy,0.782531,0.21732603,0.0001429755
BANK_028,SCN_0375,Stressed,Stressed,0.00044976594,0.98536533,0.014184889
BANK_029,SCN_0375,Stressed,Stressed,0.0010311077,0.99611306,0.002855842
BANK_030,SCN_0375,Critical,Critical,3.0407782e-05,0.00053955865,0.99943
BANK_031,SCN_0375,Healthy,Healthy,0.9997763,0.00022076309,2.898811e-06
BANK_032,SCN_0375,Healthy,Healthy,0.9956142,0.0043768245,8.969982e-06
BANK_033,SCN_0375,Stressed,Stressed,0.00765852,0.97675884,0.015582622
BANK_034,SCN_0375,Stressed,Stressed,0.40497947,0.5941611,0.0008594674
BANK_035,SCN_0375,Healthy,Healthy,0.99975413,0.00024297349,2.8574389e-06
BANK_036,SCN_0375,Healthy,Healthy,0.9744288,0.02554626,2.4916875e-05
BANK_037,SCN_0375,Stressed,Stressed,0.17934194,0.8190724,0.0015856675
BANK_038,SCN_0375,Healthy,Stressed,0.47963944,0.52014476,0.00021578118
BANK_039,SCN_0375,Healthy,Healthy,0.9987212,0.0012709447,7.7973245e-06
BANK_040,SCN_0375,Healthy,Healthy,0.9955147,0.004474154,1.1168565e-05
BANK_001,SCN_0378,Healthy,Healthy,0.83399534,0.16473053,0.0012741595
BANK_002,SCN_0378,Stressed,Stressed,0.08137385,0.85479444,0.063831694
BANK_003,SCN_0378,Stressed,Stressed,0.061028723,0.71039045,0.22858085
BANK_004,SCN_0378,Healthy,Stressed,0.27481547,0.7241843,0.001000301
BANK_005,SCN_0378,Healthy,Healthy,0.9994562,0.00046597017,7.782495e-05
BANK_006,SCN_0378,Stressed,Stressed,0.0001024222,0.98583627,0.014061274
BANK_007,SCN_0378,Healthy,Healthy,0.9991279,0.0007681989,0.00010391247
BANK_008,SCN_0378,Stressed,Stressed,0.00027073506,0.9473156,0.052413676
BANK_009,SCN_0378,Stressed,Stressed,0.26810247,0.73034203,0.0015555114
BANK_010,SCN_0378,Stressed,Critical,0.00066102494,0.06305873,0.9362802
BANK_011,SCN_0378,Healthy,Stressed,0.3827407,0.6161611,0.0010982058
BANK_012,SCN_0378,Healthy,Healthy,0.9993629,0.00057001604,6.706858e-05
BANK_013,SCN_0378,Critical,Critical,1.6726264e-06,4.1694646e-05,0.9999566
BANK_014,SCN_0378,Critical,Critical,0.0010051155,0.44344634,0.5555486
BANK_015,SCN_0378,Stressed,Critical,9.76399e-06,0.0078616645,0.9921286
BANK_016,SCN_0378,Healthy,Healthy,0.9992532,0.00070793525,3.8833383e-05
BANK_017,SCN_0378,Critical,Critical,0.00080272875,0.10668369,0.8925135
BANK_018,SCN_0378,Stressed,Stressed,0.0011088912,0.99833494,0.00055621105
BANK_019,SCN_0378,Critical,Critical,5.0812114e-06,7.5423406e-05,0.99991953
BANK_020,SCN_0378,Critical,Critical,1.17034015e-05,0.0009939561,0.9989943
BANK_021,SCN_0378,Critical,Critical,0.00023555849,0.13503902,0.8647254
BANK_022,SCN_0378,Critical,Critical,1.4870748e-05,0.0020409555,0.9979442
BANK_023,SCN_0378,Stressed,Stressed,0.0023096642,0.99750525,0.00018510249
BANK_024,SCN_0378,Stressed,Stressed,0.00069650944,0.92638654,0.07291696
BANK_025,SCN_0378,Healthy,Stressed,0.039680734,0.80709887,0.1532204
BANK_026,SCN_0378,Healthy,Stressed,0.3480086,0.6505143,0.0014771202
BANK_027,SCN_0378,Stressed,Stressed,0.07851833,0.80873954,0.11274216
BANK_028,SCN_0378,Critical,Critical,0.0001186989,0.12881888,0.8710624
BANK_029,SCN_0378,Critical,Critical,0.00023977306,0.16270274,0.83705753
BANK_030,SCN_0378,Critical,Critical,1.6632549e-06,7.462859e-05,0.9999237
BANK_031,SCN_0378,Healthy,Healthy,0.99933666,0.0005827972,8.0462996e-05
BANK_032,SCN_0378,Stressed,Stressed,0.0039484226,0.9956573,0.00039431316
BANK_033,SCN_0378,Stressed,Critical,0.0004359191,0.09874839,0.90081567
BANK_034,SCN_0378,Stressed,Critical,0.002686451,0.40104565,0.59626794
BANK_035,SCN_0378,Healthy,Healthy,0.9992508,0.000654186,9.4910974e-05
BANK_036,SCN_0378,Stressed,Stressed,0.428758,0.5697967,0.0014453125
BANK_037,SCN_0378,Stressed,Critical,0.006563117,0.19422439,0.7992125
BANK_038,SCN_0378,Stressed,Stressed,0.00068305206,0.96152186,0.037795108
BANK_039,SCN_0378,Healthy,Healthy,0.9852953,0.0142786335,0.000426129
BANK_040,SCN_0378,Healthy,Stressed,0.354404,0.6443439,0.0012521147
BANK_001,SCN_0382,Healthy,Healthy,0.9978588,0.0021313785,9.738146e-06
BANK_002,SCN_0382,Healthy,Healthy,0.8097166,0.19016309,0.000120312136
BANK_003,SCN_0382,Stressed,Healthy,0.6609249,0.3387939,0.0002811722
BANK_004,SCN_0382,Stressed,Healthy,0.9239776,0.07599151,3.0856034e-05
BANK_005,SCN_0382,Healthy,Healthy,0.9998336,0.00016348402,2.8647278e-06
BANK_006,SCN_0382,Stressed,Stressed,0.0002857824,0.9996952,1.9028234e-05
BANK_007,SCN_0382,Healthy,Healthy,0.99985874,0.0001376233,3.617463e-06
BANK_008,SCN_0382,Stressed,Stressed,0.0022318645,0.99767154,9.6545955e-05
BANK_009,SCN_0382,Healthy,Healthy,0.9383897,0.0615633,4.701244e-05
BANK_010,SCN_0382,Healthy,Stressed,0.14444326,0.852656,0.002900706
BANK_011,SCN_0382,Healthy,Healthy,0.99506503,0.004926765,8.2078295e-06
BANK_012,SCN_0382,Healthy,Healthy,0.9998872,0.00011067668,2.0356592e-06
BANK_013,SCN_0382,Critical,Critical,1.6925873e-05,0.000379289,0.9996038
BANK_014,SCN_0382,Stressed,Stressed,0.4094333,0.5890805,0.0014861985
BANK_015,SCN_0382,Stressed,Stressed,0.0003363528,0.9500309,0.049632724
BANK_016,SCN_0382,Healthy,Healthy,0.99985623,0.00014196543,1.8145865e-06
BANK_017,SCN_0382,Stressed,Stressed,0.005664757,0.9877373,0.00659799
BANK_018,SCN_0382,Stressed,Healthy,0.7940769,0.20586973,5.3338495e-05
BANK_019,SCN_0382,Critical,Critical,3.9380106e-05,0.0003559765,0.99960464
BANK_020,SCN_0382,Critical,Critical,0.00042909614,0.17948893,0.820082
BANK_021,SCN_0382,Stressed,Stressed,0.0052065863,0.8542503,0.14054315
BANK_022,SCN_0382,Critical,Critical,0.00029768216,0.08728679,0.91241556
BANK_023,SCN_0382,Healthy,Healthy,0.9973163,0.00267376,9.939743e-06
BANK_024,SCN_0382,Stressed,Stressed,0.41060665,0.5888258,0.0005675403
BANK_025,SCN_0382,Stressed,Stressed,0.42406216,0.5754741,0.00046373255
BANK_026,SCN_0382,Healthy,Healthy,0.93472683,0.06522729,4.584643e-05
BANK_027,SCN_0382,Healthy,Healthy,0.85755825,0.14230278,0.00013902682
BANK_028,SCN_0382,Stressed,Stressed,0.00071575685,0.97739863,0.021885566
BANK_029,SCN_0382,Stressed,Stressed,0.0015428375,0.9951756,0.0032815372
BANK_030,SCN_0382,Critical,Critical,3.230418e-05,0.00041678466,0.9995509
BANK_031,SCN_0382,Healthy,Healthy,0.999826,0.00017152418,2.5432612e-06
BANK_032,SCN_0382,Healthy,Healthy,0.996167,0.003824586,8.388098e-06
BANK_033,SCN_0382,Stressed,Stressed,0.012869252,0.9663807,0.02075003
BANK_034,SCN_0382,Healthy,Stressed,0.48381746,0.5153032,0.0008793282
BANK_035,SCN_0382,Healthy,Healthy,0.99982613,0.00017147724,2.4249878e-06
BANK_036,SCN_0382,Healthy,Healthy,0.98150384,0.018476168,2.0043106e-05
BANK_037,SCN_0382,Stressed,Stressed,0.26009214,0.7378793,0.0020285835
BANK_038,SCN_0382,Healthy,Healthy,0.6502345,0.34955806,0.00020739312
BANK_039,SCN_0382,Healthy,Healthy,0.99892336,0.0010692193,7.4126388e-06
BANK_040,SCN_0382,Healthy,Healthy,0.9966191,0.0033714978,9.323819e-06
BANK_001,SCN_0385,Healthy,Healthy,0.99452424,0.0054461085,2.9664727e-05
BANK_002,SCN_0385,Healthy,Healthy,0.7742846,0.22529624,0.00041913148
BANK_003,SCN_0385,Healthy,Healthy,0.5568339,0.44152164,0.0016444608
BANK_004,SCN_0385,Healthy,Healthy,0.8781843,0.1216913,0.0001243698
BANK_005,SCN_0385,Healthy,Healthy,0.99986553,0.00012840865,6.0981597e-06
BANK_006,SCN_0385,Stressed,Stressed,0.00044737183,0.99942136,0.00013126498
BANK_007,SCN_0385,Healthy,Healthy,0.9998615,0.00013154266,6.9139683e-06
BANK_008,SCN_0385,Stressed,Stressed,0.0016635769,0.9980063,0.00033015196
BANK_009,SCN_0385,Healthy,Healthy,0.88445693,0.11543086,0.00011215921
BANK_010,SCN_0385,Stressed,Stressed,0.10892112,0.73911405,0.15196487
BANK_011,SCN_0385,Healthy,Healthy,0.98780113,0.012154681,4.415041e-05
BANK_012,SCN_0385,Healthy,Healthy,0.99982905,0.00016581391,5.074713e-06
BANK_013,SCN_0385,Critical,Critical,1.1207971e-05,0.00019056976,0.99979824
BANK_014,SCN_0385,Stressed,Stressed,0.17823604,0.80713624,0.014627759
BANK_015,SCN_0385,Stressed,Critical,0.00021256239,0.23555973,0.7642277
BANK_016,SCN_0385,Healthy,Healthy,0.9998272,0.00016876387,4.0803816e-06
BANK_017,SCN_0385,Stressed,Critical,0.016784418,0.40808266,0.5751329
BANK_018,SCN_0385,Stressed,Stressed,0.11840612,0.88144064,0.00015319294
BANK_019,SCN_0385,Critical,Critical,2.6992564e-05,0.00019254848,0.9997805
BANK_020,SCN_0385,Critical,Critical,0.0002052837,0.05845188,0.94134283
BANK_021,SCN_0385,Critical,Stressed,0.0011827659,0.58778507,0.4110322
BANK_022,SCN_0385,Critical,Critical,0.00011112624,0.017502246,0.9823866
BANK_023,SCN_0385,Healthy,Healthy,0.9933119,0.006654727,3.338588e-05
BANK_024,SCN_0385,Stressed,Stressed,0.014725798,0.9847232,0.0005510106
BANK_025,SCN_0385,Healthy,Stressed,0.296189,0.7013114,0.0024995583
BANK_026,SCN_0385,Healthy,Healthy,0.88278025,0.11706608,0.00015363106
BANK_027,SCN_0385,Healthy,Healthy,0.8780402,0.1215461,0.00041371168
BANK_028,SCN_0385,Stressed,Critical,0.00061773806,0.38092297,0.6184593
BANK_029,SCN_0385,Stressed,Stressed,0.0018813787,0.66061664,0.33750194
BANK_030,SCN_0385,Critical,Critical,1.3976205e-05,0.00015800449,0.999828
BANK_031,SCN_0385,Healthy,Healthy,0.99984455,0.0001480302,7.338086e-06
BANK_032,SCN_0385,Healthy,Healthy,0.9878593,0.0121122915,2.8347833e-05
BANK_033,SCN_0385,Stressed,Critical,0.005787919,0.32607597,0.6681361
BANK_034,SCN_0385,Healthy,Stressed,0.4444376,0.54959315,0.005969243
BANK_035,SCN_0385,Healthy,Healthy,0.9997968,0.00019443213,8.787363e-06
BANK_036,SCN_0385,Healthy,Healthy,0.9498728,0.050024953,0.00010228132
BANK_037,SCN_0385,Stressed,Stressed,0.06956815,0.9191114,0.011320522
BANK_038,SCN_0385,Stressed,Stressed,0.38958874,0.6093728,0.001038496
BANK_039,SCN_0385,Healthy,Healthy,0.9990319,0.0009528306,1.52251e-05
BANK_040,SCN_0385,Healthy,Healthy,0.9838717,0.016085299,4.3080494e-05
BANK_001,SCN_0389,Healthy,Healthy,0.99950826,0.0004870726,4.6506607e-06
BANK_002,SCN_0389,Healthy,Healthy,0.97162926,0.028318364,5.238423e-05
BANK_003,SCN_0389,Healthy,Healthy,0.804851,0.1948787,0.00027027144
BANK_004,SCN_0389,Healthy,Healthy,0.9858496,0.014138271,1.2118854e-05
BANK_005,SCN_0389,Healthy,Healthy,0.9999411,5.6825746e-05,2.0739897e-06
BANK_006,SCN_0389,Stressed,Stressed,0.000461332,0.99952054,1.8170376e-05
BANK_007,SCN_0389,Healthy,Healthy,0.9999331,6.43627e-05,2.4701346e-06
BANK_008,SCN_0389,Stressed,Stressed,0.0012910608,0.9986193,8.9673034e-05
BANK_009,SCN_0389,Healthy,Healthy,0.99283546,0.0071518654,1.2684849e-05
BANK_010,SCN_0389,Stressed,Stressed,0.19194514,0.8056308,0.0024241218
BANK_011,SCN_0389,Healthy,Healthy,0.9992912,0.00070544257,3.2990652e-06
BANK_012,SCN_0389,Healthy,Healthy,0.9999398,5.883199e-05,1.3557843e-06
BANK_013,SCN_0389,Critical,Critical,2.3692553e-05,0.0006247981,0.99935156
BANK_014,SCN_0389,Healthy,Stressed,0.33171487,0.66675276,0.0015323792
BANK_015,SCN_0389,Stressed,Stressed,0.00029303422,0.9805182,0.019188792
BANK_016,SCN_0389,Healthy,Healthy,0.9999505,4.842763e-05,9.954537e-07
BANK_017,SCN_0389,Stressed,Stressed,0.006944789,0.98373115,0.009324008
BANK_018,SCN_0389,Healthy,Healthy,0.9965404,0.0034518973,7.667905e-06
BANK_019,SCN_0389,Critical,Critical,5.298449e-05,0.00045223738,0.9994948
BANK_020,SCN_0389,Critical,Critical,0.0006511251,0.4633586,0.5359903
BANK_021,SCN_0389,Stressed,Stressed,0.0040548965,0.95066565,0.04527945
BANK_022,SCN_0389,Critical,Critical,0.00053435046,0.49828675,0.5011789
BANK_023,SCN_0389,Healthy,Healthy,0.9994764,0.0005189303,4.713366e-06
BANK_024,SCN_0389,Healthy,Healthy,0.96864724,0.0312835,6.923811e-05
BANK_025,SCN_0389,Healthy,Stressed,0.46983862,0.5295262,0.00063524744
BANK_026,SCN_0389,Healthy,Healthy,0.99184626,0.008132509,2.1238906e-05
BANK_027,SCN_0389,Healthy,Healthy,0.9652152,0.034711577,7.326684e-05
BANK_028,SCN_0389,Stressed,Stressed,0.00072295044,0.9932284,0.0060487385
BANK_029,SCN_0389,Stressed,Stressed,0.0019057321,0.99443734,0.0036568863
BANK_030,SCN_0389,Critical,Critical,3.8111564e-05,0.00046833273,0.9994935
BANK_031,SCN_0389,Healthy,Healthy,0.9999465,5.163916e-05,1.9224956e-06
BANK_032,SCN_0389,Healthy,Healthy,0.99890876,0.0010867321,4.5131706e-06
BANK_033,SCN_0389,Stressed,Stressed,0.032999415,0.91270155,0.05429907
BANK_034,SCN_0389,Stressed,Healthy,0.5140367,0.4849969,0.00096638344
BANK_035,SCN_0389,Healthy,Healthy,0.9999403,5.7606794e-05,2.111804e-06
BANK_036,SCN_0389,Healthy,Healthy,0.99692255,0.003065722,1.1760758e-05
BANK_037,SCN_0389,Stressed,Stressed,0.17884873,0.8197482,0.0014030163
BANK_038,SCN_0389,Healthy,Healthy,0.5611664,0.43867147,0.00016218974
BANK_039,SCN_0389,Healthy,Healthy,0.9998259,0.00017178542,2.3753842e-06
BANK_040,SCN_0389,Healthy,Healthy,0.9989054,0.001088086,6.50641e-06
BANK_001,SCN_0392,Healthy,Healthy,0.9999218,7.6511154e-05,1.731023e-06
BANK_002,SCN_0392,Healthy,Healthy,0.99774134,0.0022536656,4.9635732e-06
BANK_003,SCN_0392,Healthy,Healthy,0.9967693,0.0032255955,5.10512e-06
BANK_004,SCN_0392,Healthy,Healthy,0.99939966,0.00059921667,1.080323e-06
BANK_005,SCN_0392,Healthy,Healthy,0.99998116,1.8306673e-05,5.133553e-07
BANK_006,SCN_0392,Stressed,Stressed,0.0023194912,0.9976603,2.0240339e-05
BANK_007,SCN_0392,Healthy,Healthy,0.99997854,2.0660966e-05,8.508011e-07
BANK_008,SCN_0392,Stressed,Stressed,0.3517952,0.64797205,0.00023273317
BANK_009,SCN_0392,Healthy,Healthy,0.99916935,0.0008274072,3.2458652e-06
BANK_010,SCN_0392,Healthy,Healthy,0.54590714,0.45335022,0.0007426786
BANK_011,SCN_0392,Healthy,Healthy,0.99991107,8.813687e-05,7.527488e-07
BANK_012,SCN_0392,Healthy,Healthy,0.99998677,1.2824363e-05,4.268587e-07
BANK_013,SCN_0392,Critical,Critical,8.4193554e-05,0.0003022803,0.9996136
BANK_014,SCN_0392,Healthy,Healthy,0.9440934,0.055768564,0.0001380054
BANK_015,SCN_0392,Stressed,Stressed,0.0010716687,0.9964831,0.0024452026
BANK_016,SCN_0392,Healthy,Healthy,0.9999862,1.3545697e-05,2.5362576e-07
BANK_017,SCN_0392,Stressed,Stressed,0.15943275,0.8394268,0.0011404277
BANK_018,SCN_0392,Healthy,Healthy,0.9995172,0.00048176263,1.0265244e-06
BANK_019,SCN_0392,Critical,Critical,0.00014662316,0.00025427958,0.99959916
BANK_020,SCN_0392,Critical,Critical,0.0019318317,0.36535725,0.6327109
BANK_021,SCN_0392,Stressed,Stressed,0.0319036,0.9660357,0.0020606774
BANK_022,SCN_0392,Stressed,Critical,0.0014169053,0.3372484,0.6613347
BANK_023,SCN_0392,Healthy,Healthy,0.9999263,7.260417e-05,1.0130877e-06
BANK_024,SCN_0392,Healthy,Healthy,0.9980653,0.0019248873,9.83115e-06
BANK_025,SCN_0392,Healthy,Healthy,0.9672318,0.032732513,3.564989e-05
BANK_026,SCN_0392,Healthy,Healthy,0.9993542,0.0006428625,2.99476e-06
BANK_027,SCN_0392,Healthy,Healthy,0.9988937,0.0011032629,3.118696e-06
BANK_028,SCN_0392,Stressed,Stressed,0.01034512,0.98744154,0.002213357
BANK_029,SCN_0392,Stressed,Stressed,0.038348105,0.96086425,0.00078763056
BANK_030,SCN_0392,Critical,Critical,0.00010179775,0.00026011083,0.9996381
BANK_031,SCN_0392,Healthy,Healthy,0.999979,2.0540308e-05,4.2203771e-07
BANK_032,SCN_0392,Healthy,Healthy,0.9998703,0.0001286349,1.0967129e-06
BANK_033,SCN_0392,Stressed,Stressed,0.056544345,0.9408908,0.0025647993
BANK_034,SCN_0392,Healthy,Healthy,0.99152815,0.008450656,2.122349e-05
BANK_035,SCN_0392,Healthy,Healthy,0.9999764,2.3067836e-05,4.786526e-07
BANK_036,SCN_0392,Healthy,Healthy,0.9995509,0.00044737116,1.7458694e-06
BANK_037,SCN_0392,Healthy,Healthy,0.8269481,0.17263332,0.0004185798
BANK_038,SCN_0392,Healthy,Healthy,0.9946308,0.0053600967,9.095845e-06
BANK_039,SCN_0392,Healthy,Healthy,0.9999664,3.2733627e-05,8.741921e-07
BANK_040,SCN_0392,Healthy,Healthy,0.99981457,0.00018371889,1.7612152e-06
BANK_001,SCN_0395,Healthy,Healthy,0.8988403,0.101047836,0.00011179112
BANK_002,SCN_0395,Healthy,Healthy,0.62686986,0.37198374,0.0011464343
BANK_003,SCN_0395,Healthy,Stressed,0.22195669,0.7723406,0.0057027624
BANK_004,SCN_0395,Healthy,Healthy,0.769852,0.23000802,0.00014003855
BANK_005,SCN_0395,Healthy,Healthy,0.9996786,0.000311783,9.600881e-06
BANK_006,SCN_0395,Stressed,Stressed,0.000124992,0.9997626,0.00011242218
BANK_007,SCN_0395,Healthy,Healthy,0.9996766,0.00031432812,9.138719e-06
BANK_008,SCN_0395,Stressed,Stressed,0.00040609957,0.9987068,0.0008870512
BANK_009,SCN_0395,Healthy,Healthy,0.6430958,0.35672083,0.00018340982
BANK_010,SCN_0395,Healthy,Stressed,0.029669771,0.92649543,0.043834843
BANK_011,SCN_0395,Healthy,Healthy,0.8998667,0.10005007,8.321715e-05
BANK_012,SCN_0395,Healthy,Healthy,0.99953294,0.00045631838,1.0714502e-05
BANK_013,SCN_0395,Critical,Critical,1.2353685e-05,0.00056593877,0.9994217
BANK_014,SCN_0395,Stressed,Stressed,0.016936574,0.97527134,0.0077921604
BANK_015,SCN_0395,Critical,Critical,0.00017827812,0.3922275,0.6075942
BANK_016,SCN_0395,Healthy,Healthy,0.99977845,0.00021629364,5.2361706e-06
BANK_017,SCN_0395,Stressed,Stressed,0.0055915248,0.59529877,0.39910966
BANK_018,SCN_0395,Stressed,Stressed,0.0035722964,0.9963337,9.3939285e-05
BANK_019,SCN_0395,Critical,Critical,3.3019707e-05,0.00061804854,0.99934894
BANK_020,SCN_0395,Critical,Critical,0.00014783037,0.02715797,0.97269416
BANK_021,SCN_0395,Critical,Stressed,0.0006135468,0.7269056,0.27248093
BANK_022,SCN_0395,Critical,Critical,0.00014018356,0.033518333,0.96634144
BANK_023,SCN_0395,Healthy,Stressed,0.39187312,0.60792065,0.00020624456
BANK_024,SCN_0395,Stressed,Stressed,0.0022412667,0.9972692,0.0004894875
BANK_025,SCN_0395,Stressed,Stressed,0.17169496,0.82268476,0.005620295
BANK_026,SCN_0395,Healthy,Healthy,0.62963647,0.37018937,0.00017418906
BANK_027,SCN_0395,Stressed,Stressed,0.28224757,0.71633106,0.0014213272
BANK_028,SCN_0395,Critical,Critical,0.00043626459,0.4830653,0.51649845
BANK_029,SCN_0395,Stressed,Stressed,0.0010767487,0.7769526,0.22197063
BANK_030,SCN_0395,Critical,Critical,2.0582165e-05,0.00043844743,0.99954104
BANK_031,SCN_0395,Healthy,Healthy,0.9995658,0.00042226163,1.1931303e-05
BANK_032,SCN_0395,Healthy,Stressed,0.3036444,0.69614327,0.00021232435
BANK_033,SCN_0395,Stressed,Stressed,0.0027299677,0.7711045,0.22616553
BANK_034,SCN_0395,Stressed,Stressed,0.05979017,0.9177379,0.022471916
BANK_035,SCN_0395,Healthy,Healthy,0.9994617,0.00052478554,1.3553047e-05
BANK_036,SCN_0395,Healthy,Healthy,0.6472631,0.35253024,0.00020668749
BANK_037,SCN_0395,Stressed,Stressed,0.05807526,0.9269487,0.014976045
BANK_038,SCN_0395,Stressed,Stressed,0.0077106114,0.99065244,0.001636925
BANK_039,SCN_0395,Healthy,Healthy,0.9983444,0.0016319936,2.3575929e-05
BANK_040,SCN_0395,Healthy,Healthy,0.8579573,0.14193378,0.00010890723
BANK_001,SCN_0407,Healthy,Healthy,0.9501927,0.04966395,0.00014339942
BANK_002,SCN_0407,Healthy,Stressed,0.13679741,0.86107475,0.0021278872
BANK_003,SCN_0407,Stressed,Stressed,0.10680527,0.8768949,0.016299788
BANK_004,SCN_0407,Healthy,Stressed,0.4778331,0.52187437,0.00029253814
BANK_005,SCN_0407,Healthy,Healthy,0.99961543,0.0003668421,1.7652203e-05
BANK_006,SCN_0407,Stressed,Stressed,0.0001964533,0.9993487,0.0004548235
BANK_007,SCN_0407,Healthy,Healthy,0.9993099,0.0006624764,2.7592288e-05
BANK_008,SCN_0407,Stressed,Stressed,0.0013560008,0.99481046,0.0038335167
BANK_009,SCN_0407,Stressed,Stressed,0.4477143,0.551923,0.0003627158
BANK_010,SCN_0407,Critical,Stressed,0.004860857,0.76402223,0.23111694
BANK_011,SCN_0407,Healthy,Healthy,0.7919202,0.20790271,0.00017710743
BANK_012,SCN_0407,Healthy,Healthy,0.99958533,0.0003997174,1.4903088e-05
BANK_013,SCN_0407,Critical,Critical,8.015246e-06,0.00035808387,0.9996339
BANK_014,SCN_0407,Stressed,Stressed,0.014133967,0.8603345,0.12553151
BANK_015,SCN_0407,Critical,Critical,0.00011397833,0.27887225,0.7210138
BANK_016,SCN_0407,Healthy,Healthy,0.9995912,0.00039980284,9.095684e-06
BANK_017,SCN_0407,Critical,Critical,0.0014217825,0.2306204,0.7679578
BANK_018,SCN_0407,Stressed,Stressed,0.007194732,0.9926926,0.000112706926
BANK_019,SCN_0407,Critical,Critical,1.8018396e-05,0.0004598555,0.9995221
BANK_020,SCN_0407,Critical,Critical,9.632348e-05,0.044466287,0.95543736
BANK_021,SCN_0407,Stressed,Critical,0.00056308566,0.39793113,0.6015058
BANK_022,SCN_0407,Critical,Critical,0.00017746164,0.08714488,0.91267765
BANK_023,SCN_0407,Healthy,Stressed,0.28184742,0.7178611,0.00029146305
BANK_024,SCN_0407,Stressed,Stressed,0.0020990914,0.99678564,0.0011152184
BANK_025,SCN_0407,Stressed,Stressed,0.07688689,0.905551,0.01756215
BANK_026,SCN_0407,Healthy,Healthy,0.5355732,0.4640723,0.00035458838
BANK_027,SCN_0407,Healthy,Stressed,0.20861413,0.788853,0.0025328693
BANK_028,SCN_0407,Stressed,Critical,0.00016808356,0.17799279,0.8218391
BANK_029,SCN_0407,Critical,Critical,0.00053191243,0.3618195,0.6376486
BANK_030,SCN_0407,Critical,Critical,1.0862435e-05,0.00043101606,0.99955815
BANK_031,SCN_0407,Healthy,Healthy,0.9994886,0.0004924574,1.8975634e-05
BANK_032,SCN_0407,Stressed,Stressed,0.36914858,0.6305758,0.00027563408
BANK_033,SCN_0407,Stressed,Critical,0.0011341175,0.35574442,0.6431215
BANK_034,SCN_0407,Stressed,Stressed,0.018677661,0.94961655,0.031705722
BANK_035,SCN_0407,Healthy,Healthy,0.99943274,0.0005457459,2.1462021e-05
BANK_036,SCN_0407,Healthy,Healthy,0.6275705,0.37209666,0.00033286418
BANK_037,SCN_0407,Stressed,Stressed,0.013227743,0.8997049,0.08706743
BANK_038,SCN_0407,Stressed,Stressed,0.032620613,0.96249557,0.004883799
BANK_039,SCN_0407,Healthy,Healthy,0.98149616,0.018380426,0.00012346625
BANK_040,SCN_0407,Healthy,Healthy,0.7811101,0.21862347,0.0002664435
BANK_001,SCN_0409,Healthy,Healthy,0.9926999,0.0072582606,4.189724e-05
BANK_002,SCN_0409,Healthy,Healthy,0.58865947,0.41074693,0.00059361476
BANK_003,SCN_0409,Healthy,Stressed,0.29767463,0.7006988,0.0016265969
BANK_004,SCN_0409,Healthy,Healthy,0.9016398,0.09821782,0.0001423567
BANK_005,SCN_0409,Healthy,Healthy,0.99980146,0.00019133449,7.226861e-06
BANK_006,SCN_0409,Stressed,Stressed,0.00051427266,0.9992895,0.00019614532
BANK_007,SCN_0409,Healthy,Healthy,0.9998646,0.00012783766,7.509131e-06
BANK_008,SCN_0409,Stressed,Stressed,0.0015883419,0.99809724,0.00031446217
BANK_009,SCN_0409,Healthy,Healthy,0.8547686,0.14509024,0.00014123748
BANK_010,SCN_0409,Stressed,Stressed,0.10368517,0.61154556,0.2847693
BANK_011,SCN_0409,Healthy,Healthy,0.98934513,0.010595777,5.9088095e-05
BANK_012,SCN_0409,Healthy,Healthy,0.9997073,0.00028529923,7.4464683e-06
BANK_013,SCN_0409,Critical,Critical,1.0452461e-05,0.00026174873,0.9997278
BANK_014,SCN_0409,Stressed,Stressed,0.15968792,0.82432824,0.015983874
BANK_015,SCN_0409,Stressed,Critical,0.00021301936,0.28854206,0.7112449
BANK_016,SCN_0409,Healthy,Healthy,0.99979216,0.0002028925,4.97048e-06
BANK_017,SCN_0409,Stressed,Stressed,0.006862198,0.70410484,0.28903297
BANK_018,SCN_0409,Stressed,Stressed,0.094136715,0.9057051,0.00015817059
BANK_019,SCN_0409,Critical,Critical,2.2957523e-05,0.00024889674,0.99972814
BANK_020,SCN_0409,Critical,Critical,0.0001460117,0.03729307,0.96256095
BANK_021,SCN_0409,Stressed,Stressed,0.0012255855,0.61630774,0.3824666
BANK_022,SCN_0409,Stressed,Critical,0.00011628186,0.027503962,0.97237974
BANK_023,SCN_0409,Healthy,Healthy,0.99138016,0.008579365,4.0407744e-05
BANK_024,SCN_0409,Stressed,Stressed,0.015243165,0.98392695,0.0008298227
BANK_025,SCN_0409,Stressed,Stressed,0.17095691,0.82683337,0.002209782
BANK_026,SCN_0409,Healthy,Healthy,0.77243924,0.2273454,0.00021541587
BANK_027,SCN_0409,Healthy,Healthy,0.8124678,0.18698254,0.00054969284
BANK_028,SCN_0409,Stressed,Critical,0.00045808018,0.43332353,0.5662184
BANK_029,SCN_0409,Stressed,Stressed,0.0014423277,0.7146209,0.28393674
BANK_030,SCN_0409,Critical,Critical,1.3147982e-05,0.0001935058,0.99979335
BANK_031,SCN_0409,Healthy,Healthy,0.999741,0.00024909276,9.880356e-06
BANK_032,SCN_0409,Healthy,Healthy,0.979832,0.020134548,3.350392e-05
BANK_033,SCN_0409,Stressed,Critical,0.0038554585,0.45174015,0.54440445
BANK_034,SCN_0409,Healthy,Stressed,0.27567813,0.7178544,0.0064674728
BANK_035,SCN_0409,Healthy,Healthy,0.9997397,0.00024954777,1.0733411e-05
BANK_036,SCN_0409,Healthy,Healthy,0.9319551,0.067905694,0.00013916582
BANK_037,SCN_0409,Stressed,Stressed,0.06327267,0.9236833,0.013044059
BANK_038,SCN_0409,Healthy,Stressed,0.43938068,0.559459,0.0011603773
BANK_039,SCN_0409,Healthy,Healthy,0.9985361,0.0014433523,2.0529222e-05
BANK_040,SCN_0409,Healthy,Healthy,0.9767669,0.02318204,5.1008592e-05
BANK_001,SCN_0410,Healthy,Healthy,0.9975585,0.0024311224,1.0445307e-05
BANK_002,SCN_0410,Healthy,Healthy,0.6848895,0.31487697,0.00023351198
BANK_003,SCN_0410,Stressed,Healthy,0.51766324,0.4813404,0.000996283
BANK_004,SCN_0410,Healthy,Healthy,0.6631233,0.33679083,8.5817956e-05
BANK_005,SCN_0410,Healthy,Healthy,0.9998161,0.00017998283,3.900776e-06
BANK_006,SCN_0410,Stressed,Stressed,0.0003393637,0.99963236,2.8212007e-05
BANK_007,SCN_0410,Healthy,Healthy,0.99988174,0.00011471749,3.503385e-06
BANK_008,SCN_0410,Stressed,Stressed,0.0018593551,0.9980094,0.0001312414
BANK_009,SCN_0410,Healthy,Healthy,0.92039883,0.07953302,6.819397e-05
BANK_010,SCN_0410,Stressed,Stressed,0.035613403,0.9541711,0.010215501
BANK_011,SCN_0410,Healthy,Healthy,0.9925525,0.007434399,1.3060555e-05
BANK_012,SCN_0410,Healthy,Healthy,0.9998671,0.00013081405,2.0973096e-06
BANK_013,SCN_0410,Critical,Critical,2.2736253e-05,0.0004184005,0.99955887
BANK_014,SCN_0410,Healthy,Stressed,0.21266775,0.78365177,0.0036805386
BANK_015,SCN_0410,Stressed,Stressed,0.000248813,0.71275866,0.28699255
BANK_016,SCN_0410,Healthy,Healthy,0.99978966,0.00020737904,2.990949e-06
BANK_017,SCN_0410,Stressed,Stressed,0.0049901735,0.8984592,0.09655068
BANK_018,SCN_0410,Healthy,Healthy,0.8089899,0.19094765,6.246353e-05
BANK_019,SCN_0410,Critical,Critical,2.8316781e-05,0.00034785175,0.9996238
BANK_020,SCN_0410,Critical,Critical,0.00027257175,0.19490421,0.8048232
BANK_021,SCN_0410,Critical,Stressed,0.001156493,0.93307257,0.06577091
BANK_022,SCN_0410,Critical,Critical,0.0001637155,0.021903142,0.97793317
BANK_023,SCN_0410,Healthy,Healthy,0.9954926,0.004494919,1.2438999e-05
BANK_024,SCN_0410,Healthy,Stressed,0.058043614,0.9417575,0.00019882813
BANK_025,SCN_0410,Stressed,Stressed,0.31433588,0.68468565,0.0009784034
BANK_026,SCN_0410,Healthy,Healthy,0.966973,0.032976396,5.0590796e-05
BANK_027,SCN_0410,Stressed,Healthy,0.7187583,0.28091776,0.00032392677
BANK_028,SCN_0410,Stressed,Stressed,0.00060252484,0.6727669,0.32663053
BANK_029,SCN_0410,Stressed,Stressed,0.00124115,0.93664277,0.06211606
BANK_030,SCN_0410,Critical,Critical,1.7330867e-05,0.00038047327,0.99960226
BANK_031,SCN_0410,Healthy,Healthy,0.99979955,0.00019583823,4.6889404e-06
BANK_032,SCN_0410,Healthy,Healthy,0.9959359,0.0040521626,1.18828175e-05
BANK_033,SCN_0410,Stressed,Stressed,0.005861936,0.8025226,0.19161552
BANK_034,SCN_0410,Stressed,Stressed,0.33432895,0.6641267,0.0015443608
BANK_035,SCN_0410,Healthy,Healthy,0.9997644,0.00023149292,4.1335074e-06
BANK_036,SCN_0410,Healthy,Healthy,0.95949835,0.040455278,4.6359997e-05
BANK_037,SCN_0410,Stressed,Stressed,0.114551954,0.8807536,0.004694448
BANK_038,SCN_0410,Healthy,Stressed,0.4777148,0.52192605,0.00035916033
BANK_039,SCN_0410,Healthy,Healthy,0.99915993,0.0008323748,7.643283e-06
BANK_040,SCN_0410,Healthy,Healthy,0.9954946,0.004491151,1.4220057e-05
BANK_001,SCN_0411,Healthy,Healthy,0.99971265,0.00028423808,3.1309005e-06
BANK_002,SCN_0411,Healthy,Healthy,0.9804484,0.019525079,2.6499118e-05
BANK_003,SCN_0411,Healthy,Healthy,0.8759117,0.12397314,0.00011518428
BANK_004,SCN_0411,Healthy,Healthy,0.9905111,0.009481834,7.051477e-06
BANK_005,SCN_0411,Healthy,Healthy,0.99994755,5.0874754e-05,1.5984814e-06
BANK_006,SCN_0411,Stressed,Stressed,0.00056113553,0.9994184,2.0530691e-05
BANK_007,SCN_0411,Healthy,Healthy,0.999943,5.477114e-05,2.216125e-06
BANK_008,SCN_0411,Stressed,Stressed,0.0016276351,0.99829096,8.145723e-05
BANK_009,SCN_0411,Healthy,Healthy,0.99555814,0.0044327294,9.157505e-06
BANK_010,SCN_0411,Stressed,Stressed,0.3824347,0.61567235,0.001892934
BANK_011,SCN_0411,Healthy,Healthy,0.999572,0.0004259789,2.076671e-06
BANK_012,SCN_0411,Healthy,Healthy,0.99995434,4.4664754e-05,9.367551e-07
BANK_013,SCN_0411,Critical,Critical,2.3295996e-05,0.0004280797,0.9995486
BANK_014,SCN_0411,Healthy,Stressed,0.47995493,0.5189243,0.0011207679
BANK_015,SCN_0411,Stressed,Stressed,0.0003818314,0.97408676,0.025531419
BANK_016,SCN_0411,Healthy,Healthy,0.99995315,4.6024492e-05,7.78355e-07
BANK_017,SCN_0411,Stressed,Stressed,0.007926283,0.98591805,0.0061556413
BANK_018,SCN_0411,Healthy,Healthy,0.99796116,0.0020350174,3.777283e-06
BANK_019,SCN_0411,Critical,Critical,5.2191786e-05,0.0003456017,0.99960226
BANK_020,SCN_0411,Critical,Critical,0.0005082365,0.2543646,0.74512714
BANK_021,SCN_0411,Stressed,Stressed,0.004735968,0.9534689,0.04179507
BANK_022,SCN_0411,Critical,Critical,0.0004655617,0.23622777,0.76330674
BANK_023,SCN_0411,Healthy,Healthy,0.9996462,0.00035042738,3.3380247e-06
BANK_024,SCN_0411,Healthy,Healthy,0.9832307,0.016724719,4.457862e-05
BANK_025,SCN_0411,Stressed,Healthy,0.6180981,0.38152868,0.00037330136
BANK_026,SCN_0411,Healthy,Healthy,0.995155,0.00483264,1.2396027e-05
BANK_027,SCN_0411,Healthy,Healthy,0.97699946,0.022962525,3.8039296e-05
BANK_028,SCN_0411,Stressed,Stressed,0.00087703933,0.99249506,0.006627878
BANK_029,SCN_0411,Stressed,Stressed,0.0021775481,0.99566156,0.0021609196
BANK_030,SCN_0411,Critical,Critical,3.561652e-05,0.0003481896,0.99961615
BANK_031,SCN_0411,Healthy,Healthy,0.9999491,4.9648475e-05,1.2194291e-06
BANK_032,SCN_0411,Healthy,Healthy,0.99925894,0.0007379985,3.1063282e-06
BANK_033,SCN_0411,Stressed,Stressed,0.035810955,0.93721485,0.026974242
BANK_034,SCN_0411,Healthy,Healthy,0.74522436,0.25430384,0.00047183444
BANK_035,SCN_0411,Healthy,Healthy,0.9999441,5.4510907e-05,1.3841441e-06
BANK_036,SCN_0411,Healthy,Healthy,0.9978649,0.0021283813,6.7663523e-06
BANK_037,SCN_0411,Healthy,Stressed,0.29650152,0.70203704,0.0014614979
BANK_038,SCN_0411,Healthy,Healthy,0.64244765,0.35743153,0.00012077618
BANK_039,SCN_0411,Healthy,Healthy,0.9998636,0.00013421378,2.1584037e-06
BANK_040,SCN_0411,Healthy,Healthy,0.99918526,0.000809853,4.9086675e-06
BANK_001,SCN_0415,Healthy,Healthy,0.9933339,0.0066471673,1.9001693e-05
BANK_002,SCN_0415,Healthy,Healthy,0.53696465,0.46280214,0.00023322177
BANK_003,SCN_0415,Healthy,Stressed,0.4748891,0.5245819,0.00052896456
BANK_004,SCN_0415,Healthy,Healthy,0.56039613,0.43952063,8.3238774e-05
BANK_005,SCN_0415,Healthy,Healthy,0.99962413,0.0003706542,5.224619e-06
BANK_006,SCN_0415,Stressed,Stressed,0.00019578586,0.9997781,2.6133874e-05
BANK_007,SCN_0415,Healthy,Healthy,0.9998091,0.00018592215,5.013869e-06
BANK_008,SCN_0415,Stressed,Stressed,0.0015460557,0.99832815,0.00012584726
BANK_009,SCN_0415,Healthy,Healthy,0.843543,0.15637685,8.012357e-05
BANK_010,SCN_0415,Stressed,Stressed,0.031892058,0.9610429,0.007064996
BANK_011,SCN_0415,Healthy,Healthy,0.9720639,0.027912527,2.3538329e-05
BANK_012,SCN_0415,Healthy,Healthy,0.9998165,0.00018058656,2.9662704e-06
BANK_013,SCN_0415,Critical,Critical,2.12492e-05,0.0005030448,0.9994758
BANK_014,SCN_0415,Stressed,Stressed,0.23142932,0.7653484,0.0032222874
BANK_015,SCN_0415,Stressed,Stressed,0.00025910127,0.7619242,0.23781666
BANK_016,SCN_0415,Healthy,Healthy,0.9996793,0.00031730076,3.4118457e-06
BANK_017,SCN_0415,Stressed,Stressed,0.005721959,0.95418894,0.040089082
BANK_018,SCN_0415,Healthy,Stressed,0.114431806,0.8855037,6.445783e-05
BANK_019,SCN_0415,Critical,Critical,3.6577803e-05,0.0004598939,0.9995035
BANK_020,SCN_0415,Critical,Critical,0.0002895478,0.21227744,0.787433
BANK_021,SCN_0415,Stressed,Stressed,0.001390827,0.91765267,0.08095652
BANK_022,SCN_0415,Critical,Critical,0.00017568699,0.028146775,0.97167754
BANK_023,SCN_0415,Healthy,Healthy,0.9898914,0.010088446,2.0126517e-05
BANK_024,SCN_0415,Stressed,Stressed,0.004775876,0.99511516,0.000108946726
BANK_025,SCN_0415,Stressed,Stressed,0.25470763,0.74458826,0.000704063
BANK_026,SCN_0415,Stressed,Healthy,0.92412,0.07581034,6.968429e-05
BANK_027,SCN_0415,Healthy,Healthy,0.56659997,0.43312877,0.0002712992
BANK_028,SCN_0415,Stressed,Stressed,0.0005770778,0.7938556,0.2055673
BANK_029,SCN_0415,Stressed,Stressed,0.0016543753,0.9672045,0.03114114
BANK_030,SCN_0415,Critical,Critical,1.9545609e-05,0.0004226168,0.9995578
BANK_031,SCN_0415,Healthy,Healthy,0.9996339,0.000361148,4.946807e-06
BANK_032,SCN_0415,Healthy,Healthy,0.99334323,0.006642237,1.4502258e-05
BANK_033,SCN_0415,Stressed,Stressed,0.0061943927,0.8952225,0.09858317
BANK_034,SCN_0415,Stressed,Stressed,0.3388628,0.65951073,0.0016264821
BANK_035,SCN_0415,Healthy,Healthy,0.9996239,0.00037148502,4.5607103e-06
BANK_036,SCN_0415,Healthy,Healthy,0.92953056,0.0704145,5.4918815e-05
BANK_037,SCN_0415,Healthy,Stressed,0.11839333,0.8780285,0.003578163
BANK_038,SCN_0415,Healthy,Stressed,0.30408064,0.69556504,0.00035424743
BANK_039,SCN_0415,Healthy,Healthy,0.99790287,0.0020853165,1.1800715e-05
BANK_040,SCN_0415,Healthy,Healthy,0.99180484,0.008175693,1.9416528e-05
BANK_001,SCN_0416,Healthy,Healthy,0.9869025,0.013047353,5.0147744e-05
BANK_002,SCN_0416,Healthy,Healthy,0.62300193,0.37652725,0.0004707904
BANK_003,SCN_0416,Healthy,Stressed,0.3965802,0.6017781,0.0016416949
BANK_004,SCN_0416,Healthy,Healthy,0.61664784,0.38320488,0.00014730079
BANK_005,SCN_0416,Healthy,Healthy,0.99975723,0.00023474685,7.988661e-06
BANK_006,SCN_0416,Stressed,Stressed,0.0002204104,0.9997004,7.913411e-05
BANK_007,SCN_0416,Healthy,Healthy,0.9997646,0.0002252222,1.0168318e-05
BANK_008,SCN_0416,Stressed,Stressed,0.0014774277,0.99819773,0.00032490763
BANK_009,SCN_0416,Healthy,Healthy,0.67092973,0.3288824,0.00018786636
BANK_010,SCN_0416,Stressed,Stressed,0.050134394,0.8517352,0.09813039
BANK_011,SCN_0416,Healthy,Healthy,0.96153367,0.038408525,5.787317e-05
BANK_012,SCN_0416,Healthy,Healthy,0.9997018,0.00029061383,7.5525913e-06
BANK_013,SCN_0416,Critical,Critical,9.515825e-06,0.0002413591,0.9997491
BANK_014,SCN_0416,Stressed,Stressed,0.1500945,0.8385981,0.0113074295
BANK_015,SCN_0416,Stressed,Critical,0.00019138762,0.39361635,0.6061923
BANK_016,SCN_0416,Healthy,Healthy,0.9996853,0.00030970146,4.9969526e-06
BANK_017,SCN_0416,Critical,Critical,0.0067489953,0.32455885,0.6686921
BANK_018,SCN_0416,Stressed,Stressed,0.03937997,0.96052635,9.370023e-05
BANK_019,SCN_0416,Critical,Critical,2.3492474e-05,0.00025482764,0.9997217
BANK_020,SCN_0416,Critical,Critical,0.00013271898,0.052142203,0.947725
BANK_021,SCN_0416,Stressed,Stressed,0.0010509084,0.64058065,0.35836843
BANK_022,SCN_0416,Critical,Critical,9.5651216e-05,0.021026477,0.97887784
BANK_023,SCN_0416,Healthy,Healthy,0.98102784,0.018929644,4.2509644e-05
BANK_024,SCN_0416,Stressed,Stressed,0.007929379,0.99167633,0.0003942534
BANK_025,SCN_0416,Stressed,Stressed,0.23817676,0.7597503,0.0020729364
BANK_026,SCN_0416,Healthy,Healthy,0.6142833,0.38547036,0.00024636573
BANK_027,SCN_0416,Healthy,Healthy,0.7860363,0.2135008,0.0004628585
BANK_028,SCN_0416,Stressed,Critical,0.00039441863,0.34876132,0.6508443
BANK_029,SCN_0416,Stressed,Stressed,0.0011742233,0.61292225,0.38590348
BANK_030,SCN_0416,Critical,Critical,1.201287e-05,0.00022379486,0.99976414
BANK_031,SCN_0416,Healthy,Healthy,0.9996728,0.00031768502,9.560768e-06
BANK_032,SCN_0416,Healthy,Healthy,0.9649644,0.034986936,4.8716698e-05
BANK_033,SCN_0416,Stressed,Stressed,0.004356438,0.60889286,0.3867507
BANK_034,SCN_0416,Stressed,Stressed,0.35074425,0.64416736,0.0050884597
BANK_035,SCN_0416,Healthy,Healthy,0.9996345,0.00035510215,1.039102e-05
BANK_036,SCN_0416,Healthy,Healthy,0.82081467,0.17902984,0.00015548184
BANK_037,SCN_0416,Stressed,Stressed,0.06034393,0.9273854,0.012270678
BANK_038,SCN_0416,Healthy,Stressed,0.37804317,0.6209752,0.0009816366
BANK_039,SCN_0416,Healthy,Healthy,0.9982304,0.0017475658,2.205299e-05
BANK_040,SCN_0416,Healthy,Healthy,0.95492613,0.044986766,8.713792e-05
BANK_001,SCN_0432,Healthy,Healthy,0.5880669,0.4116318,0.00030134083
BANK_002,SCN_0432,Healthy,Stressed,0.18183799,0.78292793,0.035234027
BANK_003,SCN_0432,Critical,Stressed,0.104992695,0.8470591,0.047948252
BANK_004,SCN_0432,Stressed,Healthy,0.5609051,0.43869558,0.000399313
BANK_005,SCN_0432,Healthy,Healthy,0.9994357,0.00053792476,2.6328293e-05
BANK_006,SCN_0432,Critical,Stressed,6.350194e-05,0.99825734,0.001679178
BANK_007,SCN_0432,Healthy,Healthy,0.99905425,0.0008957796,4.993249e-05
BANK_008,SCN_0432,Stressed,Stressed,0.00021307211,0.9877687,0.012018237
BANK_009,SCN_0432,Stressed,Stressed,0.13380535,0.8658696,0.00032502777
BANK_010,SCN_0432,Critical,Stressed,0.0012789799,0.8366278,0.16209324
BANK_011,SCN_0432,Healthy,Healthy,0.5117431,0.4879384,0.00031846433
BANK_012,SCN_0432,Healthy,Healthy,0.9991252,0.00084632944,2.8549131e-05
BANK_013,SCN_0432,Critical,Critical,4.448585e-06,0.00015753768,0.999838
BANK_014,SCN_0432,Critical,Stressed,0.0009367628,0.93965876,0.05940454
BANK_015,SCN_0432,Critical,Critical,2.352205e-05,0.016604617,0.9833718
BANK_016,SCN_0432,Healthy,Healthy,0.99964726,0.0003358788,1.6850265e-05
BANK_017,SCN_0432,Critical,Critical,0.002206793,0.46878195,0.52901125
BANK_018,SCN_0432,Stressed,Stressed,0.0006885161,0.9992113,0.00010020387
BANK_019,SCN_0432,Critical,Critical,1.09590665e-05,0.00017935217,0.9998097
BANK_020,SCN_0432,Critical,Critical,3.0043144e-05,0.0034495688,0.9965204
BANK_021,SCN_0432,Critical,Critical,0.0003876204,0.35651168,0.6431007
BANK_022,SCN_0432,Critical,Critical,3.489998e-05,0.0072787316,0.9926864
BANK_023,SCN_0432,Stressed,Stressed,0.0030109077,0.99684614,0.00014297229
BANK_024,SCN_0432,Stressed,Stressed,0.00048129552,0.99334735,0.006171323
BANK_025,SCN_0432,Stressed,Stressed,0.048805837,0.8948407,0.05635345
BANK_026,SCN_0432,Healthy,Stressed,0.25347608,0.74606943,0.00045449956
BANK_027,SCN_0432,Critical,Stressed,0.19074552,0.75181633,0.05743814
BANK_028,SCN_0432,Critical,Critical,0.000240114,0.18428656,0.8154734
BANK_029,SCN_0432,Stressed,Critical,0.0006349106,0.24144875,0.75791633
BANK_030,SCN_0432,Critical,Critical,3.9239353e-06,0.0001464687,0.99984956
BANK_031,SCN_0432,Healthy,Healthy,0.9995327,0.0004451351,2.2155145e-05
BANK_032,SCN_0432,Stressed,Stressed,0.0024575484,0.99743086,0.00011153896
BANK_033,SCN_0432,Critical,Critical,0.0011626952,0.34466052,0.65417683
BANK_034,SCN_0432,Critical,Stressed,0.0027836345,0.92812026,0.06909614
BANK_035,SCN_0432,Healthy,Healthy,0.9992238,0.0007489455,2.7266502e-05
BANK_036,SCN_0432,Stressed,Stressed,0.30212578,0.6974888,0.0003855055
BANK_037,SCN_0432,Stressed,Stressed,0.007514383,0.92354476,0.06894089
BANK_038,SCN_0432,Stressed,Stressed,0.0009177713,0.98144174,0.017640553
BANK_039,SCN_0432,Healthy,Healthy,0.9829181,0.016889652,0.00019231059
BANK_040,SCN_0432,Stressed,Stressed,0.298411,0.701161,0.00042790046
BANK_001,SCN_0439,Healthy,Healthy,0.9988686,0.0011189218,1.2492948e-05
BANK_002,SCN_0439,Healthy,Healthy,0.92077315,0.07909319,0.00013365776
BANK_003,SCN_0439,Healthy,Healthy,0.623287,0.37581584,0.0008971673
BANK_004,SCN_0439,Healthy,Healthy,0.96158886,0.03837206,3.9027313e-05
BANK_005,SCN_0439,Healthy,Healthy,0.99994576,5.1671344e-05,2.531768e-06
BANK_006,SCN_0439,Stressed,Stressed,0.0005931062,0.9993623,4.4588232e-05
BANK_007,SCN_0439,Healthy,Healthy,0.9999585,3.902673e-05,2.433195e-06
BANK_008,SCN_0439,Stressed,Stressed,0.0024517789,0.9973571,0.00019115544
BANK_009,SCN_0439,Healthy,Healthy,0.9806795,0.019285455,3.5019562e-05
BANK_010,SCN_0439,Stressed,Stressed,0.12255373,0.8592097,0.018236531
BANK_011,SCN_0439,Healthy,Healthy,0.9985972,0.001394773,7.980571e-06
BANK_012,SCN_0439,Healthy,Healthy,0.99992144,7.547514e-05,3.0345932e-06
BANK_013,SCN_0439,Critical,Critical,1.7257931e-05,0.00029670744,0.999686
BANK_014,SCN_0439,Healthy,Stressed,0.37175333,0.62493175,0.0033149163
BANK_015,SCN_0439,Stressed,Stressed,0.0003666118,0.7723888,0.22724463
BANK_016,SCN_0439,Healthy,Healthy,0.999931,6.737899e-05,1.6467985e-06
BANK_017,SCN_0439,Stressed,Stressed,0.0061736996,0.7839478,0.20987847
BANK_018,SCN_0439,Healthy,Healthy,0.9460634,0.053899363,3.7201036e-05
BANK_019,SCN_0439,Critical,Critical,4.6426238e-05,0.00036344913,0.9995901
BANK_020,SCN_0439,Critical,Critical,0.00030642338,0.1122552,0.88743836
BANK_021,SCN_0439,Stressed,Stressed,0.001519018,0.84280473,0.1556763
BANK_022,SCN_0439,Critical,Critical,0.00024168548,0.056327615,0.94343066
BANK_023,SCN_0439,Healthy,Healthy,0.9988121,0.0011830204,4.881383e-06
BANK_024,SCN_0439,Healthy,Stressed,0.22303896,0.77654976,0.0004113397
BANK_025,SCN_0439,Stressed,Stressed,0.43424422,0.5646835,0.0010723036
BANK_026,SCN_0439,Healthy,Healthy,0.9901613,0.009816882,2.1793852e-05
BANK_027,SCN_0439,Healthy,Healthy,0.9531395,0.046740294,0.00012029763
BANK_028,SCN_0439,Stressed,Stressed,0.00079099066,0.8236443,0.17556469
BANK_029,SCN_0439,Stressed,Stressed,0.002439833,0.943938,0.053622227
BANK_030,SCN_0439,Critical,Critical,2.3663688e-05,0.00031720297,0.9996592
BANK_031,SCN_0439,Healthy,Healthy,0.9999181,7.899102e-05,2.9489368e-06
BANK_032,SCN_0439,Healthy,Healthy,0.99802566,0.0019670983,7.2862294e-06
BANK_033,SCN_0439,Stressed,Stressed,0.009623666,0.8199627,0.1704136
BANK_034,SCN_0439,Stressed,Healthy,0.5586541,0.43915957,0.002186336
BANK_035,SCN_0439,Healthy,Healthy,0.9999106,8.6444146e-05,2.8973654e-06
BANK_036,SCN_0439,Healthy,Healthy,0.99064094,0.009335767,2.329834e-05
BANK_037,SCN_0439,Stressed,Stressed,0.09510787,0.898681,0.006211134
BANK_038,SCN_0439,Stressed,Healthy,0.78248954,0.21719785,0.00031262677
BANK_039,SCN_0439,Healthy,Healthy,0.99972636,0.0002686231,4.987108e-06
BANK_040,SCN_0439,Healthy,Healthy,0.998024,0.0019601418,1.587459e-05
BANK_001,SCN_0441,Healthy,Healthy,0.9840555,0.015868444,7.597754e-05
BANK_002,SCN_0441,Stressed,Healthy,0.6127957,0.38657236,0.0006319808
BANK_003,SCN_0441,Stressed,Stressed,0.38627753,0.6110339,0.0026885325
BANK_004,SCN_0441,Healthy,Healthy,0.8094171,0.19044012,0.00014271501
BANK_005,SCN_0441,Healthy,Healthy,0.99963534,0.00035313796,1.1499725e-05
BANK_006,SCN_0441,Stressed,Stressed,0.00010164289,0.9998541,4.4269094e-05
BANK_007,SCN_0441,Healthy,Healthy,0.9996846,0.00030385304,1.1605343e-05
BANK_008,SCN_0441,Stressed,Stressed,0.00062689284,0.99895334,0.00041977
BANK_009,SCN_0441,Stressed,Healthy,0.63328904,0.366487,0.00022398641
BANK_010,SCN_0441,Stressed,Stressed,0.095915854,0.82827765,0.07580654
BANK_011,SCN_0441,Healthy,Healthy,0.94050944,0.05942227,6.822185e-05
BANK_012,SCN_0441,Healthy,Healthy,0.9997229,0.0002694437,7.5859275e-06
BANK_013,SCN_0441,Critical,Critical,1.3915912e-05,0.00045675389,0.99952936
BANK_014,SCN_0441,Stressed,Stressed,0.06353795,0.9210559,0.015406082
BANK_015,SCN_0441,Critical,Stressed,0.0001449477,0.7624263,0.23742874
BANK_016,SCN_0441,Healthy,Healthy,0.9997093,0.0002844207,6.2329705e-06
BANK_017,SCN_0441,Critical,Stressed,0.007193108,0.7332539,0.25955302
BANK_018,SCN_0441,Stressed,Stressed,0.0059843883,0.9939494,6.6199296e-05
BANK_019,SCN_0441,Critical,Critical,3.97914e-05,0.0004245387,0.9995357
BANK_020,SCN_0441,Critical,Critical,0.000116934396,0.02771677,0.9721663
BANK_021,SCN_0441,Stressed,Critical,0.0011927069,0.3877823,0.61102504
BANK_022,SCN_0441,Critical,Critical,8.54576e-05,0.009929529,0.989985
BANK_023,SCN_0441,Healthy,Healthy,0.92893356,0.07099593,7.048336e-05
BANK_024,SCN_0441,Stressed,Stressed,0.0021869587,0.9975904,0.00022269324
BANK_025,SCN_0441,Stressed,Stressed,0.16316566,0.83369064,0.0031436896
BANK_026,SCN_0441,Stressed,Healthy,0.7208373,0.2789354,0.00022725249
BANK_027,SCN_0441,Stressed,Healthy,0.6422665,0.35687485,0.0008586499
BANK_028,SCN_0441,Stressed,Critical,0.00042523356,0.24031284,0.7592619
BANK_029,SCN_0441,Stressed,Stressed,0.0014723504,0.60648656,0.39204106
BANK_030,SCN_0441,Critical,Critical,2.1619759e-05,0.00041266406,0.99956566
BANK_031,SCN_0441,Healthy,Healthy,0.99963534,0.0003531804,1.15111025e-05
BANK_032,SCN_0441,Healthy,Healthy,0.9148718,0.085035816,9.233002e-05
BANK_033,SCN_0441,Stressed,Stressed,0.00369525,0.62290365,0.37340108
BANK_034,SCN_0441,Stressed,Stressed,0.16825852,0.8196182,0.012123306
BANK_035,SCN_0441,Healthy,Healthy,0.99955446,0.00043199098,1.3586893e-05
BANK_036,SCN_0441,Healthy,Healthy,0.77555835,0.22423115,0.00021047486
BANK_037,SCN_0441,Stressed,Stressed,0.16043161,0.772645,0.06692339
BANK_038,SCN_0441,Stressed,Stressed,0.020671979,0.9783504,0.0009776027
BANK_039,SCN_0441,Healthy,Healthy,0.9976209,0.0023467087,3.2458134e-05
BANK_040,SCN_0441,Healthy,Healthy,0.9235243,0.07634763,0.00012804537
BANK_001,SCN_0451,Healthy,Healthy,0.99456245,0.005403401,3.412593e-05
BANK_002,SCN_0451,Stressed,Healthy,0.6094992,0.39012533,0.0003754201
BANK_003,SCN_0451,Stressed,Healthy,0.5901722,0.40873736,0.001090485
BANK_004,SCN_0451,Healthy,Healthy,0.85292864,0.14696802,0.00010332392
BANK_005,SCN_0451,Healthy,Healthy,0.99974066,0.00025142296,7.872918e-06
BANK_006,SCN_0451,Stressed,Stressed,0.0002697482,0.9996737,5.6499823e-05
BANK_007,SCN_0451,Healthy,Healthy,0.99984074,0.00015255988,6.7350265e-06
BANK_008,SCN_0451,Stressed,Stressed,0.0030115042,0.99667287,0.00031562714
BANK_009,SCN_0451,Healthy,Healthy,0.79846233,0.20140612,0.00013152645
BANK_010,SCN_0451,Stressed,Stressed,0.08785441,0.8844463,0.027699314
BANK_011,SCN_0451,Healthy,Healthy,0.9848364,0.015129899,3.3644545e-05
BANK_012,SCN_0451,Healthy,Healthy,0.9998499,0.00014517501,4.944829e-06
BANK_013,SCN_0451,Critical,Critical,1.2559499e-05,0.00024206679,0.9997453
BANK_014,SCN_0451,Stressed,Stressed,0.293713,0.7000396,0.0062473603
BANK_015,SCN_0451,Critical,Stressed,0.00034987714,0.6754854,0.32416478
BANK_016,SCN_0451,Healthy,Healthy,0.9998197,0.00017719716,3.164012e-06
BANK_017,SCN_0451,Stressed,Stressed,0.008958158,0.7448467,0.24619511
BANK_018,SCN_0451,Stressed,Stressed,0.13907552,0.86081177,0.00011271558
BANK_019,SCN_0451,Critical,Critical,2.892595e-05,0.00029722948,0.99967384
BANK_020,SCN_0451,Critical,Critical,0.00018520244,0.04757094,0.9522438
BANK_021,SCN_0451,Stressed,Stressed,0.001983249,0.5431067,0.4549101
BANK_022,SCN_0451,Critical,Critical,0.00017686647,0.019785503,0.9800377
BANK_023,SCN_0451,Healthy,Healthy,0.99250823,0.0074673994,2.433856e-05
BANK_024,SCN_0451,Stressed,Stressed,0.008676416,0.9910328,0.00029084046
BANK_025,SCN_0451,Stressed,Stressed,0.21721898,0.781487,0.0012940201
BANK_026,SCN_0451,Healthy,Healthy,0.93556625,0.06434621,8.7481065e-05
BANK_027,SCN_0451,Stressed,Healthy,0.5692048,0.4302991,0.00049605203
BANK_028,SCN_0451,Critical,Stressed,0.0007372977,0.531514,0.46774876
BANK_029,SCN_0451,Critical,Stressed,0.0026077142,0.89702874,0.1003636
BANK_030,SCN_0451,Critical,Critical,1.6946193e-05,0.00021520353,0.99976784
BANK_031,SCN_0451,Healthy,Healthy,0.99977785,0.00021490645,7.2219914e-06
BANK_032,SCN_0451,Healthy,Healthy,0.99443406,0.0055485386,1.7413313e-05
BANK_033,SCN_0451,Stressed,Stressed,0.007897476,0.57842547,0.4136771
BANK_034,SCN_0451,Stressed,Stressed,0.35500288,0.64184767,0.0031494626
BANK_035,SCN_0451,Healthy,Healthy,0.99977905,0.00021432544,6.580568e-06
BANK_036,SCN_0451,Healthy,Healthy,0.95850134,0.041427795,7.090559e-05
BANK_037,SCN_0451,Stressed,Stressed,0.14178476,0.8506839,0.007531318
BANK_038,SCN_0451,Healthy,Healthy,0.57990205,0.41950837,0.00058956724
BANK_039,SCN_0451,Healthy,Healthy,0.9984963,0.0014854476,1.8245806e-05
BANK_040,SCN_0451,Healthy,Healthy,0.9940498,0.0059218495,2.8371129e-05
BANK_001,SCN_0452,Stressed,Healthy,0.83399534,0.16473053,0.0012741595
BANK_002,SCN_0452,Healthy,Stressed,0.08137385,0.85479444,0.063831694
BANK_003,SCN_0452,Stressed,Stressed,0.061028723,0.71039045,0.22858085
BANK_004,SCN_0452,Healthy,Stressed,0.27481547,0.7241843,0.001000301
BANK_005,SCN_0452,Healthy,Healthy,0.9994562,0.00046597017,7.782495e-05
BANK_006,SCN_0452,Stressed,Stressed,0.0001024222,0.98583627,0.014061274
BANK_007,SCN_0452,Healthy,Healthy,0.9991279,0.0007681989,0.00010391247
BANK_008,SCN_0452,Stressed,Stressed,0.00027073506,0.9473156,0.052413676
BANK_009,SCN_0452,Healthy,Stressed,0.26810247,0.73034203,0.0015555114
BANK_010,SCN_0452,Stressed,Critical,0.00066102494,0.06305873,0.9362802
BANK_011,SCN_0452,Healthy,Stressed,0.3827407,0.6161611,0.0010982058
BANK_012,SCN_0452,Healthy,Healthy,0.9993629,0.00057001604,6.706858e-05
BANK_013,SCN_0452,Critical,Critical,1.6726264e-06,4.1694646e-05,0.9999566
BANK_014,SCN_0452,Critical,Critical,0.0010051155,0.44344634,0.5555486
BANK_015,SCN_0452,Critical,Critical,9.76399e-06,0.0078616645,0.9921286
BANK_016,SCN_0452,Healthy,Healthy,0.9992532,0.00070793525,3.8833383e-05
BANK_017,SCN_0452,Stressed,Critical,0.00080272875,0.10668369,0.8925135
BANK_018,SCN_0452,Stressed,Stressed,0.0011088912,0.99833494,0.00055621105
BANK_019,SCN_0452,Critical,Critical,5.0812114e-06,7.5423406e-05,0.99991953
BANK_020,SCN_0452,Critical,Critical,1.17034015e-05,0.0009939561,0.9989943
BANK_021,SCN_0452,Critical,Critical,0.00023555849,0.13503902,0.8647254
BANK_022,SCN_0452,Critical,Critical,1.4870748e-05,0.0020409555,0.9979442
BANK_023,SCN_0452,Stressed,Stressed,0.0023096642,0.99750525,0.00018510249
BANK_024,SCN_0452,Stressed,Stressed,0.00069650944,0.92638654,0.07291696
BANK_025,SCN_0452,Stressed,Stressed,0.039680734,0.80709887,0.1532204
BANK_026,SCN_0452,Healthy,Stressed,0.3480086,0.6505143,0.0014771202
BANK_027,SCN_0452,Stressed,Stressed,0.07851833,0.80873954,0.11274216
BANK_028,SCN_0452,Stressed,Critical,0.0001186989,0.12881888,0.8710624
BANK_029,SCN_0452,Stressed,Critical,0.00023977306,0.16270274,0.83705753
BANK_030,SCN_0452,Critical,Critical,1.6632549e-06,7.462859e-05,0.9999237
BANK_031,SCN_0452,Healthy,Healthy,0.99933666,0.0005827972,8.0462996e-05
BANK_032,SCN_0452,Stressed,Stressed,0.0039484226,0.9956573,0.00039431316
BANK_033,SCN_0452,Stressed,Critical,0.0004359191,0.09874839,0.90081567
BANK_034,SCN_0452,Stressed,Critical,0.002686451,0.40104565,0.59626794
BANK_035,SCN_0452,Healthy,Healthy,0.9992508,0.000654186,9.4910974e-05
BANK_036,SCN_0452,Stressed,Stressed,0.428758,0.5697967,0.0014453125
BANK_037,SCN_0452,Stressed,Critical,0.006563117,0.19422439,0.7992125
BANK_038,SCN_0452,Stressed,Stressed,0.00068305206,0.96152186,0.037795108
BANK_039,SCN_0452,Healthy,Healthy,0.9852953,0.0142786335,0.000426129
BANK_040,SCN_0452,Healthy,Stressed,0.354404,0.6443439,0.0012521147
BANK_001,SCN_0456,Healthy,Healthy,0.84658164,0.15324213,0.00017628733
BANK_002,SCN_0456,Healthy,Stressed,0.20259415,0.79013467,0.00727119
BANK_003,SCN_0456,Healthy,Stressed,0.10136696,0.845988,0.052645087
BANK_004,SCN_0456,Stressed,Stressed,0.27333513,0.7263441,0.00032076237
BANK_005,SCN_0456,Healthy,Healthy,0.9994753,0.0005025377,2.2229768e-05
BANK_006,SCN_0456,Stressed,Stressed,0.000107809625,0.9990074,0.0008847613
BANK_007,SCN_0456,Healthy,Healthy,0.99920577,0.0007664899,2.772604e-05
BANK_008,SCN_0456,Stressed,Stressed,0.0003309122,0.98674405,0.012925039
BANK_009,SCN_0456,Healthy,Healthy,0.56985384,0.42978185,0.00036435164
BANK_010,SCN_0456,Stressed,Stressed,0.0044830185,0.7673895,0.22812754
BANK_011,SCN_0456,Healthy,Healthy,0.69321483,0.3065922,0.00019294844
BANK_012,SCN_0456,Healthy,Healthy,0.99915123,0.0008261768,2.257413e-05
BANK_013,SCN_0456,Critical,Critical,9.382981e-06,0.00037925338,0.99961144
BANK_014,SCN_0456,Stressed,Stressed,0.0022999118,0.83440053,0.16329953
BANK_015,SCN_0456,Stressed,Critical,5.951456e-05,0.13859294,0.86134756
BANK_016,SCN_0456,Healthy,Healthy,0.99907696,0.00090245734,2.051139e-05
BANK_017,SCN_0456,Stressed,Critical,0.0019595048,0.21554033,0.78250015
BANK_018,SCN_0456,Stressed,Stressed,0.0010191659,0.9988746,0.000106163665
BANK_019,SCN_0456,Critical,Critical,2.3414585e-05,0.00048675458,0.9994898
BANK_020,SCN_0456,Critical,Critical,6.441219e-05,0.010157921,0.9897776
BANK_021,SCN_0456,Critical,Critical,0.0003575198,0.38981625,0.60982627
BANK_022,SCN_0456,Critical,Critical,8.647901e-05,0.029921008,0.9699925
BANK_023,SCN_0456,Stressed,Stressed,0.0064105582,0.99349195,9.750698e-05
BANK_024,SCN_0456,Stressed,Stressed,0.0008191601,0.99730814,0.0018726572
BANK_025,SCN_0456,Healthy,Stressed,0.06473057,0.82834095,0.10692852
BANK_026,SCN_0456,Healthy,Healthy,0.56392354,0.43571612,0.0003603205
BANK_027,SCN_0456,Stressed,Stressed,0.19184276,0.8024784,0.0056788814
BANK_028,SCN_0456,Critical,Critical,0.00022153139,0.19849166,0.80128676
BANK_029,SCN_0456,Stressed,Critical,0.00048884744,0.36983556,0.6296756
BANK_030,SCN_0456,Critical,Critical,7.5207677e-06,0.00031511535,0.9996774
BANK_031,SCN_0456,Healthy,Healthy,0.9992391,0.0007302412,3.0701463e-05
BANK_032,SCN_0456,Stressed,Stressed,0.018351616,0.981457,0.00019145549
BANK_033,SCN_0456,Stressed,Critical,0.0009785955,0.3511205,0.6479009
BANK_034,SCN_0456,Stressed,Stressed,0.006719722,0.8522544,0.1410259
BANK_035,SCN_0456,Healthy,Healthy,0.99924785,0.0007229603,2.9123506e-05
BANK_036,SCN_0456,Healthy,Stressed,0.4449993,0.55454546,0.0004552444
BANK_037,SCN_0456,Critical,Stressed,0.010747803,0.8555012,0.13375106
BANK_038,SCN_0456,Stressed,Stressed,0.001424712,0.9891103,0.009464922
BANK_039,SCN_0456,Healthy,Healthy,0.98157746,0.018266506,0.0001560566
BANK_040,SCN_0456,Healthy,Healthy,0.5423684,0.45733458,0.0002970474
BANK_001,SCN_0462,Healthy,Healthy,0.9991079,0.000879134,1.297687e-05
BANK_002,SCN_0462,Healthy,Healthy,0.9052205,0.09454066,0.00023877215
BANK_003,SCN_0462,Healthy,Healthy,0.6782009,0.3206698,0.0011293063
BANK_004,SCN_0462,Healthy,Healthy,0.9113861,0.08854399,6.991798e-05
BANK_005,SCN_0462,Healthy,Healthy,0.99992335,7.3165436e-05,3.5370556e-06
BANK_006,SCN_0462,Stressed,Stressed,0.00017594572,0.9998066,1.7462171e-05
BANK_007,SCN_0462,Healthy,Healthy,0.99993634,6.011447e-05,3.4819584e-06
BANK_008,SCN_0462,Stressed,Stressed,0.0015121087,0.99833363,0.00015425449
BANK_009,SCN_0462,Healthy,Healthy,0.98087925,0.019074712,4.602236e-05
BANK_010,SCN_0462,Stressed,Stressed,0.0281927,0.96884143,0.002965838
BANK_011,SCN_0462,Healthy,Healthy,0.99770135,0.0022893827,9.3313e-06
BANK_012,SCN_0462,Healthy,Healthy,0.9998661,0.00012837457,5.5389437e-06
BANK_013,SCN_0462,Critical,Critical,8.629988e-06,0.00019028808,0.9998011
BANK_014,SCN_0462,Stressed,Stressed,0.2535482,0.74423295,0.0022188812
BANK_015,SCN_0462,Stressed,Stressed,0.0001697617,0.9227136,0.07711665
BANK_016,SCN_0462,Healthy,Healthy,0.9998708,0.00012607826,3.146453e-06
BANK_017,SCN_0462,Stressed,Stressed,0.0038321647,0.79521155,0.20095628
BANK_018,SCN_0462,Healthy,Healthy,0.9880982,0.011882251,1.9526606e-05
BANK_019,SCN_0462,Critical,Critical,2.5911047e-05,0.00032934695,0.99964476
BANK_020,SCN_0462,Critical,Critical,0.00018219641,0.16295907,0.8368588
BANK_021,SCN_0462,Stressed,Stressed,0.0014594978,0.6731706,0.32536983
BANK_022,SCN_0462,Critical,Critical,0.00013867002,0.053844064,0.9460173
BANK_023,SCN_0462,Healthy,Healthy,0.9985316,0.0014603797,7.97279e-06
BANK_024,SCN_0462,Healthy,Healthy,0.6572564,0.34223533,0.000508221
BANK_025,SCN_0462,Stressed,Stressed,0.4054697,0.5933402,0.0011900633
BANK_026,SCN_0462,Healthy,Healthy,0.98124975,0.018707143,4.3139527e-05
BANK_027,SCN_0462,Healthy,Healthy,0.9476252,0.05220006,0.00017475047
BANK_028,SCN_0462,Stressed,Stressed,0.00038888474,0.9638213,0.035789844
BANK_029,SCN_0462,Stressed,Stressed,0.00090723875,0.9905522,0.008540543
BANK_030,SCN_0462,Critical,Critical,1.8008828e-05,0.0004417645,0.9995402
BANK_031,SCN_0462,Healthy,Healthy,0.99987483,0.000120443314,4.654683e-06
BANK_032,SCN_0462,Healthy,Healthy,0.99819666,0.0017953535,8.038511e-06
BANK_033,SCN_0462,Stressed,Stressed,0.0071008382,0.9420649,0.050834253
BANK_034,SCN_0462,Stressed,Stressed,0.3160545,0.6824249,0.0015205509
BANK_035,SCN_0462,Healthy,Healthy,0.99988866,0.00010708002,4.2230054e-06
BANK_036,SCN_0462,Healthy,Healthy,0.98986185,0.01010843,2.9670571e-05
BANK_037,SCN_0462,Stressed,Stressed,0.100978196,0.8947679,0.004253912
BANK_038,SCN_0462,Healthy,Healthy,0.77677876,0.22291553,0.00030570317
BANK_039,SCN_0462,Healthy,Healthy,0.99928707,0.0007033481,9.574312e-06
BANK_040,SCN_0462,Healthy,Healthy,0.9984505,0.0015277689,2.1641494e-05
BANK_001,SCN_0466,Healthy,Healthy,0.9933339,0.0066471673,1.9001693e-05
BANK_002,SCN_0466,Stressed,Healthy,0.53696465,0.46280214,0.00023322177
BANK_003,SCN_0466,Healthy,Stressed,0.4748891,0.5245819,0.00052896456
BANK_004,SCN_0466,Healthy,Healthy,0.56039613,0.43952063,8.3238774e-05
BANK_005,SCN_0466,Healthy,Healthy,0.99962413,0.0003706542,5.224619e-06
BANK_006,SCN_0466,Stressed,Stressed,0.00019578586,0.9997781,2.6133874e-05
BANK_007,SCN_0466,Healthy,Healthy,0.9998091,0.00018592215,5.013869e-06
BANK_008,SCN_0466,Stressed,Stressed,0.0015460557,0.99832815,0.00012584726
BANK_009,SCN_0466,Healthy,Healthy,0.843543,0.15637685,8.012357e-05
BANK_010,SCN_0466,Healthy,Stressed,0.031892058,0.9610429,0.007064996
BANK_011,SCN_0466,Healthy,Healthy,0.9720639,0.027912527,2.3538329e-05
BANK_012,SCN_0466,Healthy,Healthy,0.9998165,0.00018058656,2.9662704e-06
BANK_013,SCN_0466,Critical,Critical,2.12492e-05,0.0005030448,0.9994758
BANK_014,SCN_0466,Healthy,Stressed,0.23142932,0.7653484,0.0032222874
BANK_015,SCN_0466,Stressed,Stressed,0.00025910127,0.7619242,0.23781666
BANK_016,SCN_0466,Healthy,Healthy,0.9996793,0.00031730076,3.4118457e-06
BANK_017,SCN_0466,Stressed,Stressed,0.005721959,0.95418894,0.040089082
BANK_018,SCN_0466,Healthy,Stressed,0.114431806,0.8855037,6.445783e-05
BANK_019,SCN_0466,Critical,Critical,3.6577803e-05,0.0004598939,0.9995035
BANK_020,SCN_0466,Critical,Critical,0.0002895478,0.21227744,0.787433
BANK_021,SCN_0466,Critical,Stressed,0.001390827,0.91765267,0.08095652
BANK_022,SCN_0466,Critical,Critical,0.00017568699,0.028146775,0.97167754
BANK_023,SCN_0466,Healthy,Healthy,0.9898914,0.010088446,2.0126517e-05
BANK_024,SCN_0466,Healthy,Stressed,0.004775876,0.99511516,0.000108946726
BANK_025,SCN_0466,Stressed,Stressed,0.25470763,0.74458826,0.000704063
BANK_026,SCN_0466,Healthy,Healthy,0.92412,0.07581034,6.968429e-05
BANK_027,SCN_0466,Healthy,Healthy,0.56659997,0.43312877,0.0002712992
BANK_028,SCN_0466,Stressed,Stressed,0.0005770778,0.7938556,0.2055673
BANK_029,SCN_0466,Stressed,Stressed,0.0016543753,0.9672045,0.03114114
BANK_030,SCN_0466,Critical,Critical,1.9545609e-05,0.0004226168,0.9995578
BANK_031,SCN_0466,Healthy,Healthy,0.9996339,0.000361148,4.946807e-06
BANK_032,SCN_0466,Healthy,Healthy,0.99334323,0.006642237,1.4502258e-05
BANK_033,SCN_0466,Stressed,Stressed,0.0061943927,0.8952225,0.09858317
BANK_034,SCN_0466,Healthy,Stressed,0.3388628,0.65951073,0.0016264821
BANK_035,SCN_0466,Healthy,Healthy,0.9996239,0.00037148502,4.5607103e-06
BANK_036,SCN_0466,Healthy,Healthy,0.92953056,0.0704145,5.4918815e-05
BANK_037,SCN_0466,Stressed,Stressed,0.11839333,0.8780285,0.003578163
BANK_038,SCN_0466,Stressed,Stressed,0.30408064,0.69556504,0.00035424743
BANK_039,SCN_0466,Healthy,Healthy,0.99790287,0.0020853165,1.1800715e-05
BANK_040,SCN_0466,Healthy,Healthy,0.99180484,0.008175693,1.9416528e-05
BANK_001,SCN_0473,Healthy,Healthy,0.99986017,0.00013785389,1.9359625e-06
BANK_002,SCN_0473,Healthy,Healthy,0.99724495,0.002750783,4.3103846e-06
BANK_003,SCN_0473,Healthy,Healthy,0.9960634,0.0039324258,4.1157828e-06
BANK_004,SCN_0473,Healthy,Healthy,0.9990243,0.00097467314,1.0265977e-06
BANK_005,SCN_0473,Healthy,Healthy,0.99996877,3.076499e-05,5.0961495e-07
BANK_006,SCN_0473,Stressed,Stressed,0.001096453,0.99889344,1.0139218e-05
BANK_007,SCN_0473,Healthy,Healthy,0.9999677,3.1528816e-05,8.239004e-07
BANK_008,SCN_0473,Healthy,Healthy,0.9176903,0.08226305,4.6660076e-05
BANK_009,SCN_0473,Healthy,Healthy,0.99874496,0.0012515192,3.4695477e-06
BANK_010,SCN_0473,Healthy,Stressed,0.47321698,0.5263711,0.00041189234
BANK_011,SCN_0473,Healthy,Healthy,0.9998673,0.0001319334,7.6909254e-07
BANK_012,SCN_0473,Healthy,Healthy,0.9999734,2.6015801e-05,5.406616e-07
BANK_013,SCN_0473,Critical,Critical,5.5760567e-05,0.000581633,0.99936265
BANK_014,SCN_0473,Healthy,Healthy,0.94960463,0.050299622,9.569045e-05
BANK_015,SCN_0473,Stressed,Stressed,0.00037867643,0.9986767,0.000944602
BANK_016,SCN_0473,Healthy,Healthy,0.9999827,1.6976512e-05,2.6023238e-07
BANK_017,SCN_0473,Stressed,Stressed,0.124749325,0.8747505,0.00050020986
BANK_018,SCN_0473,Healthy,Healthy,0.9995869,0.00041219295,9.3879555e-07
BANK_019,SCN_0473,Critical,Critical,0.00011487637,0.0006655694,0.99921954
BANK_020,SCN_0473,Stressed,Stressed,0.0005450644,0.9630043,0.036450673
BANK_021,SCN_0473,Stressed,Stressed,0.0045495722,0.9947819,0.00066845847
BANK_022,SCN_0473,Critical,Stressed,0.0009055663,0.73761463,0.26147982
BANK_023,SCN_0473,Healthy,Healthy,0.9998741,0.00012477572,1.1080226e-06
BANK_024,SCN_0473,Healthy,Healthy,0.99705875,0.0029330193,8.304785e-06
BANK_025,SCN_0473,Healthy,Healthy,0.9403393,0.059622556,3.8174952e-05
BANK_026,SCN_0473,Healthy,Healthy,0.99913776,0.00085942954,2.8170296e-06
BANK_027,SCN_0473,Healthy,Healthy,0.9985322,0.0014648623,2.95569e-06
BANK_028,SCN_0473,Stressed,Stressed,0.005561465,0.99366754,0.0007709442
BANK_029,SCN_0473,Stressed,Stressed,0.1435586,0.85600257,0.00043881926
BANK_030,SCN_0473,Critical,Critical,0.00012900626,0.00069486094,0.9991761
BANK_031,SCN_0473,Healthy,Healthy,0.99997044,2.917193e-05,3.9164814e-07
BANK_032,SCN_0473,Healthy,Healthy,0.9997985,0.0002003761,1.1105941e-06
BANK_033,SCN_0473,Stressed,Stressed,0.11508779,0.8835742,0.001338088
BANK_034,SCN_0473,Healthy,Healthy,0.9901434,0.009836826,1.9728257e-05
BANK_035,SCN_0473,Healthy,Healthy,0.99996674,3.276743e-05,4.4740167e-07
BANK_036,SCN_0473,Healthy,Healthy,0.99945635,0.0005421327,1.5559551e-06
BANK_037,SCN_0473,Healthy,Healthy,0.8064767,0.19320382,0.00031943922
BANK_038,SCN_0473,Healthy,Healthy,0.996979,0.0030154185,5.619583e-06
BANK_039,SCN_0473,Healthy,Healthy,0.99992895,7.0101414e-05,9.1076595e-07
BANK_040,SCN_0473,Healthy,Healthy,0.9997634,0.00023504536,1.4808045e-06
BANK_001,SCN_0476,Healthy,Healthy,0.9752804,0.024646241,7.334276e-05
BANK_002,SCN_0476,Stressed,Stressed,0.32424507,0.6751563,0.0005986355
BANK_003,SCN_0476,Stressed,Stressed,0.22194572,0.77608585,0.001968447
BANK_004,SCN_0476,Healthy,Healthy,0.7238191,0.27604827,0.0001326152
BANK_005,SCN_0476,Healthy,Healthy,0.99971026,0.00028079952,8.882932e-06
BANK_006,SCN_0476,Stressed,Stressed,0.00019522637,0.99972206,8.265112e-05
BANK_007,SCN_0476,Healthy,Healthy,0.9997507,0.00023828221,1.1018004e-05
BANK_008,SCN_0476,Stressed,Stressed,0.0013810798,0.9982389,0.00037994148
BANK_009,SCN_0476,Healthy,Healthy,0.50282484,0.49696022,0.00021494302
BANK_010,SCN_0476,Healthy,Stressed,0.03657121,0.8773651,0.08606366
BANK_011,SCN_0476,Healthy,Healthy,0.9307211,0.06919659,8.225358e-05
BANK_012,SCN_0476,Healthy,Healthy,0.99969375,0.00029868315,7.6200163e-06
BANK_013,SCN_0476,Critical,Critical,9.240239e-06,0.00036272968,0.99962807
BANK_014,SCN_0476,Stressed,Stressed,0.08931407,0.8978725,0.012813406
BANK_015,SCN_0476,Stressed,Critical,0.00016615189,0.4546963,0.5451375
BANK_016,SCN_0476,Healthy,Healthy,0.999708,0.00028697902,5.0094345e-06
BANK_017,SCN_0476,Stressed,Critical,0.0049040494,0.41214582,0.5829501
BANK_018,SCN_0476,Stressed,Stressed,0.01662573,0.9832774,9.6897325e-05
BANK_019,SCN_0476,Critical,Critical,2.2251568e-05,0.00041970058,0.99955803
BANK_020,SCN_0476,Critical,Critical,0.00015533573,0.08127332,0.9185714
BANK_021,SCN_0476,Stressed,Stressed,0.0010492132,0.61031896,0.38863185
BANK_022,SCN_0476,Critical,Critical,0.00014336225,0.03992914,0.95992756
BANK_023,SCN_0476,Healthy,Healthy,0.9710987,0.028855223,4.604989e-05
BANK_024,SCN_0476,Stressed,Stressed,0.0031517614,0.9965469,0.0003013794
BANK_025,SCN_0476,Stressed,Stressed,0.13744956,0.8606433,0.0019070647
BANK_026,SCN_0476,Healthy,Healthy,0.5472691,0.45249584,0.00023504718
BANK_027,SCN_0476,Stressed,Stressed,0.45860028,0.5407005,0.00069920305
BANK_028,SCN_0476,Stressed,Critical,0.0003100308,0.43693972,0.5627503
BANK_029,SCN_0476,Stressed,Stressed,0.0010754415,0.7079071,0.2910175
BANK_030,SCN_0476,Critical,Critical,1.533391e-05,0.00035506554,0.9996296
BANK_031,SCN_0476,Healthy,Healthy,0.99964535,0.00034480987,9.780201e-06
BANK_032,SCN_0476,Healthy,Healthy,0.9421849,0.057756346,5.865113e-05
BANK_033,SCN_0476,Critical,Stressed,0.0029029413,0.69487613,0.3022209
BANK_034,SCN_0476,Stressed,Stressed,0.105888575,0.8879743,0.0061371746
BANK_035,SCN_0476,Healthy,Healthy,0.99959546,0.00039321862,1.1353693e-05
BANK_036,SCN_0476,Healthy,Healthy,0.78087157,0.21895553,0.00017294892
BANK_037,SCN_0476,Stressed,Stressed,0.041838776,0.94643825,0.011722902
BANK_038,SCN_0476,Stressed,Stressed,0.18982178,0.80885315,0.0013250718
BANK_039,SCN_0476,Healthy,Healthy,0.9975458,0.0024260366,2.8138891e-05
BANK_040,SCN_0476,Healthy,Healthy,0.9285648,0.071329825,0.000105371095
BANK_001,SCN_0478,Healthy,Healthy,0.99971217,0.0002829905,4.7862227e-06
BANK_002,SCN_0478,Healthy,Healthy,0.981804,0.01813681,5.9162907e-05
BANK_003,SCN_0478,Healthy,Healthy,0.8752652,0.12456266,0.0001721092
BANK_004,SCN_0478,Healthy,Healthy,0.99534374,0.004646513,9.731394e-06
BANK_005,SCN_0478,Healthy,Healthy,0.9999442,5.3633263e-05,2.1478709e-06
BANK_006,SCN_0478,Stressed,Stressed,0.00044666175,0.9995146,3.8719492e-05
BANK_007,SCN_0478,Healthy,Healthy,0.9999436,5.3614207e-05,2.8110674e-06
BANK_008,SCN_0478,Stressed,Stressed,0.0020585388,0.9977041,0.00023744318
BANK_009,SCN_0478,Healthy,Healthy,0.99539375,0.0045928294,1.340667e-05
BANK_010,SCN_0478,Stressed,Stressed,0.17045516,0.8261487,0.0033961607
BANK_011,SCN_0478,Healthy,Healthy,0.999542,0.000454498,3.5814942e-06
BANK_012,SCN_0478,Healthy,Healthy,0.99996316,3.5498677e-05,1.3501786e-06
BANK_013,SCN_0478,Critical,Critical,1.1338085e-05,0.00013815475,0.9998505
BANK_014,SCN_0478,Healthy,Stressed,0.40693852,0.59052867,0.0025327993
BANK_015,SCN_0478,Stressed,Stressed,0.0005247931,0.7063406,0.2931346
BANK_016,SCN_0478,Healthy,Healthy,0.9999721,2.6682135e-05,1.1939859e-06
BANK_017,SCN_0478,Stressed,Stressed,0.0073242765,0.9849089,0.0077667623
BANK_018,SCN_0478,Healthy,Healthy,0.9980725,0.0019225813,4.8850316e-06
BANK_019,SCN_0478,Critical,Critical,1.9210625e-05,9.490186e-05,0.9998859
BANK_020,SCN_0478,Critical,Critical,0.00023840007,0.0928339,0.9069277
BANK_021,SCN_0478,Stressed,Stressed,0.006250377,0.86350846,0.13024117
BANK_022,SCN_0478,Critical,Critical,0.00027749824,0.08973958,0.90998286
BANK_023,SCN_0478,Healthy,Healthy,0.9997024,0.000292594,4.947731e-06
BANK_024,SCN_0478,Healthy,Healthy,0.98299754,0.016888158,0.00011435738
BANK_025,SCN_0478,Healthy,Healthy,0.62241125,0.3767193,0.00086943683
BANK_026,SCN_0478,Healthy,Healthy,0.99420184,0.0057835253,1.4602513e-05
BANK_027,SCN_0478,Healthy,Healthy,0.980536,0.019383887,8.00894e-05
BANK_028,SCN_0478,Stressed,Stressed,0.0008532001,0.98234636,0.016800474
BANK_029,SCN_0478,Stressed,Stressed,0.0016871465,0.9954332,0.002879696
BANK_030,SCN_0478,Critical,Critical,9.114147e-06,6.371824e-05,0.99992716
BANK_031,SCN_0478,Healthy,Healthy,0.9999496,4.909105e-05,1.3708142e-06
BANK_032,SCN_0478,Healthy,Healthy,0.99931335,0.00068328186,3.346308e-06
BANK_033,SCN_0478,Stressed,Stressed,0.019405184,0.95324266,0.027352178
BANK_034,SCN_0478,Healthy,Healthy,0.6505657,0.34819224,0.0012420692
BANK_035,SCN_0478,Healthy,Healthy,0.9999424,5.585414e-05,1.6928562e-06
BANK_036,SCN_0478,Healthy,Healthy,0.99798906,0.0020026248,8.271563e-06
BANK_037,SCN_0478,Stressed,Stressed,0.3201968,0.67532754,0.0044756476
BANK_038,SCN_0478,Healthy,Healthy,0.9317093,0.068107195,0.00018359034
BANK_039,SCN_0478,Healthy,Healthy,0.9998541,0.00014161896,4.242089e-06
BANK_040,SCN_0478,Healthy,Healthy,0.99947304,0.00052319467,3.7846005e-06
BANK_001,SCN_0484,Healthy,Healthy,0.9999218,7.6511154e-05,1.731023e-06
BANK_002,SCN_0484,Healthy,Healthy,0.99774134,0.0022536656,4.9635732e-06
BANK_003,SCN_0484,Healthy,Healthy,0.9967693,0.0032255955,5.10512e-06
BANK_004,SCN_0484,Healthy,Healthy,0.99939966,0.00059921667,1.080323e-06
BANK_005,SCN_0484,Healthy,Healthy,0.99998116,1.8306673e-05,5.133553e-07
BANK_006,SCN_0484,Stressed,Stressed,0.0023194912,0.9976603,2.0240339e-05
BANK_007,SCN_0484,Healthy,Healthy,0.99997854,2.0660966e-05,8.508011e-07
BANK_008,SCN_0484,Stressed,Stressed,0.3517952,0.64797205,0.00023273317
BANK_009,SCN_0484,Healthy,Healthy,0.99916935,0.0008274072,3.2458652e-06
BANK_010,SCN_0484,Healthy,Healthy,0.54590714,0.45335022,0.0007426786
BANK_011,SCN_0484,Healthy,Healthy,0.99991107,8.813687e-05,7.527488e-07
BANK_012,SCN_0484,Healthy,Healthy,0.99998677,1.2824363e-05,4.268587e-07
BANK_013,SCN_0484,Critical,Critical,8.4193554e-05,0.0003022803,0.9996136
BANK_014,SCN_0484,Healthy,Healthy,0.9440934,0.055768564,0.0001380054
BANK_015,SCN_0484,Stressed,Stressed,0.0010716687,0.9964831,0.0024452026
BANK_016,SCN_0484,Healthy,Healthy,0.9999862,1.3545697e-05,2.5362576e-07
BANK_017,SCN_0484,Stressed,Stressed,0.15943275,0.8394268,0.0011404277
BANK_018,SCN_0484,Healthy,Healthy,0.9995172,0.00048176263,1.0265244e-06
BANK_019,SCN_0484,Critical,Critical,0.00014662316,0.00025427958,0.99959916
BANK_020,SCN_0484,Stressed,Critical,0.0019318317,0.36535725,0.6327109
BANK_021,SCN_0484,Stressed,Stressed,0.0319036,0.9660357,0.0020606774
BANK_022,SCN_0484,Stressed,Critical,0.0014169053,0.3372484,0.6613347
BANK_023,SCN_0484,Healthy,Healthy,0.9999263,7.260417e-05,1.0130877e-06
BANK_024,SCN_0484,Healthy,Healthy,0.9980653,0.0019248873,9.83115e-06
BANK_025,SCN_0484,Healthy,Healthy,0.9672318,0.032732513,3.564989e-05
BANK_026,SCN_0484,Healthy,Healthy,0.9993542,0.0006428625,2.99476e-06
BANK_027,SCN_0484,Healthy,Healthy,0.9988937,0.0011032629,3.118696e-06
BANK_028,SCN_0484,Stressed,Stressed,0.01034512,0.98744154,0.002213357
BANK_029,SCN_0484,Stressed,Stressed,0.038348105,0.96086425,0.00078763056
BANK_030,SCN_0484,Critical,Critical,0.00010179775,0.00026011083,0.9996381
BANK_031,SCN_0484,Healthy,Healthy,0.999979,2.0540308e-05,4.2203771e-07
BANK_032,SCN_0484,Healthy,Healthy,0.9998703,0.0001286349,1.0967129e-06
BANK_033,SCN_0484,Stressed,Stressed,0.056544345,0.9408908,0.0025647993
BANK_034,SCN_0484,Healthy,Healthy,0.99152815,0.008450656,2.122349e-05
BANK_035,SCN_0484,Healthy,Healthy,0.9999764,2.3067836e-05,4.786526e-07
BANK_036,SCN_0484,Healthy,Healthy,0.9995509,0.00044737116,1.7458694e-06
BANK_037,SCN_0484,Healthy,Healthy,0.8269481,0.17263332,0.0004185798
BANK_038,SCN_0484,Healthy,Healthy,0.9946308,0.0053600967,9.095845e-06
BANK_039,SCN_0484,Healthy,Healthy,0.9999664,3.2733627e-05,8.741921e-07
BANK_040,SCN_0484,Healthy,Healthy,0.99981457,0.00018371889,1.7612152e-06
BANK_001,SCN_0486,Healthy,Healthy,0.9998945,0.00010319011,2.2888967e-06
BANK_002,SCN_0486,Healthy,Healthy,0.99673694,0.003256009,7.0317346e-06
BANK_003,SCN_0486,Healthy,Healthy,0.99483204,0.0051604165,7.4965164e-06
BANK_004,SCN_0486,Healthy,Healthy,0.9985927,0.0014052409,2.103372e-06
BANK_005,SCN_0486,Healthy,Healthy,0.9999645,3.469065e-05,8.2772846e-07
BANK_006,SCN_0486,Stressed,Stressed,0.0011886877,0.9987919,1.9427865e-05
BANK_007,SCN_0486,Healthy,Healthy,0.9999461,5.2209845e-05,1.6964277e-06
BANK_008,SCN_0486,Stressed,Stressed,0.16163275,0.8381065,0.0002607055
BANK_009,SCN_0486,Healthy,Healthy,0.9986179,0.0013770907,5.041069e-06
BANK_010,SCN_0486,Healthy,Stressed,0.36027926,0.63875645,0.0009642768
BANK_011,SCN_0486,Healthy,Healthy,0.99981385,0.00018487296,1.3294342e-06
BANK_012,SCN_0486,Healthy,Healthy,0.9999814,1.8056924e-05,5.8447216e-07
BANK_013,SCN_0486,Critical,Critical,5.3417163e-05,0.00027547078,0.9996711
BANK_014,SCN_0486,Healthy,Healthy,0.74062175,0.2589901,0.00038809725
BANK_015,SCN_0486,Stressed,Stressed,0.00054353697,0.9972746,0.0021818883
BANK_016,SCN_0486,Healthy,Healthy,0.99997437,2.5220672e-05,4.0168024e-07
BANK_017,SCN_0486,Stressed,Stressed,0.19476447,0.80395174,0.0012837442
BANK_018,SCN_0486,Healthy,Healthy,0.999005,0.0009932996,1.6979566e-06
BANK_019,SCN_0486,Critical,Critical,8.025629e-05,0.0002629533,0.9996568
BANK_020,SCN_0486,Stressed,Critical,0.0011302708,0.3560659,0.64280385
BANK_021,SCN_0486,Stressed,Stressed,0.016311314,0.9818658,0.0018228258
BANK_022,SCN_0486,Critical,Critical,0.00088279345,0.36062032,0.6384969
BANK_023,SCN_0486,Healthy,Healthy,0.99978524,0.00021253803,2.1809467e-06
BANK_024,SCN_0486,Healthy,Healthy,0.99563897,0.004340976,2.0043803e-05
BANK_025,SCN_0486,Healthy,Healthy,0.92937094,0.07056795,6.112361e-05
BANK_026,SCN_0486,Healthy,Healthy,0.99882334,0.0011719107,4.6965206e-06
BANK_027,SCN_0486,Healthy,Healthy,0.99725777,0.0027364264,5.8245982e-06
BANK_028,SCN_0486,Stressed,Stressed,0.0062221563,0.9914983,0.002279501
BANK_029,SCN_0486,Stressed,Stressed,0.02569043,0.9736009,0.00070858636
BANK_030,SCN_0486,Critical,Critical,4.990723e-05,0.00029111782,0.99965894
BANK_031,SCN_0486,Healthy,Healthy,0.9999664,3.304742e-05,5.901686e-07
BANK_032,SCN_0486,Healthy,Healthy,0.9997398,0.00025838605,1.7462877e-06
BANK_033,SCN_0486,Stressed,Stressed,0.04035705,0.9572387,0.0024043103
BANK_034,SCN_0486,Healthy,Healthy,0.98072755,0.019231245,4.119748e-05
BANK_035,SCN_0486,Healthy,Healthy,0.99995565,4.365746e-05,7.357622e-07
BANK_036,SCN_0486,Healthy,Healthy,0.9991855,0.0008118359,2.6703374e-06
BANK_037,SCN_0486,Healthy,Healthy,0.71961504,0.27976763,0.0006173461
BANK_038,SCN_0486,Healthy,Healthy,0.9754537,0.024521517,2.4803297e-05
BANK_039,SCN_0486,Healthy,Healthy,0.999938,6.0537248e-05,1.4808653e-06
BANK_040,SCN_0486,Healthy,Healthy,0.9997242,0.00027333086,2.46312e-06
BANK_001,SCN_0491,Healthy,Healthy,0.8063692,0.19312698,0.0005038149
BANK_002,SCN_0491,Critical,Stressed,0.2736864,0.712976,0.013337628
BANK_003,SCN_0491,Stressed,Stressed,0.105809785,0.72749287,0.16669737
BANK_004,SCN_0491,Stressed,Healthy,0.62491924,0.3746122,0.0004685665
BANK_005,SCN_0491,Healthy,Healthy,0.999608,0.00036617805,2.5906584e-05
BANK_006,SCN_0491,Stressed,Stressed,8.3922496e-05,0.9981529,0.0017631875
BANK_007,SCN_0491,Healthy,Healthy,0.9994229,0.0005457264,3.1399984e-05
BANK_008,SCN_0491,Stressed,Stressed,0.0003717273,0.9650415,0.034586806
BANK_009,SCN_0491,Healthy,Stressed,0.49760097,0.5017893,0.0006097539
BANK_010,SCN_0491,Critical,Stressed,0.003043826,0.6666438,0.3303124
BANK_011,SCN_0491,Healthy,Healthy,0.68255746,0.31723505,0.00020748573
BANK_012,SCN_0491,Healthy,Healthy,0.999361,0.00058317254,5.5895598e-05
BANK_013,SCN_0491,Critical,Critical,2.6570178e-06,8.861521e-05,0.9999087
BANK_014,SCN_0491,Stressed,Stressed,0.0018521952,0.84571534,0.15243247
BANK_015,SCN_0491,Critical,Critical,4.5726087e-05,0.11264623,0.88730806
BANK_016,SCN_0491,Healthy,Healthy,0.9997191,0.0002676908,1.320482e-05
BANK_017,SCN_0491,Critical,Critical,0.0013891982,0.1850259,0.8135849
BANK_018,SCN_0491,Stressed,Stressed,0.00079703523,0.9990901,0.000112930386
BANK_019,SCN_0491,Critical,Critical,1.2397819e-05,0.00015269974,0.9998349
BANK_020,SCN_0491,Critical,Critical,2.0716116e-05,0.0021048952,0.9978744
BANK_021,SCN_0491,Critical,Critical,0.00022063815,0.1567855,0.84299386
BANK_022,SCN_0491,Critical,Critical,2.3363766e-05,0.003976386,0.99600023
BANK_023,SCN_0491,Stressed,Stressed,0.0070713377,0.99276066,0.00016798438
BANK_024,SCN_0491,Stressed,Stressed,0.0008392045,0.9940258,0.0051348954
BANK_025,SCN_0491,Stressed,Stressed,0.0901784,0.7556286,0.15419303
BANK_026,SCN_0491,Stressed,Healthy,0.5147625,0.48467776,0.00055976195
BANK_027,SCN_0491,Healthy,Stressed,0.24050553,0.74787736,0.0116170915
BANK_028,SCN_0491,Stressed,Critical,0.00016364198,0.08519541,0.9146409
BANK_029,SCN_0491,Critical,Critical,0.00041218675,0.22249122,0.7770966
BANK_030,SCN_0491,Critical,Critical,5.8779406e-06,0.00016982686,0.99982435
BANK_031,SCN_0491,Healthy,Healthy,0.99938905,0.0005676124,4.3330056e-05
BANK_032,SCN_0491,Stressed,Stressed,0.0060841376,0.9936474,0.00026847597
BANK_033,SCN_0491,Critical,Critical,0.00087340194,0.2554253,0.7437013
BANK_034,SCN_0491,Stressed,Stressed,0.0034995396,0.90697265,0.08952785
BANK_035,SCN_0491,Healthy,Healthy,0.9992974,0.000664924,3.76379e-05
BANK_036,SCN_0491,Stressed,Stressed,0.37423712,0.6251182,0.00064468296
BANK_037,SCN_0491,Stressed,Critical,0.014655596,0.4009438,0.5844006
BANK_038,SCN_0491,Stressed,Stressed,0.0020812766,0.9660895,0.0318292
BANK_039,SCN_0491,Healthy,Healthy,0.9899295,0.00991677,0.00015376268
BANK_040,SCN_0491,Healthy,Healthy,0.5820733,0.41716263,0.0007640683
BANK_001,SCN_0492,Healthy,Healthy,0.9991079,0.000879134,1.297687e-05
BANK_002,SCN_0492,Healthy,Healthy,0.9052205,0.09454066,0.00023877215
BANK_003,SCN_0492,Healthy,Healthy,0.6782009,0.3206698,0.0011293063
BANK_004,SCN_0492,Healthy,Healthy,0.9113861,0.08854399,6.991798e-05
BANK_005,SCN_0492,Healthy,Healthy,0.99992335,7.3165436e-05,3.5370556e-06
BANK_006,SCN_0492,Stressed,Stressed,0.00017594572,0.9998066,1.7462171e-05
BANK_007,SCN_0492,Healthy,Healthy,0.99993634,6.011447e-05,3.4819584e-06
BANK_008,SCN_0492,Stressed,Stressed,0.0015121087,0.99833363,0.00015425449
BANK_009,SCN_0492,Healthy,Healthy,0.98087925,0.019074712,4.602236e-05
BANK_010,SCN_0492,Stressed,Stressed,0.0281927,0.96884143,0.002965838
BANK_011,SCN_0492,Healthy,Healthy,0.99770135,0.0022893827,9.3313e-06
BANK_012,SCN_0492,Healthy,Healthy,0.9998661,0.00012837457,5.5389437e-06
BANK_013,SCN_0492,Critical,Critical,8.629988e-06,0.00019028808,0.9998011
BANK_014,SCN_0492,Stressed,Stressed,0.2535482,0.74423295,0.0022188812
BANK_015,SCN_0492,Stressed,Stressed,0.0001697617,0.9227136,0.07711665
BANK_016,SCN_0492,Healthy,Healthy,0.9998708,0.00012607826,3.146453e-06
BANK_017,SCN_0492,Stressed,Stressed,0.0038321647,0.79521155,0.20095628
BANK_018,SCN_0492,Healthy,Healthy,0.9880982,0.011882251,1.9526606e-05
BANK_019,SCN_0492,Critical,Critical,2.5911047e-05,0.00032934695,0.99964476
BANK_020,SCN_0492,Critical,Critical,0.00018219641,0.16295907,0.8368588
BANK_021,SCN_0492,Critical,Stressed,0.0014594978,0.6731706,0.32536983
BANK_022,SCN_0492,Critical,Critical,0.00013867002,0.053844064,0.9460173
BANK_023,SCN_0492,Healthy,Healthy,0.9985316,0.0014603797,7.97279e-06
BANK_024,SCN_0492,Healthy,Healthy,0.6572564,0.34223533,0.000508221
BANK_025,SCN_0492,Stressed,Stressed,0.4054697,0.5933402,0.0011900633
BANK_026,SCN_0492,Healthy,Healthy,0.98124975,0.018707143,4.3139527e-05
BANK_027,SCN_0492,Healthy,Healthy,0.9476252,0.05220006,0.00017475047
BANK_028,SCN_0492,Stressed,Stressed,0.00038888474,0.9638213,0.035789844
BANK_029,SCN_0492,Stressed,Stressed,0.00090723875,0.9905522,0.008540543
BANK_030,SCN_0492,Critical,Critical,1.8008828e-05,0.0004417645,0.9995402
BANK_031,SCN_0492,Healthy,Healthy,0.99987483,0.000120443314,4.654683e-06
BANK_032,SCN_0492,Healthy,Healthy,0.99819666,0.0017953535,8.038511e-06
BANK_033,SCN_0492,Stressed,Stressed,0.0071008382,0.9420649,0.050834253
BANK_034,SCN_0492,Healthy,Stressed,0.3160545,0.6824249,0.0015205509
BANK_035,SCN_0492,Healthy,Healthy,0.99988866,0.00010708002,4.2230054e-06
BANK_036,SCN_0492,Healthy,Healthy,0.98986185,0.01010843,2.9670571e-05
BANK_037,SCN_0492,Stressed,Stressed,0.100978196,0.8947679,0.004253912
BANK_038,SCN_0492,Healthy,Healthy,0.77677876,0.22291553,0.00030570317
BANK_039,SCN_0492,Healthy,Healthy,0.99928707,0.0007033481,9.574312e-06
BANK_040,SCN_0492,Healthy,Healthy,0.9984505,0.0015277689,2.1641494e-05
BANK_001,SCN_0495,Healthy,Healthy,0.99986017,0.00013785389,1.9359625e-06
BANK_002,SCN_0495,Healthy,Healthy,0.99724495,0.002750783,4.3103846e-06
BANK_003,SCN_0495,Healthy,Healthy,0.9960634,0.0039324258,4.1157828e-06
BANK_004,SCN_0495,Healthy,Healthy,0.9990243,0.00097467314,1.0265977e-06
BANK_005,SCN_0495,Healthy,Healthy,0.99996877,3.076499e-05,5.0961495e-07
BANK_006,SCN_0495,Stressed,Stressed,0.001096453,0.99889344,1.0139218e-05
BANK_007,SCN_0495,Healthy,Healthy,0.9999677,3.1528816e-05,8.239004e-07
BANK_008,SCN_0495,Healthy,Healthy,0.9176903,0.08226305,4.6660076e-05
BANK_009,SCN_0495,Healthy,Healthy,0.99874496,0.0012515192,3.4695477e-06
BANK_010,SCN_0495,Stressed,Stressed,0.47321698,0.5263711,0.00041189234
BANK_011,SCN_0495,Healthy,Healthy,0.9998673,0.0001319334,7.6909254e-07
BANK_012,SCN_0495,Healthy,Healthy,0.9999734,2.6015801e-05,5.406616e-07
BANK_013,SCN_0495,Critical,Critical,5.5760567e-05,0.000581633,0.99936265
BANK_014,SCN_0495,Stressed,Healthy,0.94960463,0.050299622,9.569045e-05
BANK_015,SCN_0495,Stressed,Stressed,0.00037867643,0.9986767,0.000944602
BANK_016,SCN_0495,Healthy,Healthy,0.9999827,1.6976512e-05,2.6023238e-07
BANK_017,SCN_0495,Stressed,Stressed,0.124749325,0.8747505,0.00050020986
BANK_018,SCN_0495,Healthy,Healthy,0.9995869,0.00041219295,9.3879555e-07
BANK_019,SCN_0495,Critical,Critical,0.00011487637,0.0006655694,0.99921954
BANK_020,SCN_0495,Stressed,Stressed,0.0005450644,0.9630043,0.036450673
BANK_021,SCN_0495,Stressed,Stressed,0.0045495722,0.9947819,0.00066845847
BANK_022,SCN_0495,Stressed,Stressed,0.0009055663,0.73761463,0.26147982
BANK_023,SCN_0495,Healthy,Healthy,0.9998741,0.00012477572,1.1080226e-06
BANK_024,SCN_0495,Healthy,Healthy,0.99705875,0.0029330193,8.304785e-06
BANK_025,SCN_0495,Healthy,Healthy,0.9403393,0.059622556,3.8174952e-05
BANK_026,SCN_0495,Healthy,Healthy,0.99913776,0.00085942954,2.8170296e-06
BANK_027,SCN_0495,Healthy,Healthy,0.9985322,0.0014648623,2.95569e-06
BANK_028,SCN_0495,Stressed,Stressed,0.005561465,0.99366754,0.0007709442
BANK_029,SCN_0495,Stressed,Stressed,0.1435586,0.85600257,0.00043881926
BANK_030,SCN_0495,Critical,Critical,0.00012900626,0.00069486094,0.9991761
BANK_031,SCN_0495,Healthy,Healthy,0.99997044,2.917193e-05,3.9164814e-07
BANK_032,SCN_0495,Healthy,Healthy,0.9997985,0.0002003761,1.1105941e-06
BANK_033,SCN_0495,Stressed,Stressed,0.11508779,0.8835742,0.001338088
BANK_034,SCN_0495,Healthy,Healthy,0.9901434,0.009836826,1.9728257e-05
BANK_035,SCN_0495,Healthy,Healthy,0.99996674,3.276743e-05,4.4740167e-07
BANK_036,SCN_0495,Healthy,Healthy,0.99945635,0.0005421327,1.5559551e-06
BANK_037,SCN_0495,Stressed,Healthy,0.8064767,0.19320382,0.00031943922
BANK_038,SCN_0495,Healthy,Healthy,0.996979,0.0030154185,5.619583e-06
BANK_039,SCN_0495,Healthy,Healthy,0.99992895,7.0101414e-05,9.1076595e-07
BANK_040,SCN_0495,Healthy,Healthy,0.9997634,0.00023504536,1.4808045e-06
BANK_001,SCN_0496,Healthy,Healthy,0.9314981,0.06835614,0.00014571156
BANK_002,SCN_0496,Stressed,Stressed,0.3135717,0.6824331,0.003995148
BANK_003,SCN_0496,Critical,Stressed,0.16672204,0.798826,0.034452
BANK_004,SCN_0496,Healthy,Healthy,0.5405962,0.4590841,0.00031971413
BANK_005,SCN_0496,Healthy,Healthy,0.9995616,0.000422215,1.6171552e-05
BANK_006,SCN_0496,Stressed,Stressed,0.0001121368,0.99937254,0.00051536114
BANK_007,SCN_0496,Healthy,Healthy,0.99912935,0.0008431227,2.7573571e-05
BANK_008,SCN_0496,Stressed,Stressed,0.00054051634,0.99064773,0.0088117
BANK_009,SCN_0496,Stressed,Stressed,0.43493578,0.564792,0.00027227242
BANK_010,SCN_0496,Stressed,Stressed,0.00640421,0.8438685,0.14972726
BANK_011,SCN_0496,Healthy,Healthy,0.8337121,0.16616552,0.00012237944
BANK_012,SCN_0496,Healthy,Healthy,0.9996673,0.0003192833,1.3491916e-05
BANK_013,SCN_0496,Critical,Critical,9.348908e-06,0.0002741992,0.99971646
BANK_014,SCN_0496,Stressed,Stressed,0.004842372,0.7732427,0.22191493
BANK_015,SCN_0496,Critical,Critical,8.349291e-05,0.12875666,0.87115985
BANK_016,SCN_0496,Healthy,Healthy,0.9995347,0.0004540766,1.123172e-05
BANK_017,SCN_0496,Stressed,Critical,0.0037644708,0.2080594,0.7881761
BANK_018,SCN_0496,Stressed,Stressed,0.001673542,0.99823135,9.5187315e-05
BANK_019,SCN_0496,Critical,Critical,2.9842224e-05,0.00045650196,0.9995136
BANK_020,SCN_0496,Critical,Critical,8.4230174e-05,0.01661693,0.98329884
BANK_021,SCN_0496,Critical,Critical,0.0006441587,0.29173672,0.70761913
BANK_022,SCN_0496,Critical,Critical,0.0001472976,0.028426517,0.9714262
BANK_023,SCN_0496,Stressed,Stressed,0.058932297,0.94086915,0.00019851333
BANK_024,SCN_0496,Stressed,Stressed,0.0010471625,0.99774534,0.0012074244
BANK_025,SCN_0496,Stressed,Stressed,0.130864,0.8083614,0.060774606
BANK_026,SCN_0496,Stressed,Healthy,0.5459414,0.45380214,0.0002564288
BANK_027,SCN_0496,Stressed,Stressed,0.28723276,0.7076557,0.005111559
BANK_028,SCN_0496,Critical,Critical,0.00026486313,0.31724313,0.682492
BANK_029,SCN_0496,Stressed,Critical,0.000945479,0.42040756,0.57864696
BANK_030,SCN_0496,Critical,Critical,1.2899088e-05,0.00032445116,0.99966264
BANK_031,SCN_0496,Healthy,Healthy,0.9994288,0.0005520093,1.9173938e-05
BANK_032,SCN_0496,Stressed,Stressed,0.12191206,0.8778432,0.0002447955
BANK_033,SCN_0496,Stressed,Critical,0.0015918768,0.42464444,0.57376367
BANK_034,SCN_0496,Critical,Stressed,0.0096491175,0.9005421,0.08980883
BANK_035,SCN_0496,Healthy,Healthy,0.99935716,0.0006227841,2.0000887e-05
BANK_036,SCN_0496,Stressed,Stressed,0.49892905,0.500766,0.00030495517
BANK_037,SCN_0496,Stressed,Stressed,0.029991526,0.7192656,0.25074294
BANK_038,SCN_0496,Stressed,Stressed,0.0028085911,0.9904923,0.0066990918
BANK_039,SCN_0496,Healthy,Healthy,0.97405404,0.025808742,0.00013715404
BANK_040,SCN_0496,Healthy,Healthy,0.82284486,0.17693315,0.0002219686
BANK_001,SCN_0498,Healthy,Healthy,0.87646425,0.123260066,0.00027563487
BANK_002,SCN_0498,Stressed,Stressed,0.23594958,0.75282085,0.011229627
BANK_003,SCN_0498,Healthy,Stressed,0.08448379,0.81132317,0.10419307
BANK_004,SCN_0498,Healthy,Healthy,0.5205968,0.4789492,0.00045406172
BANK_005,SCN_0498,Healthy,Healthy,0.9995702,0.00040749705,2.2331304e-05
BANK_006,SCN_0498,Stressed,Stressed,9.213611e-05,0.99742967,0.002478207
BANK_007,SCN_0498,Healthy,Healthy,0.99936086,0.0006076959,3.142757e-05
BANK_008,SCN_0498,Stressed,Stressed,0.00039444596,0.9588631,0.040742517
BANK_009,SCN_0498,Stressed,Stressed,0.45267794,0.5467379,0.00058417005
BANK_010,SCN_0498,Critical,Stressed,0.0026664438,0.5655952,0.43173835
BANK_011,SCN_0498,Healthy,Healthy,0.69291586,0.30678242,0.00030166577
BANK_012,SCN_0498,Healthy,Healthy,0.99936336,0.00060846726,2.8200435e-05
BANK_013,SCN_0498,Critical,Critical,4.5004494e-06,0.00014483451,0.99985063
BANK_014,SCN_0498,Stressed,Stressed,0.0018965855,0.7265975,0.27150595
BANK_015,SCN_0498,Critical,Critical,4.1129195e-05,0.12963395,0.87032497
BANK_016,SCN_0498,Healthy,Healthy,0.9996507,0.00033412283,1.5216656e-05
BANK_017,SCN_0498,Critical,Stressed,0.002053935,0.57298285,0.4249632
BANK_018,SCN_0498,Stressed,Stressed,0.0008337672,0.9990243,0.00014198548
BANK_019,SCN_0498,Critical,Critical,1.23705195e-05,0.00019136818,0.99979633
BANK_020,SCN_0498,Critical,Critical,2.1739648e-05,0.003392304,0.99658597
BANK_021,SCN_0498,Critical,Critical,0.00038121274,0.43844736,0.5611714
BANK_022,SCN_0498,Critical,Critical,3.8952156e-05,0.0056754323,0.99428564
BANK_023,SCN_0498,Stressed,Stressed,0.0074268538,0.99239093,0.00018226507
BANK_024,SCN_0498,Stressed,Stressed,0.00087550934,0.9923954,0.0067291525
BANK_025,SCN_0498,Stressed,Stressed,0.09779421,0.7651332,0.13707264
BANK_026,SCN_0498,Stressed,Healthy,0.5565702,0.44288075,0.0005490984
BANK_027,SCN_0498,Stressed,Stressed,0.20837085,0.78028864,0.0113404775
BANK_028,SCN_0498,Critical,Critical,0.00016668616,0.15063165,0.8492017
BANK_029,SCN_0498,Critical,Critical,0.00041944598,0.23683833,0.7627422
BANK_030,SCN_0498,Critical,Critical,4.464477e-06,0.00016679797,0.9998287
BANK_031,SCN_0498,Healthy,Healthy,0.99924845,0.0007134747,3.7993726e-05
BANK_032,SCN_0498,Stressed,Stressed,0.008506163,0.99121034,0.00028355932
BANK_033,SCN_0498,Critical,Critical,0.00074505236,0.24301186,0.7562431
BANK_034,SCN_0498,Stressed,Stressed,0.0040283985,0.8908711,0.10510046
BANK_035,SCN_0498,Healthy,Healthy,0.99918956,0.0007728324,3.761708e-05
BANK_036,SCN_0498,Healthy,Stressed,0.33899122,0.6603871,0.0006216741
BANK_037,SCN_0498,Stressed,Stressed,0.019950548,0.50440145,0.47564802
BANK_038,SCN_0498,Stressed,Stressed,0.0019240626,0.9487781,0.04929792
BANK_039,SCN_0498,Healthy,Healthy,0.98748606,0.012363745,0.00015027236
BANK_040,SCN_0498,Healthy,Healthy,0.6894002,0.3100896,0.00051023887
